"Kod";"Nazwa";"ogółem;2018;[osoba]";
0201011;"Bolesławiec (1)";498;
0201022;"Bolesławiec (2)";212;
0201032;"Gromadka (2)";93;
0201043;"Nowogrodziec (3)";215;
0201052;"Osiecznica (2)";132;
0201062;"Warta Bolesławiecka (2)";133;
0202011;"Bielawa (1)";398;
0202021;"Dzierżoniów (1)";571;
0202033;"Pieszyce (3)";196;
0202041;"Piława Górna (1)";148;
0202052;"Dzierżoniów (2)";189;
0202062;"Łagiewniki (2)";123;
0202073;"Niemcza (3)";129;
0203011;"Głogów (1)";1774;
0203022;"Głogów (2)";223;
0203032;"Jerzmanowa (2)";123;
0203042;"Kotla (2)";190;
0203052;"Pęcław (2)";129;
0203062;"Żukowice (2)";163;
0204013;"Góra (3)";897;
0204022;"Jemielno (2)";165;
0204032;"Niechlów (2)";240;
0204043;"Wąsosz (3)";369;
0205011;"Jawor (1)";671;
0205023;"Bolków (3)";682;
0205032;"Męcinka (2)";166;
0205042;"Mściwojów (2)";152;
0205052;"Paszowice (2)";138;
0205062;"Wądroże Wielkie (2)";147;
0206011;"Karpacz (1)";105;
0206021;"Kowary (1)";310;
0206031;"Piechowice (1)";125;
0206041;"Szklarska Poręba (1)";153;
0206052;"Janowice Wielkie (2)";174;
0206062;"Jeżów Sudecki (2)";143;
0206072;"Mysłakowice (2)";345;
0206082;"Podgórzyn (2)";229;
0206092;"Stara Kamienica (2)";150;
0207011;"Kamienna Góra (1)";347;
0207022;"Kamienna Góra (2)";174;
0207033;"Lubawka (3)";198;
0207042;"Marciszów (2)";106;
0208011;"Duszniki-Zdrój (1)";138;
0208021;"Kłodzko (1)";836;
0208031;"Kudowa-Zdrój (1)";306;
0208041;"Nowa Ruda (1)";703;
0208051;"Polanica-Zdrój (1)";179;
0208063;"Bystrzyca Kłodzka (3)";853;
0208072;"Kłodzko (2)";598;
0208083;"Lądek-Zdrój (3)";305;
0208092;"Lewin Kłodzki (2)";76;
0208103;"Międzylesie (3)";378;
0208112;"Nowa Ruda (2)";471;
0208123;"Radków (3)";288;
0208133;"Stronie Śląskie (3)";302;
0208143;"Szczytna (3)";284;
0209011;"Chojnów (1)";628;
0209022;"Chojnów (2)";494;
0209032;"Krotoszyce (2)";76;
0209042;"Kunice (2)";143;
0209052;"Legnickie Pole (2)";106;
0209062;"Miłkowice (2)";210;
0209073;"Prochowice (3)";187;
0209082;"Ruja (2)";77;
0210011;"Lubań (1)";332;
0210021;"Świeradów-Zdrój (1)";113;
0210033;"Leśna (3)";331;
0210042;"Lubań (2)";145;
0210053;"Olszyna (3)";180;
0210062;"Platerówka (2)";34;
0210072;"Siekierczyn (2)";99;
0211011;"Lubin (1)";1057;
0211022;"Lubin (2)";259;
0211032;"Rudna (2)";181;
0211043;"Ścinawa (3)";268;
0212013;"Gryfów Śląski (3)";299;
0212023;"Lubomierz (3)";245;
0212033;"Lwówek Śląski (3)";533;
0212043;"Mirsk (3)";401;
0212053;"Wleń (3)";167;
0213012;"Cieszków (2)";156;
0213022;"Krośnice (2)";165;
0213033;"Milicz (3)";573;
0214011;"Oleśnica (1)";494;
0214023;"Bierutów (3)";324;
0214032;"Dobroszyce (2)";80;
0214042;"Dziadowa Kłoda (2)";136;
0214053;"Międzybórz (3)";122;
0214062;"Oleśnica (2)";185;
0214073;"Syców (3)";426;
0214083;"Twardogóra (3)";232;
0215011;"Oława (1)";920;
0215022;"Domaniów (2)";150;
0215033;"Jelcz-Laskowice (3)";464;
0215042;"Oława (2)";496;
0216013;"Chocianów (3)";418;
0216022;"Gaworzyce (2)";97;
0216032;"Grębocice (2)";139;
0216043;"Polkowice (3)";561;
0216053;"Przemków (3)";349;
0216062;"Radwanice (2)";125;
0217012;"Borów (2)";142;
0217022;"Kondratowice (2)";203;
0217032;"Przeworno (2)";197;
0217043;"Strzelin (3)";742;
0217053;"Wiązów (3)";254;
0218012;"Kostomłoty (2)";215;
0218022;"Malczyce (2)";122;
0218032;"Miękinia (2)";295;
0218043;"Środa Śląska (3)";392;
0218052;"Udanin (2)";147;
0219011;"Świdnica (1)";1050;
0219021;"Świebodzice (1)";726;
0219032;"Dobromierz (2)";251;
0219043;"Jaworzyna Śląska (3)";220;
0219052;"Marcinowice (2)";140;
0219063;"Strzegom (3)";740;
0219072;"Świdnica (2)";316;
0219083;"Żarów (3)";184;
0220013;"Oborniki Śląskie (3)";308;
0220023;"Prusice (3)";202;
0220033;"Trzebnica (3)";461;
0220042;"Wisznia Mała (2)";135;
0220052;"Zawonia (2)";136;
0220063;"Żmigród (3)";492;
0221011;"Boguszów-Gorce (1)";656;
0221021;"Jedlina-Zdrój (1)";112;
0221031;"Szczawno-Zdrój (1)";133;
0221042;"Czarny Bór (2)";145;
0221053;"Głuszyca (3)";152;
0221063;"Mieroszów (3)";181;
0221072;"Stare Bogaczowice (2)";117;
0221082;"Walim (2)";221;
0222013;"Brzeg Dolny (3)";405;
0222022;"Wińsko (2)";450;
0222033;"Wołów (3)";1047;
0223012;"Czernica (2)";162;
0223022;"Długołęka (2)";240;
0223032;"Jordanów Śląski (2)";39;
0223043;"Kąty Wrocławskie (3)";214;
0223052;"Kobierzyce (2)";179;
0223062;"Mietków (2)";48;
0223073;"Sobótka (3)";140;
0223083;"Siechnice (3)";191;
0223092;"Żórawina (2)";121;
0224013;"Bardo (3)";179;
0224022;"Ciepłowody (2)";118;
0224032;"Kamieniec Ząbkowicki (2)";289;
0224042;"Stoszowice (2)";270;
0224053;"Ząbkowice Śląskie (3)";772;
0224063;"Ziębice (3)";580;
0224073;"Złoty Stok (3)";208;
0225011;"Zawidów (1)";44;
0225021;"Zgorzelec (1)";428;
0225033;"Bogatynia (3)";309;
0225043;"Pieńsk (3)";200;
0225052;"Sulików (2)";133;
0225063;"Węgliniec (3)";184;
0225072;"Zgorzelec (2)";139;
0226011;"Wojcieszów (1)";183;
0226021;"Złotoryja (1)";548;
0226032;"Pielgrzymka (2)";294;
0226043;"Świerzawa (3)";448;
0226052;"Zagrodno (2)";243;
0226062;"Złotoryja (2)";307;
0261011;"Jelenia Góra (1)";1209;
0262011;"Legnica (1)";2279;
0264011;"Wrocław (1)";7247;
0265011;"Wałbrzych od 2013 (1)";2489;
0401011;"Aleksandrów Kujawski (1)";602;
0401021;"Ciechocinek (1)";420;
0401031;"Nieszawa (1)";128;
0401042;"Aleksandrów Kujawski (2)";594;
0401052;"Bądkowo (2)";132;
0401062;"Koneck (2)";155;
0401072;"Raciążek (2)";140;
0401082;"Waganiec (2)";245;
0401092;"Zakrzewo (2)";148;
0402011;"Brodnica (1)";777;
0402022;"Bobrowo (2)";211;
0402032;"Brodnica (2)";206;
0402042;"Brzozie (2)";111;
0402053;"Górzno (3)";84;
0402062;"Bartniczka (2)";121;
0402073;"Jabłonowo Pomorskie (3)";301;
0402082;"Osiek (2)";128;
0402092;"Świedziebnia (2)";159;
0402102;"Zbiczno (2)";164;
0403012;"Białe Błota (2)";360;
0403022;"Dąbrowa Chełmińska (2)";189;
0403032;"Dobrcz (2)";219;
0403043;"Koronowo (3)";655;
0403052;"Nowa Wieś Wielka (2)";202;
0403062;"Osielsko (2)";230;
0403072;"Sicienko (2)";214;
0403083;"Solec Kujawski (3)";301;
0404011;"Chełmno (1)";838;
0404022;"Chełmno (2)";216;
0404032;"Kijewo Królewskie (2)";170;
0404042;"Lisewo (2)";201;
0404052;"Papowo Biskupie (2)";268;
0404062;"Stolno (2)";254;
0404072;"Unisław (2)";246;
0405011;"Golub-Dobrzyń (1)";651;
0405022;"Ciechocin (2)";135;
0405032;"Golub-Dobrzyń (2)";365;
0405043;"Kowalewo Pomorskie (3)";385;
0405052;"Radomin (2)";145;
0405062;"Zbójno (2)";211;
0406012;"Grudziądz (2)";477;
0406022;"Gruta (2)";296;
0406033;"Łasin (3)";406;
0406043;"Radzyń Chełmiński (3)";249;
0406052;"Rogóźno (2)";218;
0406062;"Świecie nad Osą (2)";263;
0407011;"Inowrocław (1)";3318;
0407022;"Dąbrowa Biskupia (2)";240;
0407033;"Gniewkowo (3)";771;
0407042;"Inowrocław (2)";563;
0407053;"Janikowo (3)";553;
0407063;"Kruszwica (3)";934;
0407073;"Pakość (3)";484;
0407082;"Rojewo (2)";247;
0407092;"Złotniki Kujawskie (2)";471;
0408011;"Lipno (1)";794;
0408022;"Bobrowniki (2)";209;
0408032;"Chrostkowo (2)";134;
0408043;"Dobrzyń nad Wisłą (3)";558;
0408052;"Kikół (2)";441;
0408062;"Lipno (2)";658;
0408073;"Skępe (3)";504;
0408082;"Tłuchowo (2)";229;
0408092;"Wielgie (2)";396;
0409012;"Dąbrowa (2)";192;
0409022;"Jeziora Wielkie (2)";242;
0409033;"Mogilno (3)";912;
0409043;"Strzelno (3)";494;
0410013;"Kcynia (3)";551;
0410023;"Mrocza (3)";434;
0410033;"Nakło nad Notecią (3)";1245;
0410042;"Sadki (2)";302;
0410053;"Szubin (3)";758;
0411011;"Radziejów (1)";352;
0411022;"Bytoń (2)";208;
0411032;"Dobre (2)";436;
0411042;"Osięciny (2)";561;
0411053;"Piotrków Kujawski (3)";583;
0411062;"Radziejów (2)";210;
0411072;"Topólka (2)";274;
0412011;"Rypin (1)";769;
0412022;"Brzuze (2)";233;
0412032;"Rogowo (2)";204;
0412042;"Rypin (2)";285;
0412052;"Skrwilno (2)";240;
0412062;"Wąpielsk (2)";165;
0413013;"Kamień Krajeński (3)";305;
0413023;"Sępólno Krajeńskie (3)";714;
0413032;"Sośno (2)";246;
0413043;"Więcbork (3)";598;
0414012;"Bukowiec (2)";130;
0414022;"Dragacz (2)";198;
0414032;"Drzycim (2)";134;
0414042;"Jeżewo (2)";174;
0414052;"Lniano (2)";105;
0414063;"Nowe (3)";489;
0414072;"Osie (2)";128;
0414082;"Pruszcz (2)";172;
0414093;"Świecie (3)";730;
0414102;"Świekatowo (2)";74;
0414112;"Warlubie (2)";258;
0415011;"Chełmża (1)";692;
0415022;"Chełmża (2)";345;
0415032;"Czernikowo (2)";676;
0415042;"Lubicz (2)";579;
0415052;"Łubianka (2)";164;
0415062;"Łysomice (2)";245;
0415072;"Obrowo (2)";598;
0415082;"Wielka Nieszawka (2)";157;
0415092;"Zławieś Wielka (2)";389;
0416012;"Cekcyn (2)";268;
0416022;"Gostycyn (2)";208;
0416032;"Kęsowo (2)";202;
0416042;"Lubiewo (2)";205;
0416052;"Śliwice (2)";206;
0416063;"Tuchola (3)";914;
0417011;"Wąbrzeźno (1)";625;
0417022;"Dębowa Łąka (2)";156;
0417032;"Książki (2)";163;
0417042;"Płużnica (2)";214;
0417052;"Ryńsk (2)";417;
0418011;"Kowal (1)";179;
0418022;"Baruchowo (2)";182;
0418032;"Boniewo (2)";290;
0418043;"Brześć Kujawski (3)";647;
0418052;"Choceń (2)";571;
0418063;"Chodecz (3)";432;
0418072;"Fabianki (2)";463;
0418083;"Izbica Kujawska (3)";454;
0418092;"Kowal (2)";166;
0418102;"Lubanie (2)";202;
0418113;"Lubień Kujawski (3)";533;
0418123;"Lubraniec (3)";650;
0418132;"Włocławek (2)";410;
0419013;"Barcin (3)";567;
0419022;"Gąsawa (2)";249;
0419033;"Janowiec Wielkopolski (3)";383;
0419043;"Łabiszyn (3)";406;
0419052;"Rogowo (2)";266;
0419063;"Żnin (3)";757;
0461011;"Bydgoszcz (1)";5982;
0462011;"Grudziądz (1)";3233;
0463011;"Toruń (1)";4463;
0464011;"Włocławek (1)";4948;
0601011;"Międzyrzec Podlaski (1)";837;
0601021;"Terespol (1)";187;
0601032;"Biała Podlaska (2)";557;
0601042;"Drelów (2)";187;
0601052;"Janów Podlaski (2)";250;
0601062;"Kodeń (2)";131;
0601072;"Konstantynów (2)";184;
0601082;"Leśna Podlaska (2)";167;
0601092;"Łomazy (2)";147;
0601102;"Międzyrzec Podlaski (2)";372;
0601112;"Piszczac (2)";294;
0601122;"Rokitno (2)";127;
0601132;"Rossosz (2)";89;
0601142;"Sławatycze (2)";113;
0601152;"Sosnówka (2)";68;
0601162;"Terespol (2)";227;
0601172;"Tuczna (2)";101;
0601182;"Wisznice (2)";215;
0601192;"Zalesie (2)";189;
0602011;"Biłgoraj (1)";662;
0602022;"Aleksandrów (2)";88;
0602032;"Biłgoraj (2)";365;
0602042;"Biszcza (2)";89;
0602053;"Frampol (3)";143;
0602062;"Goraj (2)";82;
0602073;"Józefów (3)";188;
0602082;"Księżpol (2)";160;
0602092;"Łukowa (2)";63;
0602102;"Obsza (2)";73;
0602112;"Potok Górny (2)";108;
0602123;"Tarnogród (3)";133;
0602132;"Tereszpol (2)";101;
0602142;"Turobin (2)";125;
0603011;"Rejowiec Fabryczny (1)";220;
0603022;"Białopole (2)";177;
0603032;"Chełm (2)";573;
0603042;"Dorohusk (2)";413;
0603052;"Dubienka (2)";122;
0603062;"Kamień (2)";212;
0603072;"Leśniowice (2)";203;
0603082;"Rejowiec Fabryczny (2)";283;
0603092;"Ruda-Huta (2)";267;
0603102;"Sawin (2)";252;
0603113;"Siedliszcze (3)";329;
0603122;"Wierzbica (2)";268;
0603132;"Wojsławice (2)";188;
0603142;"Żmudź (2)";156;
0603153;"Rejowiec (3)";408;
0604011;"Hrubieszów (1)";921;
0604022;"Dołhobyczów (2)";338;
0604032;"Horodło (2)";400;
0604042;"Hrubieszów (2)";631;
0604052;"Mircze (2)";308;
0604062;"Trzeszczany (2)";251;
0604072;"Uchanie (2)";225;
0604082;"Werbkowice (2)";490;
0605012;"Batorz (2)";114;
0605022;"Chrzanów (2)";81;
0605032;"Dzwola (2)";336;
0605042;"Godziszów (2)";210;
0605053;"Janów Lubelski (3)";773;
0605063;"Modliborzyce (3)";326;
0605072;"Potok Wielki (2)";179;
0606011;"Krasnystaw (1)";823;
0606022;"Fajsławice (2)";175;
0606032;"Gorzków (2)";155;
0606042;"Izbica (2)";561;
0606052;"Krasnystaw (2)";478;
0606062;"Kraśniczyn (2)";226;
0606072;"Łopiennik Górny (2)";205;
0606092;"Rudnik (2)";189;
0606102;"Siennica Różana (2)";217;
0606112;"Żółkiewka (2)";270;
0607011;"Kraśnik (1)";1404;
0607023;"Annopol (3)";536;
0607032;"Dzierzkowice (2)";266;
0607042;"Gościeradów (2)";412;
0607052;"Kraśnik (2)";499;
0607062;"Szastarka (2)";237;
0607072;"Trzydnik Duży (2)";240;
0607083;"Urzędów (3)";379;
0607092;"Wilkołaz (2)";177;
0607102;"Zakrzówek (2)";262;
0608011;"Lubartów (1)";886;
0608022;"Abramów (2)";115;
0608032;"Firlej (2)";335;
0608042;"Jeziorzany (2)";146;
0608052;"Kamionka (2)";264;
0608063;"Kock (3)";440;
0608072;"Lubartów (2)";461;
0608082;"Michów (2)";311;
0608092;"Niedźwiada (2)";315;
0608103;"Ostrów Lubelski (3)";175;
0608112;"Ostrówek (2)";180;
0608122;"Serniki (2)";203;
0608132;"Uścimów (2)";145;
0609013;"Bełżyce (3)";455;
0609022;"Borzechów (2)";112;
0609033;"Bychawa (3)";347;
0609042;"Garbów (2)";150;
0609052;"Głusk (2)";150;
0609062;"Jabłonna (2)";223;
0609072;"Jastków (2)";226;
0609082;"Konopnica (2)";192;
0609092;"Krzczonów (2)";124;
0609102;"Niedrzwica Duża (2)";393;
0609112;"Niemce (2)";326;
0609122;"Strzyżewice (2)";234;
0609132;"Wojciechów (2)";222;
0609142;"Wólka (2)";189;
0609152;"Wysokie (2)";155;
0609162;"Zakrzew (2)";105;
0610012;"Cyców (2)";204;
0610022;"Ludwin (2)";163;
0610033;"Łęczna (3)";552;
0610042;"Milejów (2)";239;
0610052;"Puchaczów (2)";130;
0610062;"Spiczyn (2)";158;
0611011;"Łuków (1)";598;
0611021;"Stoczek Łukowski (1)";51;
0611032;"Adamów (2)";102;
0611042;"Krzywda (2)";229;
0611052;"Łuków (2)";364;
0611062;"Serokomla (2)";77;
0611072;"Stanin (2)";180;
0611082;"Stoczek Łukowski (2)";116;
0611092;"Trzebieszów (2)";102;
0611102;"Wojcieszków (2)";142;
0611112;"Wola Mysłowska (2)";76;
0612012;"Chodel (2)";218;
0612023;"Józefów nad Wisłą (3)";295;
0612032;"Karczmiska (2)";242;
0612042;"Łaziska (2)";183;
0612053;"Opole Lubelskie (3)";676;
0612063;"Poniatowa (3)";702;
0612072;"Wilków (2)";152;
0613012;"Dębowa Kłoda (2)";153;
0613022;"Jabłoń (2)";102;
0613032;"Milanów (2)";125;
0613043;"Parczew (3)";370;
0613052;"Podedwórze (2)";50;
0613062;"Siemień (2)";124;
0613072;"Sosnowica (2)";108;
0614011;"Puławy (1)";1265;
0614022;"Baranów (2)";99;
0614032;"Janowiec (2)";100;
0614043;"Kazimierz Dolny (3)";187;
0614052;"Końskowola (2)";232;
0614062;"Kurów (2)";245;
0614072;"Markuszów (2)";88;
0614083;"Nałęczów (3)";264;
0614092;"Puławy (2)";313;
0614102;"Wąwolnica (2)";134;
0614112;"Żyrzyn (2)";144;
0615011;"Radzyń Podlaski (1)";478;
0615022;"Borki (2)";175;
0615032;"Czemierniki (2)";147;
0615042;"Kąkolewnica (2)";206;
0615052;"Komarówka Podlaska (2)";119;
0615062;"Radzyń Podlaski (2)";255;
0615072;"Ulan-Majorat (2)";171;
0615082;"Wohyń (2)";220;
0616011;"Dęblin (1)";492;
0616022;"Kłoczew (2)";193;
0616032;"Nowodwór (2)";126;
0616043;"Ryki (3)";705;
0616052;"Stężyca (2)";142;
0616062;"Ułęż (2)";129;
0617011;"Świdnik (1)";1185;
0617022;"Mełgiew (2)";311;
0617033;"Piaski (3)";409;
0617042;"Rybczewice (2)";109;
0617052;"Trawniki (2)";400;
0618011;"Tomaszów Lubelski (1)";452;
0618022;"Bełżec (2)";106;
0618032;"Jarczów (2)";90;
0618042;"Krynice (2)";65;
0618053;"Lubycza Królewska (3)";327;
0618063;"Łaszczów (3)";139;
0618072;"Rachanie (2)";186;
0618082;"Susiec (2)";210;
0618092;"Tarnawatka (2)";143;
0618102;"Telatyn (2)";119;
0618112;"Tomaszów Lubelski (2)";311;
0618123;"Tyszowce (3)";105;
0618132;"Ulhówek (2)";204;
0619011;"Włodawa (1)";665;
0619022;"Hanna (2)";143;
0619032;"Hańsk (2)";212;
0619042;"Stary Brus (2)";167;
0619052;"Urszulin (2)";183;
0619062;"Włodawa (2)";422;
0619072;"Wola Uhruska (2)";269;
0619082;"Wyryki (2)";168;
0620012;"Adamów (2)";168;
0620022;"Grabowiec (2)";194;
0620032;"Komarów-Osada (2)";232;
0620043;"Krasnobród (3)";321;
0620052;"Łabunie (2)";249;
0620062;"Miączyn (2)";239;
0620072;"Nielisz (2)";180;
0620082;"Radecznica (2)";133;
0620092;"Sitno (2)";264;
0620102;"Skierbieszów (2)";183;
0620112;"Stary Zamość (2)";198;
0620122;"Sułów (2)";188;
0620133;"Szczebrzeszyn (3)";452;
0620142;"Zamość (2)";777;
0620153;"Zwierzyniec (3)";250;
0661011;"Biała Podlaska (1)";2475;
0662011;"Chełm (1)";2613;
0663011;"Lublin (1)";10050;
0664011;"Zamość (1)";2805;
0801011;"Kostrzyn nad Odrą (1)";148;
0801022;"Bogdaniec (2)";68;
0801032;"Deszczno (2)";121;
0801042;"Kłodawa (2)";85;
0801052;"Lubiszyn (2)";147;
0801062;"Santok (2)";209;
0801073;"Witnica (3)";340;
0802011;"Gubin (1)";571;
0802022;"Bobrowice (2)";69;
0802032;"Bytnica (2)";64;
0802042;"Dąbie (2)";158;
0802052;"Gubin (2)";323;
0802063;"Krosno Odrzańskie (3)";372;
0802072;"Maszewo (2)";62;
0803012;"Bledzew (2)";257;
0803023;"Międzyrzecz (3)";944;
0803032;"Przytoczna (2)";283;
0803042;"Pszczew (2)";182;
0803053;"Skwierzyna (3)";567;
0803063;"Trzciel (3)";229;
0804011;"Nowa Sól (1)";879;
0804023;"Bytom Odrzański (3)";113;
0804032;"Kolsko (2)";111;
0804043;"Kożuchów (3)";556;
0804052;"Nowa Sól (2)";207;
0804063;"Nowe Miasteczko (3)";190;
0804073;"Otyń (3)";161;
0804082;"Siedlisko (2)";117;
0805013;"Cybinka (3)";98;
0805022;"Górzyca (2)";43;
0805033;"Ośno Lubuskie (3)";65;
0805043;"Rzepin (3)";67;
0805053;"Słubice (3)";140;
0806013;"Dobiegniew (3)";465;
0806023;"Drezdenko (3)";628;
0806032;"Stare Kurowo (2)";157;
0806043;"Strzelce Krajeńskie (3)";541;
0806052;"Zwierzyn (2)";111;
0807012;"Krzeszyce (2)";103;
0807023;"Lubniewice (3)";88;
0807032;"Słońsk (2)";68;
0807043;"Sulęcin (3)";335;
0807053;"Torzym (3)";146;
0808012;"Lubrza (2)";90;
0808022;"Łagów (2)";137;
0808032;"Skąpe (2)";107;
0808042;"Szczaniec (2)";72;
0808053;"Świebodzin (3)";613;
0808063;"Zbąszynek (3)";90;
0809013;"Babimost (3)";77;
0809022;"Bojadła (2)";83;
0809033;"Czerwieńsk (3)";248;
0809043;"Kargowa (3)";131;
0809053;"Nowogród Bobrzański (3)";248;
0809063;"Sulechów (3)";602;
0809072;"Świdnica (2)";126;
0809082;"Trzebiechów (2)";111;
0809092;"Zabór (2)";96;
0810011;"Gozdnica (1)";64;
0810021;"Żagań (1)";398;
0810032;"Brzeźnica (2)";103;
0810043;"Iłowa (3)";138;
0810053;"Małomice (3)";170;
0810062;"Niegosławice (2)";213;
0810073;"Szprotawa (3)";662;
0810082;"Wymiarki (2)";57;
0810092;"Żagań (2)";152;
0811011;"Łęknica (1)";25;
0811021;"Żary (1)";404;
0811032;"Brody (2)";154;
0811043;"Jasień (3)";246;
0811052;"Lipinki Łużyckie (2)";53;
0811063;"Lubsko (3)";646;
0811072;"Przewóz (2)";58;
0811082;"Trzebiel (2)";84;
0811092;"Tuplice (2)";115;
0811102;"Żary (2)";158;
0812013;"Sława (3)";299;
0812023;"Szlichtyngowa (3)";189;
0812033;"Wschowa (3)";631;
0861011;"Gorzów Wielkopolski (1)";1482;
0862011;"Zielona Góra (1)";2281;
1001011;"Bełchatów (1)";1438;
1001022;"Bełchatów (2)";266;
1001032;"Drużbice (2)";115;
1001042;"Kleszczów (2)";81;
1001052;"Kluki (2)";108;
1001062;"Rusiec (2)";103;
1001072;"Szczerców (2)";209;
1001083;"Zelów (3)";727;
1002011;"Kutno (1)";1337;
1002022;"Bedlno (2)";151;
1002032;"Dąbrowice (2)";72;
1002043;"Krośniewice (3)";434;
1002052;"Krzyżanów (2)";195;
1002062;"Kutno (2)";330;
1002072;"Łanięta (2)";135;
1002082;"Nowe Ostrowy (2)";185;
1002092;"Oporów (2)";96;
1002102;"Strzelce (2)";152;
1002113;"Żychlin (3)";584;
1003012;"Buczek (2)";157;
1003023;"Łask (3)";791;
1003032;"Sędziejowice (2)";177;
1003042;"Widawa (2)";264;
1003052;"Wodzierady (2)";64;
1004011;"Łęczyca (1)";645;
1004022;"Daszyna (2)";117;
1004032;"Góra Świętej Małgorzaty (2)";66;
1004042;"Grabów (2)";134;
1004052;"Łęczyca (2)";225;
1004062;"Piątek (2)";134;
1004072;"Świnice Warckie (2)";108;
1004082;"Witonia (2)";103;
1005011;"Łowicz (1)";825;
1005022;"Bielawy (2)";118;
1005032;"Chąśno (2)";64;
1005042;"Domaniewice (2)";87;
1005052;"Kiernozia (2)";63;
1005062;"Kocierzew Południowy (2)";60;
1005072;"Łowicz (2)";161;
1005082;"Łyszkowice (2)";150;
1005092;"Nieborów (2)";194;
1005102;"Zduny (2)";96;
1006022;"Andrespol (2)";399;
1006032;"Brójce (2)";132;
1006073;"Koluszki (3)";736;
1006082;"Nowosolna (2)";104;
1006103;"Rzgów (3)";252;
1006113;"Tuszyn (3)";361;
1007012;"Białaczów (2)";210;
1007023;"Drzewica (3)";266;
1007032;"Mniszków (2)";89;
1007043;"Opoczno (3)";790;
1007052;"Paradyż (2)";82;
1007062;"Poświętne (2)";42;
1007072;"Sławno (2)";147;
1007082;"Żarnów (2)";135;
1008011;"Konstantynów Łódzki (1)";525;
1008021;"Pabianice (1)";1868;
1008032;"Dłutów (2)";88;
1008042;"Dobroń (2)";150;
1008052;"Ksawerów (2)";152;
1008062;"Lutomiersk (2)";256;
1008072;"Pabianice (2)";135;
1009013;"Działoszyn (3)";261;
1009022;"Kiełczygłów (2)";100;
1009032;"Nowa Brzeźnica (2)";167;
1009043;"Pajęczno (3)";392;
1009052;"Rząśnia (2)";212;
1009062;"Siemkowice (2)";116;
1009072;"Strzelce Wielkie (2)";135;
1009082;"Sulmierzyce (2)";147;
1010012;"Aleksandrów (2)";93;
1010022;"Czarnocin (2)";45;
1010032;"Gorzkowice (2)";162;
1010042;"Grabica (2)";85;
1010052;"Łęki Szlacheckie (2)";67;
1010062;"Moszczenica (2)";249;
1010072;"Ręczno (2)";74;
1010082;"Rozprza (2)";227;
1010093;"Sulejów (3)";462;
1010102;"Wola Krzysztoporska (2)";241;
1010113;"Wolbórz (3)";146;
1011012;"Dalików (2)";89;
1011022;"Pęczniew (2)";122;
1011033;"Poddębice (3)";445;
1011043;"Uniejów (3)";189;
1011052;"Wartkowice (2)";154;
1011062;"Zadzim (2)";143;
1012011;"Radomsko (1)";1080;
1012022;"Dobryszyce (2)";81;
1012032;"Gidle (2)";135;
1012042;"Gomunice (2)";149;
1012053;"Kamieńsk (3)";115;
1012062;"Kobiele Wielkie (2)";85;
1012072;"Kodrąb (2)";82;
1012082;"Lgota Wielka (2)";78;
1012092;"Ładzice (2)";100;
1012102;"Masłowice (2)";144;
1012113;"Przedbórz (3)";326;
1012122;"Radomsko (2)";125;
1012132;"Wielgomłyny (2)";83;
1012142;"Żytno (2)";119;
1013011;"Rawa Mazowiecka (1)";348;
1013023;"Biała Rawska (3)";179;
1013032;"Cielądz (2)";66;
1013042;"Rawa Mazowiecka (2)";151;
1013052;"Regnów (2)";13;
1013062;"Sadkowice (2)";66;
1014011;"Sieradz (1)";1273;
1014023;"Błaszki (3)";313;
1014032;"Brąszewice (2)";109;
1014042;"Brzeźnio (2)";145;
1014052;"Burzenin (2)";200;
1014062;"Goszczanów (2)";123;
1014072;"Klonowa (2)";42;
1014082;"Sieradz (2)";274;
1014093;"Warta (3)";354;
1014102;"Wróblew (2)";146;
1014113;"Złoczew (3)";222;
1015012;"Bolimów (2)";51;
1015022;"Głuchów (2)";67;
1015032;"Godzianów (2)";32;
1015042;"Kowiesy (2)";50;
1015052;"Lipce Reymontowskie (2)";47;
1015062;"Maków (2)";115;
1015072;"Nowy Kawęczyn (2)";49;
1015082;"Skierniewice (2)";168;
1015092;"Słupia (2)";31;
1016011;"Tomaszów Mazowiecki (1)";2158;
1016022;"Będków (2)";69;
1016032;"Budziszewice (2)";60;
1016042;"Czerniewice (2)";142;
1016052;"Inowłódz (2)";123;
1016062;"Lubochnia (2)";228;
1016072;"Rokiciny (2)";132;
1016082;"Rzeczyca (2)";95;
1016092;"Tomaszów Mazowiecki (2)";314;
1016102;"Ujazd (2)";214;
1016112;"Żelechlinek (2)";89;
1017012;"Biała (2)";150;
1017022;"Czarnożyły (2)";106;
1017032;"Konopnica (2)";113;
1017042;"Mokrsko (2)";108;
1017052;"Osjaków (2)";124;
1017062;"Ostrówek (2)";115;
1017072;"Pątnów (2)";144;
1017082;"Skomlin (2)";99;
1017093;"Wieluń (3)";1030;
1017102;"Wierzchlas (2)";194;
1018012;"Bolesławiec (2)";81;
1018022;"Czastary (2)";67;
1018032;"Galewice (2)";146;
1018042;"Lututów (2)";82;
1018052;"Łubnice (2)";41;
1018062;"Sokolniki (2)";89;
1018073;"Wieruszów (3)";347;
1019011;"Zduńska Wola (1)";1263;
1019023;"Szadek (3)";149;
1019032;"Zapolice (2)";143;
1019042;"Zduńska Wola (2)";292;
1020011;"Głowno (1)";534;
1020021;"Ozorków (1)";679;
1020031;"Zgierz (1)";1368;
1020043;"Aleksandrów Łódzki (3)";743;
1020052;"Głowno (2)";109;
1020062;"Ozorków (2)";205;
1020072;"Parzęczew (2)";159;
1020083;"Stryków (3)";236;
1020092;"Zgierz (2)";259;
1021011;"Brzeziny (1)";392;
1021022;"Brzeziny (2)";121;
1021032;"Dmosin (2)";121;
1021042;"Jeżów (2)";64;
1021052;"Rogów (2)";102;
1061011;"Łódź (1)";19251;
1062011;"Piotrków Trybunalski (1)";1905;
1063011;"Skierniewice (1)";982;
1201011;"Bochnia (1)";585;
1201022;"Bochnia (2)";365;
1201032;"Drwinia (2)";86;
1201042;"Lipnica Murowana (2)";104;
1201052;"Łapanów (2)";136;
1201063;"Nowy Wiśnicz (3)";215;
1201072;"Rzezawa (2)";232;
1201082;"Trzciana (2)";63;
1201092;"Żegocina (2)";77;
1202012;"Borzęcin (2)";190;
1202023;"Brzesko (3)";902;
1202033;"Czchów (3)";164;
1202042;"Dębno (2)";281;
1202052;"Gnojnik (2)";142;
1202062;"Iwkowa (2)";69;
1202072;"Szczurowa (2)";164;
1203013;"Alwernia (3)";265;
1203022;"Babice (2)";204;
1203033;"Chrzanów (3)";1377;
1203043;"Libiąż (3)";504;
1203053;"Trzebinia (3)";953;
1204012;"Bolesław (2)";73;
1204023;"Dąbrowa Tarnowska (3)";880;
1204032;"Gręboszów (2)";94;
1204042;"Mędrzechów (2)";169;
1204052;"Olesno (2)";350;
1204062;"Radgoszcz (2)";333;
1204073;"Szczucin (3)";651;
1205011;"Gorlice (1)";741;
1205023;"Biecz (3)";408;
1205033;"Bobowa (3)";144;
1205042;"Gorlice (2)";407;
1205052;"Lipinki (2)";154;
1205062;"Łużna (2)";177;
1205072;"Moszczenica (2)";102;
1205082;"Ropa (2)";91;
1205092;"Sękowa (2)";139;
1205102;"Uście Gorlickie (2)";115;
1206012;"Czernichów (2)";237;
1206022;"Igołomia-Wawrzeńczyce (2)";70;
1206032;"Iwanowice (2)";129;
1206042;"Jerzmanowice-Przeginia (2)";184;
1206052;"Kocmyrzów-Luborzyca (2)";217;
1206063;"Krzeszowice (3)";738;
1206072;"Liszki (2)";251;
1206082;"Michałowice (2)";127;
1206092;"Mogilany (2)";252;
1206103;"Skała (3)";161;
1206113;"Skawina (3)";793;
1206123;"Słomniki (3)";295;
1206132;"Sułoszowa (2)";76;
1206143;"Świątniki Górne (3)";184;
1206152;"Wielka Wieś (2)";144;
1206162;"Zabierzów (2)";431;
1206172;"Zielonki (2)";230;
1207011;"Limanowa (1)";474;
1207021;"Mszana Dolna (1)";280;
1207032;"Dobra (2)";326;
1207042;"Jodłownik (2)";246;
1207052;"Kamienica (2)";296;
1207062;"Laskowa (2)";187;
1207072;"Limanowa (2)";789;
1207082;"Łukowica (2)";362;
1207092;"Mszana Dolna (2)";589;
1207102;"Niedźwiedź (2)";234;
1207112;"Słopnice (2)";206;
1207122;"Tymbark (2)";209;
1208012;"Charsznica (2)";172;
1208022;"Gołcza (2)";116;
1208032;"Kozłów (2)";112;
1208042;"Książ Wielki (2)";90;
1208053;"Miechów (3)";370;
1208062;"Racławice (2)";32;
1208072;"Słaboszów (2)";53;
1209013;"Dobczyce (3)";157;
1209022;"Lubień (2)";106;
1209033;"Myślenice (3)";474;
1209042;"Pcim (2)";124;
1209052;"Raciechowice (2)";37;
1209062;"Siepraw (2)";100;
1209073;"Sułkowice (3)";166;
1209082;"Tokarnia (2)";79;
1209092;"Wiśniowa (2)";69;
1210011;"Grybów (1)";158;
1210022;"Chełmiec (2)";859;
1210032;"Gródek nad Dunajcem (2)";223;
1210042;"Grybów (2)";700;
1210052;"Kamionka Wielka (2)";314;
1210062;"Korzenna (2)";334;
1210073;"Krynica-Zdrój (3)";479;
1210082;"Łabowa (2)";151;
1210092;"Łącko (2)";467;
1210102;"Łososina Dolna (2)";296;
1210113;"Muszyna (3)";326;
1210122;"Nawojowa (2)";284;
1210133;"Piwniczna-Zdrój (3)";362;
1210142;"Podegrodzie (2)";378;
1210152;"Rytro (2)";118;
1210163;"Stary Sącz (3)";705;
1211011;"Nowy Targ (1)";773;
1211023;"Szczawnica (3)";262;
1211032;"Czarny Dunajec (2)";406;
1211042;"Czorsztyn (2)";261;
1211052;"Jabłonka (2)";324;
1211062;"Krościenko nad Dunajcem (2)";194;
1211072;"Lipnica Wielka (2)";85;
1211082;"Łapsze Niżne (2)";129;
1211092;"Nowy Targ (2)";376;
1211102;"Ochotnica Dolna (2)";164;
1211112;"Raba Wyżna (2)";235;
1211123;"Rabka-Zdrój (3)";458;
1211132;"Spytkowice (2)";129;
1211142;"Szaflary (2)";240;
1212011;"Bukowno (1)";296;
1212032;"Bolesław (2)";246;
1212042;"Klucze (2)";519;
1212053;"Olkusz (3)";1675;
1212062;"Trzyciąż (2)";138;
1212073;"Wolbrom (3)";595;
1213011;"Oświęcim (1)";851;
1213023;"Brzeszcze (3)";267;
1213033;"Chełmek (3)";187;
1213043;"Kęty (3)";904;
1213052;"Osiek (2)";130;
1213062;"Oświęcim (2)";242;
1213072;"Polanka Wielka (2)";56;
1213082;"Przeciszów (2)";92;
1213093;"Zator (3)";171;
1214012;"Koniusza (2)";199;
1214022;"Koszyce (2)";153;
1214033;"Nowe Brzesko (3)";157;
1214042;"Pałecznica (2)";74;
1214053;"Proszowice (3)";482;
1214062;"Radziemice (2)";74;
1215011;"Jordanów (1)";102;
1215021;"Sucha Beskidzka (1)";213;
1215032;"Budzów (2)";209;
1215042;"Bystra-Sidzina (2)";87;
1215052;"Jordanów (2)";162;
1215063;"Maków Podhalański (3)";333;
1215072;"Stryszawa (2)";178;
1215082;"Zawoja (2)";166;
1215092;"Zembrzyce (2)";110;
1216013;"Ciężkowice (3)";285;
1216022;"Gromnik (2)";211;
1216032;"Lisia Góra (2)";416;
1216042;"Pleśna (2)";320;
1216053;"Radłów (3)";245;
1216063;"Ryglice (3)";232;
1216072;"Rzepiennik Strzyżewski (2)";127;
1216082;"Skrzyszów (2)";323;
1216092;"Tarnów (2)";677;
1216103;"Tuchów (3)";485;
1216112;"Wierzchosławice (2)";263;
1216122;"Wietrzychowice (2)";119;
1216133;"Wojnicz (3)";255;
1216143;"Zakliczyn (3)";252;
1216153;"Żabno (3)";637;
1216162;"Szerzyny (2)";241;
1217011;"Zakopane (1)";1255;
1217022;"Biały Dunajec (2)";304;
1217032;"Bukowina Tatrzańska (2)";329;
1217042;"Kościelisko (2)";386;
1217052;"Poronin (2)";506;
1218013;"Andrychów (3)";1129;
1218022;"Brzeźnica (2)";143;
1218033;"Kalwaria Zebrzydowska (3)";319;
1218042;"Lanckorona (2)";117;
1218052;"Mucharz (2)";92;
1218062;"Spytkowice (2)";175;
1218072;"Stryszów (2)";124;
1218082;"Tomice (2)";131;
1218093;"Wadowice (3)";719;
1218102;"Wieprz (2)";211;
1219012;"Biskupice (2)";193;
1219022;"Gdów (2)";370;
1219032;"Kłaj (2)";163;
1219043;"Niepołomice (3)";367;
1219053;"Wieliczka (3)";1128;
1261011;"Kraków (1)";11467;
1262011;"Nowy Sącz (1)";1502;
1263011;"Tarnów (1)";2933;
1401013;"Białobrzegi (3)";360;
1401022;"Promna (2)";142;
1401032;"Radzanów (2)";98;
1401042;"Stara Błotnica (2)";164;
1401052;"Stromiec (2)";197;
1401063;"Wyśmierzyce (3)";118;
1402011;"Ciechanów (1)";1710;
1402022;"Ciechanów (2)";211;
1402033;"Glinojeck (3)";298;
1402042;"Gołymin-Ośrodek (2)";170;
1402052;"Grudusk (2)";149;
1402062;"Ojrzeń (2)";194;
1402072;"Opinogóra Górna (2)";201;
1402082;"Regimin (2)";215;
1402092;"Sońsk (2)";230;
1403011;"Garwolin (1)";715;
1403021;"Łaskarzew (1)";226;
1403032;"Borowie (2)";160;
1403042;"Garwolin (2)";454;
1403052;"Górzno (2)";235;
1403062;"Łaskarzew (2)";200;
1403072;"Maciejowice (2)";298;
1403082;"Miastków Kościelny (2)";158;
1403092;"Parysów (2)";124;
1403103;"Pilawa (3)";378;
1403112;"Sobolew (2)";220;
1403122;"Trojanów (2)";198;
1403132;"Wilga (2)";168;
1403143;"Żelechów (3)";368;
1404011;"Gostynin (1)";929;
1404022;"Gostynin (2)";824;
1404032;"Pacyna (2)";164;
1404043;"Sanniki (3)";279;
1404052;"Szczawin Kościelny (2)";328;
1405011;"Milanówek (1)";170;
1405021;"Podkowa Leśna (1)";29;
1405032;"Baranów (2)";59;
1405043;"Grodzisk Mazowiecki (3)";524;
1405052;"Jaktorów (2)";143;
1405062;"Żabia Wola (2)";121;
1406012;"Belsk Duży (2)";43;
1406022;"Błędów (2)";58;
1406032;"Chynów (2)";96;
1406042;"Goszczyn (2)";27;
1406053;"Grójec (3)";278;
1406062;"Jasieniec (2)";46;
1406073;"Mogielnica (3)";83;
1406083;"Nowe Miasto nad Pilicą (3)";87;
1406092;"Pniewy (2)";44;
1406113;"Warka (3)";191;
1407012;"Garbatka-Letnisko (2)";313;
1407022;"Głowaczów (2)";382;
1407032;"Gniewoszów (2)";165;
1407042;"Grabów nad Pilicą (2)";141;
1407053;"Kozienice (3)";1238;
1407062;"Magnuszew (2)";247;
1407072;"Sieciechów (2)";148;
1408011;"Legionowo (1)";1078;
1408022;"Jabłonna (2)";325;
1408032;"Nieporęt (2)";233;
1408043;"Serock (3)";375;
1408052;"Wieliszew (2)";320;
1409012;"Chotcza (2)";118;
1409022;"Ciepielów (2)";292;
1409033;"Lipsko (3)";487;
1409042;"Rzeczniów (2)";173;
1409052;"Sienno (2)";273;
1409062;"Solec nad Wisłą (2)";254;
1410012;"Huszlew (2)";72;
1410023;"Łosice (3)";320;
1410032;"Olszanka (2)";67;
1410042;"Platerów (2)";149;
1410052;"Sarnaki (2)";136;
1410062;"Stara Kornica (2)";135;
1411011;"Maków Mazowiecki (1)";636;
1411022;"Czerwonka (2)";193;
1411032;"Karniewo (2)";312;
1411042;"Krasnosielc (2)";483;
1411052;"Młynarze (2)";104;
1411062;"Płoniawy-Bramura (2)";405;
1411073;"Różan (3)";290;
1411082;"Rzewnie (2)";172;
1411092;"Sypniewo (2)";169;
1411102;"Szelków (2)";255;
1412011;"Mińsk Mazowiecki (1)";772;
1412042;"Cegłów (2)";101;
1412052;"Dębe Wielkie (2)";157;
1412062;"Dobre (2)";92;
1412073;"Halinów (3)";247;
1412082;"Jakubów (2)";76;
1412093;"Kałuszyn (3)";126;
1412102;"Latowicz (2)";78;
1412112;"Mińsk Mazowiecki (2)";287;
1412123;"Mrozy (3)";126;
1412132;"Siennica (2)";116;
1412142;"Stanisławów (2)";124;
1412151;"Sulejówek (1)";252;
1413011;"Mława (1)";788;
1413022;"Dzierzgowo (2)";63;
1413032;"Lipowiec Kościelny (2)";121;
1413042;"Radzanów (2)";67;
1413052;"Strzegowo (2)";167;
1413062;"Stupsk (2)";108;
1413072;"Szreńsk (2)";94;
1413082;"Szydłowo (2)";110;
1413092;"Wieczfnia Kościelna (2)";92;
1413102;"Wiśniewo (2)";117;
1414011;"Nowy Dwór Mazowiecki (1)";680;
1414022;"Czosnów (2)";180;
1414032;"Leoncin (2)";123;
1414043;"Nasielsk (3)";526;
1414052;"Pomiechówek (2)";208;
1414063;"Zakroczym (3)";184;
1415012;"Baranowo (2)";240;
1415022;"Czarnia (2)";71;
1415032;"Czerwin (2)";120;
1415042;"Goworowo (2)";347;
1415052;"Kadzidło (2)";316;
1415062;"Lelis (2)";369;
1415072;"Łyse (2)";319;
1415083;"Myszyniec (3)";429;
1415092;"Olszewo-Borki (2)";545;
1415102;"Rzekuń (2)";424;
1415112;"Troszyn (2)";142;
1416011;"Ostrów Mazowiecka (1)";902;
1416022;"Andrzejewo (2)";73;
1416032;"Boguty-Pianki (2)";47;
1416043;"Brok (3)";110;
1416052;"Małkinia Górna (2)";339;
1416062;"Nur (2)";70;
1416072;"Ostrów Mazowiecka (2)";525;
1416082;"Stary Lubotyń (2)";112;
1416092;"Szulborze Wielkie (2)";35;
1416102;"Wąsewo (2)";139;
1416112;"Zaręby Kościelne (2)";126;
1417011;"Józefów (1)";298;
1417021;"Otwock (1)";827;
1417032;"Celestynów (2)";182;
1417043;"Karczew (3)";288;
1417052;"Kołbiel (2)";86;
1417062;"Osieck (2)";59;
1417072;"Sobienie-Jeziory (2)";84;
1417082;"Wiązowna (2)";184;
1418013;"Góra Kalwaria (3)";609;
1418023;"Konstancin-Jeziorna (3)";513;
1418032;"Lesznowola (2)";400;
1418043;"Piaseczno (3)";1447;
1418052;"Prażmów (2)";231;
1418063;"Tarczyn (3)";287;
1419012;"Bielsk (2)";415;
1419022;"Bodzanów (2)";290;
1419032;"Brudzeń Duży (2)";355;
1419042;"Bulkowo (2)";245;
1419053;"Drobin (3)";327;
1419063;"Gąbin (3)";452;
1419072;"Łąck (2)";283;
1419082;"Mała Wieś (2)";196;
1419092;"Nowy Duninów (2)";205;
1419102;"Radzanowo (2)";320;
1419112;"Słubice (2)";171;
1419122;"Słupno (2)";219;
1419132;"Stara Biała (2)";373;
1419142;"Staroźreby (2)";326;
1419153;"Wyszogród (3)";161;
1420011;"Płońsk (1)";1029;
1420021;"Raciąż (1)";233;
1420032;"Baboszewo (2)";353;
1420042;"Czerwińsk nad Wisłą (2)";240;
1420052;"Dzierzążnia (2)";117;
1420062;"Joniec (2)";81;
1420072;"Naruszewo (2)";245;
1420082;"Nowe Miasto (2)";238;
1420092;"Płońsk (2)";356;
1420102;"Raciąż (2)";294;
1420112;"Sochocin (2)";274;
1420122;"Załuski (2)";162;
1421011;"Piastów (1)";375;
1421021;"Pruszków (1)";1042;
1421033;"Brwinów (3)";441;
1421042;"Michałowice (2)";211;
1421052;"Nadarzyn (2)";199;
1421062;"Raszyn (2)";273;
1422011;"Przasnysz (1)";666;
1422023;"Chorzele (3)";348;
1422032;"Czernice Borowe (2)";115;
1422042;"Jednorożec (2)";355;
1422052;"Krasne (2)";116;
1422062;"Krzynowłoga Mała (2)";103;
1422072;"Przasnysz (2)";324;
1423012;"Borkowice (2)";515;
1423022;"Gielniów (2)";444;
1423032;"Klwów (2)";179;
1423042;"Odrzywół (2)";246;
1423052;"Potworów (2)";293;
1423063;"Przysucha (3)";879;
1423072;"Rusinów (2)";442;
1423082;"Wieniawa (2)";517;
1424012;"Gzy (2)";126;
1424022;"Obryte (2)";179;
1424032;"Pokrzywnica (2)";247;
1424043;"Pułtusk (3)";1320;
1424052;"Świercze (2)";270;
1424062;"Winnica (2)";181;
1424072;"Zatory (2)";232;
1425011;"Pionki (1)";954;
1425022;"Gózd (2)";674;
1425033;"Iłża (3)";1082;
1425042;"Jastrzębia (2)";340;
1425052;"Jedlińsk (2)";663;
1425062;"Jedlnia-Letnisko (2)";812;
1425072;"Kowala (2)";717;
1425082;"Pionki (2)";738;
1425092;"Przytyk (2)";561;
1425103;"Skaryszew (3)";960;
1425112;"Wierzbica (2)";769;
1425122;"Wolanów (2)";524;
1425132;"Zakrzew (2)";695;
1426012;"Domanice (2)";78;
1426022;"Korczew (2)";76;
1426032;"Kotuń (2)";174;
1426042;"Mokobody (2)";93;
1426053;"Mordy (3)";148;
1426062;"Paprotnia (2)";33;
1426072;"Przesmyki (2)";64;
1426082;"Siedlce (2)";390;
1426092;"Skórzec (2)";168;
1426102;"Suchożebry (2)";88;
1426112;"Wiśniew (2)";137;
1426122;"Wodynie (2)";104;
1426132;"Zbuczyn (2)";176;
1427011;"Sierpc (1)";955;
1427022;"Gozdowo (2)";332;
1427032;"Mochowo (2)";468;
1427042;"Rościszewo (2)";279;
1427052;"Sierpc (2)";507;
1427062;"Szczutowo (2)";245;
1427072;"Zawidz (2)";320;
1428011;"Sochaczew (1)";987;
1428022;"Brochów (2)";157;
1428032;"Iłów (2)";175;
1428042;"Młodzieszyn (2)";127;
1428052;"Nowa Sucha (2)";112;
1428062;"Rybno (2)";42;
1428072;"Sochaczew (2)";264;
1428082;"Teresin (2)";220;
1429011;"Sokołów Podlaski (1)";590;
1429022;"Bielany (2)";83;
1429032;"Ceranów (2)";51;
1429042;"Jabłonna Lacka (2)";95;
1429053;"Kosów Lacki (3)";121;
1429062;"Repki (2)";87;
1429072;"Sabnie (2)";75;
1429082;"Sokołów Podlaski (2)";147;
1429092;"Sterdyń (2)";77;
1430012;"Chlewiska (2)";663;
1430022;"Jastrząb (2)";441;
1430032;"Mirów (2)";364;
1430042;"Orońsko (2)";522;
1430053;"Szydłowiec (3)";1551;
1432013;"Błonie (3)";190;
1432022;"Izabelin (2)";133;
1432032;"Kampinos (2)";70;
1432042;"Leszno (2)";140;
1432053;"Łomianki (3)";321;
1432063;"Ożarów Mazowiecki (3)";208;
1432072;"Stare Babice (2)";178;
1433011;"Węgrów (1)";337;
1433022;"Grębków (2)";71;
1433032;"Korytnica (2)";139;
1433042;"Liw (2)";181;
1433053;"Łochów (3)";507;
1433062;"Miedzna (2)";59;
1433072;"Sadowne (2)";155;
1433082;"Stoczek (2)";133;
1433092;"Wierzbno (2)";42;
1434011;"Kobyłka (1)";605;
1434021;"Marki (1)";624;
1434031;"Ząbki (1)";549;
1434041;"Zielonka (1)";384;
1434052;"Dąbrówka (2)";196;
1434062;"Jadów (2)";302;
1434072;"Klembów (2)";273;
1434082;"Poświętne (2)";162;
1434093;"Radzymin (3)";698;
1434102;"Strachówka (2)";80;
1434113;"Tłuszcz (3)";607;
1434123;"Wołomin (3)";1471;
1435012;"Brańszczyk (2)";132;
1435022;"Długosiodło (2)";165;
1435032;"Rząśnik (2)";111;
1435042;"Somianka (2)";88;
1435053;"Wyszków (3)";747;
1435062;"Zabrodzie (2)";84;
1436012;"Kazanów (2)";229;
1436022;"Policzna (2)";277;
1436032;"Przyłęk (2)";217;
1436042;"Tczów (2)";192;
1436053;"Zwoleń (3)";673;
1437013;"Bieżuń (3)";319;
1437022;"Kuczbork-Osada (2)";322;
1437032;"Lubowidz (2)";507;
1437042;"Lutocin (2)";230;
1437052;"Siemiątkowo (2)";205;
1437063;"Żuromin (3)";897;
1438011;"Żyrardów (1)";1487;
1438023;"Mszczonów (3)";346;
1438032;"Puszcza Mariańska (2)";329;
1438042;"Radziejowice (2)";181;
1438052;"Wiskitki (2)";422;
1461011;"Ostrołęka (1)";2302;
1462011;"Płock (1)";4269;
1463011;"Radom (1)";11123;
1464011;"Siedlce (1)";1802;
1465011;"M.st.Warszawa od 2002 (1)";19382;
1601011;"Brzeg (1)";960;
1601022;"Skarbimierz (2)";206;
1601033;"Grodków (3)";566;
1601043;"Lewin Brzeski (3)";371;
1601052;"Lubsza (2)";252;
1601062;"Olszanka (2)";124;
1602013;"Baborów (3)";213;
1602022;"Branice (2)";200;
1602033;"Głubczyce (3)";738;
1602043;"Kietrz (3)";321;
1603011;"Kędzierzyn-Koźle (1)";1816;
1603022;"Bierawa (2)";182;
1603032;"Cisek (2)";137;
1603042;"Pawłowiczki (2)";220;
1603052;"Polska Cerekiew (2)";121;
1603062;"Reńska Wieś (2)";229;
1604013;"Byczyna (3)";267;
1604023;"Kluczbork (3)";728;
1604032;"Lasowice Wielkie (2)";120;
1604043;"Wołczyn (3)";446;
1605013;"Gogolin (3)";289;
1605023;"Krapkowice (3)";558;
1605032;"Strzeleczki (2)";200;
1605042;"Walce (2)";85;
1605053;"Zdzieszowice (3)";303;
1606012;"Domaszowice (2)";97;
1606023;"Namysłów (3)";563;
1606032;"Pokój (2)";127;
1606042;"Świerczów (2)";106;
1606052;"Wilków (2)";133;
1607013;"Głuchołazy (3)";633;
1607022;"Kamiennik (2)";119;
1607033;"Korfantów (3)";220;
1607042;"Łambinowice (2)";205;
1607053;"Nysa (3)";1133;
1607063;"Otmuchów (3)";304;
1607073;"Paczków (3)";383;
1607082;"Pakosławice (2)";102;
1607092;"Skoroszyce (2)";151;
1608013;"Dobrodzień (3)";126;
1608023;"Gorzów Śląski (3)";134;
1608033;"Olesno (3)";264;
1608043;"Praszka (3)";202;
1608052;"Radłów (2)";79;
1608062;"Rudniki (2)";141;
1608072;"Zębowice (2)";81;
1609012;"Chrząstowice (2)";113;
1609022;"Dąbrowa (2)";200;
1609032;"Dobrzeń Wielki (2)";161;
1609042;"Komprachcice (2)";155;
1609052;"Łubniany (2)";175;
1609062;"Murów (2)";129;
1609073;"Niemodlin (3)";308;
1609083;"Ozimek (3)";342;
1609092;"Popielów (2)";110;
1609103;"Prószków (3)";136;
1609112;"Tarnów Opolski (2)";148;
1609123;"Tułowice (3)";82;
1609132;"Turawa (2)";167;
1610013;"Biała (3)";218;
1610023;"Głogówek (3)";220;
1610032;"Lubrza (2)";142;
1610043;"Prudnik (3)";1075;
1611012;"Izbicko (2)";95;
1611022;"Jemielnica (2)";116;
1611033;"Kolonowskie (3)";70;
1611043;"Leśnica (3)";111;
1611053;"Strzelce Opolskie (3)";605;
1611063;"Ujazd (3)";99;
1611073;"Zawadzkie (3)";177;
1661011;"Opole (1)";2554;
1801032;"Czarna (2)";136;
1801052;"Lutowiska (2)";138;
1801083;"Ustrzyki Dolne (3)";901;
1802013;"Brzozów (3)";1795;
1802022;"Domaradz (2)";463;
1802032;"Dydnia (2)";572;
1802042;"Haczów (2)";514;
1802052;"Jasienica Rosielna (2)";549;
1802062;"Nozdrzec (2)";522;
1803011;"Dębica (1)";1240;
1803023;"Brzostek (3)";352;
1803032;"Czarna (2)";360;
1803042;"Dębica (2)";687;
1803052;"Jodłowa (2)";131;
1803063;"Pilzno (3)";394;
1803072;"Żyraków (2)";288;
1804011;"Jarosław (1)";1969;
1804021;"Radymno (1)";293;
1804032;"Chłopice (2)";263;
1804042;"Jarosław (2)";719;
1804052;"Laszki (2)";427;
1804062;"Pawłosiów (2)";444;
1804073;"Pruchnik (3)";651;
1804082;"Radymno (2)";604;
1804092;"Rokietnica (2)";209;
1804102;"Roźwienica (2)";418;
1804112;"Wiązownica (2)";554;
1805011;"Jasło (1)";1468;
1805022;"Brzyska (2)";298;
1805032;"Dębowiec (2)";388;
1805042;"Jasło (2)";741;
1805053;"Kołaczyce (3)";455;
1805062;"Krempna (2)";108;
1805072;"Nowy Żmigród (2)";475;
1805082;"Osiek Jasielski (2)";229;
1805092;"Skołyszyn (2)";610;
1805112;"Tarnowiec (2)";407;
1806012;"Cmolas (2)";275;
1806023;"Kolbuszowa (3)";710;
1806032;"Majdan Królewski (2)";372;
1806042;"Niwiska (2)";187;
1806052;"Raniżów (2)";222;
1806062;"Dzikowiec (2)";206;
1807012;"Chorkówka (2)";344;
1807023;"Dukla (3)";374;
1807033;"Iwonicz-Zdrój (3)";181;
1807043;"Jedlicze (3)";305;
1807052;"Korczyna (2)";186;
1807062;"Krościenko Wyżne (2)";100;
1807072;"Miejsce Piastowe (2)";230;
1807083;"Rymanów (3)";230;
1807092;"Wojaszówka (2)";185;
1807102;"Jaśliska (2)";52;
1808011;"Leżajsk (1)";620;
1808022;"Grodzisko Dolne (2)";404;
1808032;"Kuryłówka (2)";309;
1808042;"Leżajsk (2)";1111;
1808053;"Nowa Sarzyna (3)";1242;
1809011;"Lubaczów (1)";394;
1809023;"Cieszanów (3)";294;
1809032;"Horyniec-Zdrój (2)";181;
1809042;"Lubaczów (2)";395;
1809053;"Narol (3)";324;
1809063;"Oleszyce (3)";276;
1809072;"Stary Dzików (2)";106;
1809082;"Wielkie Oczy (2)";155;
1810011;"Łańcut (1)";679;
1810022;"Białobrzegi (2)";400;
1810032;"Czarna (2)";578;
1810042;"Łańcut (2)";837;
1810052;"Markowa (2)";271;
1810062;"Rakszawa (2)";403;
1810072;"Żołynia (2)";314;
1811011;"Mielec (1)";1317;
1811022;"Borowa (2)";90;
1811032;"Czermin (2)";145;
1811042;"Gawłuszowice (2)";68;
1811052;"Mielec (2)";256;
1811062;"Padew Narodowa (2)";109;
1811073;"Przecław (3)";309;
1811083;"Radomyśl Wielki (3)";262;
1811092;"Tuszów Narodowy (2)";206;
1811102;"Wadowice Górne (2)";133;
1812012;"Harasiuki (2)";434;
1812022;"Jarocin (2)";271;
1812032;"Jeżowe (2)";577;
1812042;"Krzeszów (2)";232;
1812053;"Nisko (3)";1193;
1812063;"Rudnik nad Sanem (3)";661;
1812073;"Ulanów (3)";500;
1813012;"Bircza (2)";381;
1813022;"Dubiecko (2)";442;
1813032;"Fredropol (2)";283;
1813042;"Krasiczyn (2)";301;
1813052;"Krzywcza (2)";241;
1813062;"Medyka (2)";354;
1813072;"Orły (2)";413;
1813082;"Przemyśl (2)";439;
1813092;"Stubno (2)";194;
1813102;"Żurawica (2)";643;
1814011;"Przeworsk (1)";760;
1814022;"Adamówka (2)";166;
1814032;"Gać (2)";221;
1814042;"Jawornik Polski (2)";239;
1814053;"Kańczuga (3)";734;
1814062;"Przeworsk (2)";834;
1814073;"Sieniawa (3)";306;
1814082;"Tryńcza (2)";461;
1814092;"Zarzecze (2)";364;
1815012;"Iwierzyce (2)";334;
1815022;"Ostrów (2)";387;
1815033;"Ropczyce (3)";1195;
1815043;"Sędziszów Małopolski (3)";1114;
1815052;"Wielopole Skrzyńskie (2)";396;
1816011;"Dynów (1)";382;
1816023;"Błażowa (3)";352;
1816033;"Boguchwała (3)";646;
1816042;"Chmielnik (2)";222;
1816052;"Dynów (2)";392;
1816063;"Głogów Małopolski (3)";673;
1816072;"Hyżne (2)";252;
1816082;"Kamień (2)";303;
1816092;"Krasne (2)";389;
1816102;"Lubenia (2)";291;
1816113;"Sokołów Małopolski (3)";761;
1816122;"Świlcza (2)";589;
1816132;"Trzebownisko (2)";677;
1816143;"Tyczyn (3)";476;
1817011;"Sanok (1)";1056;
1817022;"Besko (2)";133;
1817032;"Bukowsko (2)";135;
1817042;"Komańcza (2)";192;
1817052;"Sanok (2)";533;
1817062;"Tyrawa Wołoska (2)";72;
1817073;"Zagórz (3)";423;
1817082;"Zarszyn (2)";278;
1818011;"Stalowa Wola (1)";1332;
1818022;"Bojanów (2)";170;
1818032;"Pysznica (2)";203;
1818042;"Radomyśl nad Sanem (2)";185;
1818053;"Zaklików (3)";253;
1818062;"Zaleszany (2)";274;
1819012;"Czudec (2)";734;
1819022;"Frysztak (2)";730;
1819032;"Niebylec (2)";658;
1819043;"Strzyżów (3)";1090;
1819052;"Wiśniowa (2)";518;
1820013;"Baranów Sandomierski (3)";379;
1820022;"Gorzyce (2)";398;
1820032;"Grębów (2)";317;
1820043;"Nowa Dęba (3)";432;
1821012;"Baligród (2)";234;
1821022;"Cisna (2)";162;
1821033;"Lesko (3)";719;
1821042;"Olszanica (2)";364;
1821052;"Solina (2)";444;
1861011;"Krosno (1)";789;
1862011;"Przemyśl (1)";3088;
1863011;"Rzeszów (1)";6571;
1864011;"Tarnobrzeg (1)";1473;
2001011;"Augustów (1)";1148;
2001022;"Augustów (2)";203;
2001032;"Bargłów Kościelny (2)";195;
2001043;"Lipsk (3)";210;
2001052;"Nowinka (2)";82;
2001062;"Płaska (2)";127;
2001072;"Sztabin (2)";192;
2002013;"Choroszcz (3)";316;
2002023;"Czarna Białostocka (3)";335;
2002032;"Dobrzyniewo Duże (2)";203;
2002042;"Gródek (2)";246;
2002052;"Juchnowiec Kościelny (2)";398;
2002063;"Łapy (3)";1040;
2002073;"Michałowo (3)";247;
2002082;"Poświętne (2)";114;
2002093;"Supraśl (3)";397;
2002103;"Suraż (3)";63;
2002112;"Turośń Kościelna (2)";187;
2002123;"Tykocin (3)";122;
2002133;"Wasilków (3)";439;
2002143;"Zabłudów (3)";257;
2002152;"Zawady (2)";55;
2003011;"Bielsk Podlaski (1)";678;
2003021;"Brańsk (1)";91;
2003032;"Bielsk Podlaski (2)";152;
2003042;"Boćki (2)";87;
2003052;"Brańsk (2)";85;
2003062;"Orla (2)";79;
2003072;"Rudka (2)";55;
2003082;"Wyszki (2)";83;
2004011;"Grajewo (1)";1211;
2004022;"Grajewo (2)";243;
2004032;"Radziłów (2)";183;
2004043;"Rajgród (3)";263;
2004053;"Szczuczyn (3)";325;
2004062;"Wąsosz (2)";164;
2005011;"Hajnówka (1)";599;
2005022;"Białowieża (2)";82;
2005032;"Czeremcha (2)";122;
2005042;"Czyże (2)";39;
2005052;"Dubicze Cerkiewne (2)";39;
2005062;"Hajnówka (2)";94;
2005073;"Kleszczele (3)";80;
2005082;"Narew (2)";138;
2005092;"Narewka (2)";104;
2006011;"Kolno (1)";659;
2006022;"Grabowo (2)";171;
2006032;"Kolno (2)";482;
2006042;"Mały Płock (2)";297;
2006053;"Stawiski (3)";309;
2006062;"Turośl (2)";371;
2007013;"Jedwabne (3)";129;
2007022;"Łomża (2)";310;
2007032;"Miastkowo (2)";134;
2007043;"Nowogród (3)";116;
2007052;"Piątnica (2)";268;
2007062;"Przytuły (2)";32;
2007072;"Śniadowo (2)";109;
2007082;"Wizna (2)";117;
2007092;"Zbójna (2)";146;
2008013;"Goniądz (3)";145;
2008022;"Jasionówka (2)";76;
2008032;"Jaświły (2)";87;
2008043;"Knyszyn (3)";173;
2008052;"Krypno (2)";127;
2008063;"Mońki (3)";417;
2008072;"Trzcianne (2)";112;
2009011;"Sejny (1)";352;
2009022;"Giby (2)";168;
2009032;"Krasnopol (2)";182;
2009042;"Puńsk (2)";180;
2009052;"Sejny (2)";208;
2010011;"Siemiatycze (1)";411;
2010023;"Drohiczyn (3)";141;
2010032;"Dziadkowice (2)";64;
2010042;"Grodzisk (2)";70;
2010052;"Mielnik (2)";50;
2010062;"Milejczyce (2)";67;
2010072;"Nurzec-Stacja (2)";191;
2010082;"Perlejewo (2)";49;
2010092;"Siemiatycze (2)";146;
2011013;"Dąbrowa Białostocka (3)";561;
2011022;"Janów (2)";109;
2011032;"Korycin (2)";83;
2011043;"Krynki (3)";228;
2011052;"Kuźnica (2)";221;
2011062;"Nowy Dwór (2)";145;
2011072;"Sidra (2)";128;
2011083;"Sokółka (3)";1139;
2011093;"Suchowola (3)";278;
2011102;"Szudziałowo (2)";153;
2012012;"Bakałarzewo (2)";46;
2012022;"Filipów (2)";99;
2012032;"Jeleniewo (2)";34;
2012042;"Przerośl (2)";47;
2012052;"Raczki (2)";78;
2012062;"Rutka-Tartak (2)";25;
2012072;"Suwałki (2)";142;
2012082;"Szypliszki (2)";59;
2012092;"Wiżajny (2)";44;
2013011;"Wysokie Mazowieckie (1)";260;
2013023;"Ciechanowiec (3)";271;
2013033;"Czyżew (3)";178;
2013042;"Klukowo (2)";133;
2013052;"Kobylin-Borzymy (2)";37;
2013062;"Kulesze Kościelne (2)";61;
2013072;"Nowe Piekuty (2)";69;
2013082;"Sokoły (2)";172;
2013093;"Szepietowo (3)";255;
2013102;"Wysokie Mazowieckie (2)";131;
2014011;"Zambrów (1)";876;
2014022;"Kołaki Kościelne (2)";33;
2014032;"Rutki (2)";158;
2014042;"Szumowo (2)";78;
2014052;"Zambrów (2)";212;
2061011;"Białystok (1)";8001;
2062011;"Łomża (1)";2062;
2063011;"Suwałki (1)";1542;
2201012;"Borzytuchom (2)";118;
2201023;"Bytów (3)";664;
2201032;"Czarna Dąbrówka (2)";236;
2201042;"Kołczygłowy (2)";152;
2201052;"Lipnica (2)";156;
2201063;"Miastko (3)";1056;
2201072;"Parchowo (2)";104;
2201082;"Studzienice (2)";87;
2201092;"Trzebielino (2)";216;
2201102;"Tuchomie (2)";118;
2202011;"Chojnice (1)";952;
2202023;"Brusy (3)";556;
2202032;"Chojnice (2)";674;
2202043;"Czersk (3)";937;
2202052;"Konarzyny (2)";94;
2203011;"Człuchów (1)";385;
2203023;"Czarne (3)";307;
2203032;"Człuchów (2)";381;
2203043;"Debrzno (3)";366;
2203052;"Koczała (2)";136;
2203062;"Przechlewo (2)";171;
2203072;"Rzeczenica (2)";137;
2204011;"Pruszcz Gdański (1)";414;
2204022;"Cedry Wielkie (2)";147;
2204032;"Kolbudy (2)";207;
2204042;"Pruszcz Gdański (2)";423;
2204052;"Przywidz (2)";114;
2204062;"Pszczółki (2)";122;
2204072;"Suchy Dąb (2)";94;
2204082;"Trąbki Wielkie (2)";197;
2205012;"Chmielno (2)";103;
2205023;"Kartuzy (3)";384;
2205032;"Przodkowo (2)";100;
2205042;"Sierakowice (2)";205;
2205052;"Somonino (2)";140;
2205062;"Stężyca (2)";133;
2205072;"Sulęczyno (2)";78;
2205083;"Żukowo (3)";347;
2206011;"Kościerzyna (1)";665;
2206022;"Dziemiany (2)";94;
2206032;"Karsin (2)";164;
2206042;"Kościerzyna (2)";379;
2206052;"Liniewo (2)";129;
2206062;"Lipusz (2)";82;
2206072;"Nowa Karczma (2)";177;
2206082;"Stara Kiszewa (2)";139;
2207011;"Kwidzyn (1)";627;
2207022;"Gardeja (2)";183;
2207032;"Kwidzyn (2)";292;
2207043;"Prabuty (3)";342;
2207052;"Ryjewo (2)";164;
2207062;"Sadlinki (2)";112;
2208011;"Lębork (1)";934;
2208021;"Łeba (1)";128;
2208032;"Cewice (2)";207;
2208042;"Nowa Wieś Lęborska (2)";377;
2208052;"Wicko (2)";253;
2209011;"Malbork (1)";1235;
2209032;"Lichnowy (2)";178;
2209042;"Malbork (2)";159;
2209062;"Miłoradz (2)";112;
2209073;"Nowy Staw (3)";328;
2209082;"Stare Pole (2)";191;
2210011;"Krynica Morska (1)";61;
2210023;"Nowy Dwór Gdański (3)";761;
2210032;"Ostaszewo (2)";125;
2210042;"Stegna (2)";391;
2210052;"Sztutowo (2)";162;
2211011;"Hel (1)";100;
2211023;"Jastarnia (3)";135;
2211031;"Puck (1)";281;
2211043;"Władysławowo (3)";424;
2211052;"Kosakowo (2)";235;
2211062;"Krokowa (2)";262;
2211072;"Puck (2)";513;
2212011;"Ustka (1)";249;
2212022;"Damnica (2)";122;
2212032;"Dębnica Kaszubska (2)";399;
2212042;"Główczyce (2)";166;
2212053;"Kępice (3)";409;
2212062;"Kobylnica (2)";181;
2212072;"Potęgowo (2)";211;
2212082;"Słupsk (2)";330;
2212092;"Smołdzino (2)";74;
2212102;"Ustka (2)";148;
2213013;"Czarna Woda (3)";74;
2213021;"Skórcz (1)";94;
2213031;"Starogard Gdański (1)";741;
2213042;"Bobowo (2)";74;
2213052;"Kaliska (2)";107;
2213062;"Lubichowo (2)";187;
2213072;"Osieczna (2)";111;
2213082;"Osiek (2)";65;
2213093;"Skarszewy (3)";271;
2213102;"Skórcz (2)";131;
2213112;"Smętowo Graniczne (2)";148;
2213122;"Starogard Gdański (2)";275;
2213132;"Zblewo (2)";230;
2214011;"Tczew (1)";1369;
2214023;"Gniew (3)";415;
2214032;"Morzeszczyn (2)";123;
2214043;"Pelplin (3)";408;
2214052;"Subkowy (2)";151;
2214062;"Tczew (2)";349;
2215011;"Reda (1)";437;
2215021;"Rumia (1)";700;
2215031;"Wejherowo (1)";1025;
2215042;"Choczewo (2)";192;
2215052;"Gniewino (2)";206;
2215062;"Linia (2)";111;
2215072;"Luzino (2)";299;
2215082;"Łęczyce (2)";251;
2215092;"Szemud (2)";252;
2215102;"Wejherowo (2)";526;
2216013;"Dzierzgoń (3)";388;
2216022;"Mikołajki Pomorskie (2)";84;
2216032;"Stary Dzierzgoń (2)";138;
2216042;"Stary Targ (2)";174;
2216053;"Sztum (3)";329;
2261011;"Gdańsk (1)";6552;
2262011;"Gdynia (1)";2779;
2263011;"Słupsk (1)";1369;
2264011;"Sopot (1)";346;
2401011;"Będzin (1)";1586;
2401021;"Czeladź (1)";872;
2401031;"Wojkowice (1)";204;
2401042;"Bobrowniki (2)";211;
2401052;"Mierzęcice (2)";148;
2401062;"Psary (2)";261;
2401073;"Siewierz (3)";276;
2401081;"Sławków (1)";155;
2402011;"Szczyrk (1)";78;
2402022;"Bestwina (2)";133;
2402032;"Buczkowice (2)";156;
2402043;"Czechowice-Dziedzice (3)";647;
2402052;"Jasienica (2)";198;
2402062;"Jaworze (2)";80;
2402072;"Kozy (2)";120;
2402082;"Porąbka (2)";202;
2402093;"Wilamowice (3)";157;
2402102;"Wilkowice (2)";171;
2403011;"Cieszyn (1)";662;
2403021;"Ustroń (1)";314;
2403031;"Wisła (1)";270;
2403042;"Brenna (2)";233;
2403052;"Chybie (2)";152;
2403062;"Dębowiec (2)";83;
2403072;"Goleszów (2)";266;
2403082;"Hażlach (2)";207;
2403092;"Istebna (2)";304;
2403103;"Skoczów (3)";457;
2403113;"Strumień (3)";192;
2403122;"Zebrzydowice (2)";190;
2404013;"Blachownia (3)";247;
2404022;"Dąbrowa Zielona (2)";209;
2404032;"Janów (2)";142;
2404042;"Kamienica Polska (2)";101;
2404052;"Kłomnice (2)";206;
2404063;"Koniecpol (3)";574;
2404072;"Konopiska (2)";210;
2404082;"Kruszyna (2)";93;
2404092;"Lelów (2)";227;
2404102;"Mstów (2)";147;
2404112;"Mykanów (2)";237;
2404122;"Olsztyn (2)";148;
2404132;"Poczesna (2)";214;
2404142;"Przyrów (2)";161;
2404152;"Rędziny (2)";167;
2404162;"Starcza (2)";40;
2405011;"Knurów (1)";552;
2405021;"Pyskowice (1)";351;
2405032;"Gierałtowice (2)";101;
2405042;"Pilchowice (2)";179;
2405052;"Rudziniec (2)";232;
2405063;"Sośnicowice (3)";130;
2405073;"Toszek (3)";158;
2405082;"Wielowieś (2)";115;
2406013;"Kłobuck (3)";671;
2406023;"Krzepice (3)";219;
2406032;"Lipie (2)";142;
2406042;"Miedźno (2)";260;
2406052;"Opatów (2)";169;
2406062;"Panki (2)";131;
2406072;"Popów (2)";132;
2406082;"Przystajń (2)";162;
2406092;"Wręczyca Wielka (2)";562;
2407011;"Lubliniec (1)";499;
2407022;"Boronów (2)";76;
2407032;"Ciasna (2)";160;
2407042;"Herby (2)";182;
2407052;"Kochanowice (2)";156;
2407062;"Koszęcin (2)";269;
2407072;"Pawonków (2)";133;
2407083;"Woźniki (3)";211;
2408011;"Łaziska Górne (1)";313;
2408021;"Mikołów (1)";536;
2408031;"Orzesze (1)";290;
2408042;"Ornontowice (2)";61;
2408052;"Wyry (2)";90;
2409011;"Myszków (1)";719;
2409023;"Koziegłowy (3)";269;
2409032;"Niegowa (2)";162;
2409042;"Poraj (2)";194;
2409053;"Żarki (3)";245;
2410012;"Goczałkowice-Zdrój (2)";88;
2410022;"Kobiór (2)";66;
2410032;"Miedźna (2)";198;
2410042;"Pawłowice (2)";140;
2410053;"Pszczyna (3)";806;
2410062;"Suszec (2)";102;
2411011;"Racibórz (1)";898;
2411022;"Kornowac (2)";50;
2411033;"Krzanowice (3)";73;
2411042;"Krzyżanowice (2)";163;
2411053;"Kuźnia Raciborska (3)";223;
2411062;"Nędza (2)";108;
2411072;"Pietrowice Wielkie (2)";64;
2411082;"Rudnik (2)";78;
2412013;"Czerwionka-Leszczyny (3)";649;
2412022;"Gaszowice (2)";103;
2412032;"Jejkowice (2)";49;
2412042;"Lyski (2)";89;
2412052;"Świerklany (2)";121;
2413011;"Kalety (1)";241;
2413021;"Miasteczko Śląskie (1)";175;
2413031;"Radzionków (1)";301;
2413041;"Tarnowskie Góry (1)";1254;
2413052;"Krupski Młyn (2)";51;
2413062;"Ożarowice (2)";112;
2413072;"Świerklaniec (2)";210;
2413082;"Tworóg (2)";168;
2413092;"Zbrosławice (2)";292;
2414011;"Bieruń (1)";192;
2414021;"Imielin (1)";76;
2414031;"Lędziny (1)";182;
2414042;"Bojszowy (2)";52;
2414052;"Chełm Śląski (2)";57;
2415011;"Pszów (1)";205;
2415021;"Radlin (1)";282;
2415031;"Rydułtowy (1)";379;
2415041;"Wodzisław Śląski (1)";762;
2415052;"Godów (2)";167;
2415062;"Gorzyce (2)";252;
2415072;"Lubomia (2)";99;
2415082;"Marklowice (2)";58;
2415092;"Mszana (2)";85;
2416011;"Poręba (1)";219;
2416021;"Zawiercie (1)";1378;
2416032;"Irządze (2)";48;
2416042;"Kroczyce (2)";190;
2416053;"Łazy (3)";402;
2416063;"Ogrodzieniec (3)";221;
2416073;"Pilica (3)";133;
2416083;"Szczekociny (3)";200;
2416092;"Włodowice (2)";180;
2416102;"Żarnowiec (2)";60;
2417011;"Żywiec (1)";648;
2417022;"Czernichów (2)";140;
2417032;"Gilowice (2)";126;
2417042;"Jeleśnia (2)";332;
2417052;"Koszarawa (2)";48;
2417062;"Lipowa (2)";219;
2417072;"Łękawica (2)";113;
2417082;"Łodygowice (2)";310;
2417092;"Milówka (2)";221;
2417102;"Radziechowy-Wieprz (2)";307;
2417112;"Rajcza (2)";310;
2417122;"Ślemień (2)";84;
2417132;"Świnna (2)";162;
2417142;"Ujsoły (2)";158;
2417152;"Węgierska Górka (2)";461;
2461011;"Bielsko-Biała (1)";2058;
2462011;"Bytom (1)";4406;
2463011;"Chorzów (1)";1878;
2464011;"Częstochowa (1)";4060;
2465011;"Dąbrowa Górnicza (1)";2878;
2466011;"Gliwice (1)";3371;
2467011;"Jastrzębie-Zdrój (1)";1487;
2468011;"Jaworzno (1)";1315;
2469011;"Katowice (1)";3579;
2470011;"Mysłowice (1)";1400;
2471011;"Piekary Śląskie (1)";1097;
2472011;"Ruda Śląska (1)";1275;
2473011;"Rybnik (1)";1936;
2474011;"Siemianowice Śląskie (1)";1145;
2475011;"Sosnowiec (1)";4611;
2476011;"Świętochłowice (1)";879;
2477011;"Tychy (1)";1594;
2478011;"Zabrze (1)";3110;
2479011;"Żory (1)";671;
2601013;"Busko-Zdrój (3)";673;
2601022;"Gnojno (2)";101;
2601032;"Nowy Korczyn (2)";90;
2601042;"Pacanów (2)";112;
2601052;"Solec-Zdrój (2)";83;
2601063;"Stopnica (3)";164;
2601072;"Tuczępy (2)";68;
2601083;"Wiślica (3)";99;
2602012;"Imielno (2)";131;
2602023;"Jędrzejów (3)";865;
2602033;"Małogoszcz (3)";353;
2602042;"Nagłowice (2)";137;
2602052;"Oksa (2)";123;
2602063;"Sędziszów (3)";353;
2602072;"Słupia (2)";91;
2602082;"Sobków (2)";220;
2602092;"Wodzisław (2)";198;
2603012;"Bejsce (2)";119;
2603022;"Czarnocin (2)";124;
2603033;"Kazimierza Wielka (3)";674;
2603042;"Opatowiec (2)";85;
2603053;"Skalbmierz (3)";220;
2604012;"Bieliny (2)";412;
2604023;"Bodzentyn (3)";706;
2604033;"Chęciny (3)";512;
2604043;"Chmielnik (3)";454;
2604053;"Daleszyce (3)";654;
2604062;"Górno (2)";388;
2604073;"Łagów (3)";284;
2604082;"Łopuszno (2)";441;
2604092;"Masłów (2)";390;
2604102;"Miedziana Góra (2)";310;
2604112;"Mniów (2)";481;
2604123;"Morawica (3)";343;
2604132;"Nowa Słupia (2)";483;
2604142;"Piekoszów (2)";523;
2604152;"Pierzchnica (2)";187;
2604162;"Raków (2)";220;
2604172;"Nowiny (2)";204;
2604182;"Strawczyn (2)";492;
2604192;"Zagnańsk (2)";473;
2605012;"Fałków (2)";149;
2605022;"Gowarczów (2)";220;
2605033;"Końskie (3)";1322;
2605043;"Radoszyce (3)";390;
2605052;"Ruda Maleniecka (2)";147;
2605062;"Słupia Konecka (2)";66;
2605072;"Smyków (2)";172;
2605083;"Stąporków (3)";939;
2606012;"Baćkowice (2)";237;
2606022;"Iwaniska (2)";532;
2606032;"Lipnik (2)";360;
2606043;"Opatów (3)";668;
2606053;"Ożarów (3)";598;
2606062;"Sadowie (2)";199;
2606072;"Tarłów (2)";330;
2606082;"Wojciechowice (2)";215;
2607011;"Ostrowiec Świętokrzyski (1)";2516;
2607022;"Bałtów (2)";147;
2607032;"Bodzechów (2)";615;
2607043;"Ćmielów (3)";343;
2607053;"Kunów (3)";477;
2607062;"Waśniów (2)";213;
2608013;"Działoszyce (3)";144;
2608022;"Kije (2)";141;
2608032;"Michałów (2)";93;
2608043;"Pińczów (3)";641;
2608052;"Złota (2)";108;
2609011;"Sandomierz (1)";743;
2609022;"Dwikozy (2)";309;
2609032;"Klimontów (2)";305;
2609043;"Koprzywnica (3)";228;
2609052;"Łoniów (2)";200;
2609062;"Obrazów (2)";205;
2609072;"Samborzec (2)";202;
2609082;"Wilczyce (2)";126;
2609093;"Zawichost (3)";153;
2610011;"Skarżysko-Kamienna (1)";2096;
2610022;"Bliżyn (2)";614;
2610032;"Łączna (2)";266;
2610042;"Skarżysko Kościelne (2)";363;
2610053;"Suchedniów (3)";562;
2611011;"Starachowice (1)";1715;
2611022;"Brody (2)";446;
2611032;"Mirzec (2)";251;
2611042;"Pawłów (2)";414;
2611053;"Wąchock (3)";309;
2612012;"Bogoria (2)";289;
2612022;"Łubnice (2)";82;
2612032;"Oleśnica (2)";134;
2612043;"Osiek (3)";274;
2612053;"Połaniec (3)";347;
2612062;"Rytwiany (2)";213;
2612073;"Staszów (3)";804;
2612082;"Szydłów (2)";122;
2613012;"Kluczewsko (2)";160;
2613022;"Krasocin (2)";341;
2613032;"Moskorzew (2)";80;
2613042;"Radków (2)";75;
2613052;"Secemin (2)";118;
2613063;"Włoszczowa (3)";526;
2661011;"Kielce (1)";6024;
2801011;"Bartoszyce (1)";1135;
2801021;"Górowo Iławeckie (1)";250;
2801032;"Bartoszyce (2)";822;
2801043;"Bisztynek (3)";442;
2801052;"Górowo Iławeckie (2)";678;
2801063;"Sępopol (3)";522;
2802011;"Braniewo (1)";783;
2802022;"Braniewo (2)";548;
2802033;"Frombork (3)";237;
2802042;"Lelkowo (2)";337;
2802053;"Pieniężno (3)";523;
2802062;"Płoskinia (2)";179;
2802072;"Wilczęta (2)";256;
2803011;"Działdowo (1)";846;
2803022;"Działdowo (2)";659;
2803032;"Iłowo-Osada (2)";435;
2803043;"Lidzbark (3)";981;
2803052;"Płośnica (2)";339;
2803062;"Rybno (2)";405;
2804012;"Elbląg (2)";327;
2804022;"Godkowo (2)";203;
2804032;"Gronowo Elbląskie (2)";219;
2804042;"Markusy (2)";226;
2804052;"Milejewo (2)";139;
2804063;"Młynary (3)";229;
2804073;"Pasłęk (3)";1189;
2804082;"Rychliki (2)";305;
2804093;"Tolkmicko (3)";346;
2805011;"Ełk (1)";2186;
2805022;"Ełk (2)";918;
2805032;"Kalinowo (2)";346;
2805042;"Prostki (2)";371;
2805052;"Stare Juchy (2)";191;
2806011;"Giżycko (1)";749;
2806042;"Giżycko (2)";252;
2806052;"Kruklanki (2)";90;
2806062;"Miłki (2)";118;
2806083;"Ryn (3)";171;
2806102;"Wydminy (2)";197;
2807011;"Iława (1)";538;
2807021;"Lubawa (1)";177;
2807032;"Iława (2)";231;
2807043;"Kisielice (3)";127;
2807052;"Lubawa (2)";115;
2807063;"Susz (3)";353;
2807073;"Zalewo (3)";158;
2808011;"Kętrzyn (1)";1092;
2808022;"Barciany (2)";421;
2808032;"Kętrzyn (2)";562;
2808043;"Korsze (3)";737;
2808053;"Reszel (3)";414;
2808062;"Srokowo (2)";245;
2809011;"Lidzbark Warmiński (1)";564;
2809022;"Kiwity (2)";154;
2809032;"Lidzbark Warmiński (2)";312;
2809042;"Lubomino (2)";216;
2809053;"Orneta (3)";724;
2810011;"Mrągowo (1)";752;
2810023;"Mikołajki (3)";452;
2810032;"Mrągowo (2)";277;
2810042;"Piecki (2)";260;
2810052;"Sorkwity (2)";232;
2811012;"Janowiec Kościelny (2)";56;
2811022;"Janowo (2)";57;
2811032;"Kozłowo (2)";236;
2811043;"Nidzica (3)";530;
2812011;"Nowe Miasto Lubawskie (1)";326;
2812022;"Biskupiec (2)";344;
2812032;"Grodziczno (2)";172;
2812042;"Kurzętnik (2)";219;
2812052;"Nowe Miasto Lubawskie (2)";234;
2813032;"Kowale Oleckie (2)";311;
2813043;"Olecko (3)";862;
2813052;"Świętajno (2)";265;
2813062;"Wieliczki (2)";134;
2814013;"Barczewo (3)";582;
2814023;"Biskupiec (3)";765;
2814033;"Dobre Miasto (3)";725;
2814042;"Dywity (2)";234;
2814052;"Gietrzwałd (2)";149;
2814063;"Jeziorany (3)";439;
2814072;"Jonkowo (2)";195;
2814082;"Kolno (2)";162;
2814093;"Olsztynek (3)";393;
2814102;"Purda (2)";249;
2814112;"Stawiguda (2)";187;
2814122;"Świątki (2)";150;
2815011;"Ostróda (1)";910;
2815022;"Dąbrówno (2)";236;
2815032;"Grunwald (2)";321;
2815042;"Łukta (2)";199;
2815052;"Małdyty (2)";286;
2815063;"Miłakowo (3)";332;
2815073;"Miłomłyn (3)";194;
2815083;"Morąg (3)";1139;
2815092;"Ostróda (2)";538;
2816013;"Biała Piska (3)";521;
2816023;"Orzysz (3)";309;
2816033;"Pisz (3)";854;
2816043;"Ruciane-Nida (3)";335;
2817011;"Szczytno (1)";659;
2817022;"Dźwierzuty (2)";246;
2817032;"Jedwabno (2)";147;
2817043;"Pasym (3)";131;
2817052;"Rozogi (2)";149;
2817062;"Szczytno (2)";353;
2817072;"Świętajno (2)";208;
2817082;"Wielbark (2)";223;
2818012;"Banie Mazurskie (2)";166;
2818022;"Dubeninki (2)";118;
2818033;"Gołdap (3)";656;
2819012;"Budry (2)";224;
2819022;"Pozezdrze (2)";165;
2819033;"Węgorzewo (3)";839;
2861011;"Elbląg (1)";3358;
2862011;"Olsztyn (1)";3087;
3001011;"Chodzież (1)";414;
3001022;"Budzyń (2)";220;
3001032;"Chodzież (2)";168;
3001043;"Margonin (3)";254;
3001053;"Szamocin (3)";270;
3002011;"Czarnków (1)";112;
3002022;"Czarnków (2)";86;
3002032;"Drawsko (2)";190;
3002043;"Krzyż Wielkopolski (3)";250;
3002052;"Lubasz (2)";67;
3002062;"Połajewo (2)";65;
3002073;"Trzcianka (3)";382;
3002083;"Wieleń (3)";283;
3003011;"Gniezno (1)";1196;
3003023;"Czerniejewo (3)";102;
3003032;"Gniezno (2)";147;
3003042;"Kiszkowo (2)";64;
3003053;"Kłecko (3)";110;
3003062;"Łubowo (2)";75;
3003072;"Mieleszyn (2)";77;
3003082;"Niechanowo (2)";89;
3003093;"Trzemeszno (3)";211;
3003103;"Witkowo (3)";286;
3004013;"Borek Wielkopolski (3)";165;
3004023;"Gostyń (3)";763;
3004033;"Krobia (3)";285;
3004042;"Pępowo (2)";135;
3004052;"Piaski (2)";189;
3004063;"Pogorzela (3)";112;
3004073;"Poniec (3)";167;
3005012;"Granowo (2)";90;
3005023;"Grodzisk Wielkopolski (3)";409;
3005032;"Kamieniec (2)";115;
3005043;"Rakoniewice (3)";236;
3005053;"Wielichowo (3)";93;
3006013;"Jaraczewo (3)";130;
3006023;"Jarocin (3)";629;
3006032;"Kotlin (2)";116;
3006043;"Żerków (3)";157;
3007012;"Blizanów (2)";91;
3007022;"Brzeziny (2)";65;
3007032;"Ceków-Kolonia (2)";39;
3007042;"Godziesze Wielkie (2)";92;
3007052;"Koźminek (2)";55;
3007062;"Lisków (2)";45;
3007072;"Mycielin (2)";38;
3007083;"Opatówek (3)";78;
3007093;"Stawiszyn (3)";92;
3007102;"Szczytniki (2)";70;
3007112;"Żelazków (2)";77;
3008012;"Baranów (2)";67;
3008022;"Bralin (2)";47;
3008033;"Kępno (3)";313;
3008042;"Łęka Opatowska (2)";34;
3008052;"Perzów (2)";45;
3008062;"Rychtal (2)";35;
3008072;"Trzcinica (2)";44;
3009011;"Koło (1)";411;
3009022;"Babiak (2)";96;
3009032;"Chodów (2)";49;
3009043;"Dąbie (3)";108;
3009052;"Grzegorzew (2)";86;
3009063;"Kłodawa (3)";190;
3009072;"Koło (2)";117;
3009082;"Kościelec (2)";102;
3009092;"Olszówka (2)";67;
3009102;"Osiek Mały (2)";104;
3009113;"Przedecz (3)";83;
3010013;"Golina (3)";414;
3010022;"Grodziec (2)";103;
3010032;"Kazimierz Biskupi (2)";369;
3010043;"Kleczew (3)";272;
3010052;"Kramsk (2)";403;
3010062;"Krzymów (2)";248;
3010073;"Rychwał (3)";213;
3010082;"Rzgów (2)";186;
3010092;"Skulsk (2)";172;
3010103;"Sompolno (3)";342;
3010112;"Stare Miasto (2)";256;
3010123;"Ślesin (3)";455;
3010132;"Wierzbinek (2)";258;
3010142;"Wilczyn (2)";244;
3011011;"Kościan (1)";275;
3011023;"Czempiń (3)";118;
3011032;"Kościan (2)";177;
3011043;"Krzywiń (3)";143;
3011053;"Śmigiel (3)";177;
3012011;"Sulmierzyce (1)";43;
3012023;"Kobylin (3)";118;
3012033;"Koźmin Wielkopolski (3)";169;
3012043;"Krotoszyn (3)";664;
3012052;"Rozdrażew (2)";43;
3012063;"Zduny (3)";124;
3013012;"Krzemieniewo (2)";115;
3013022;"Lipno (2)";107;
3013033;"Osieczna (3)";104;
3013043;"Rydzyna (3)";109;
3013052;"Święciechowa (2)";103;
3013062;"Wijewo (2)";44;
3013072;"Włoszakowice (2)";111;
3014012;"Chrzypsko Wielkie (2)";51;
3014022;"Kwilcz (2)";123;
3014033;"Międzychód (3)";268;
3014043;"Sieraków (3)";133;
3015012;"Kuślin (2)";58;
3015023;"Lwówek (3)";102;
3015032;"Miedzichowo (2)";49;
3015043;"Nowy Tomyśl (3)";244;
3015053;"Opalenica (3)";125;
3015063;"Zbąszyń (3)";110;
3016013;"Oborniki (3)";427;
3016023;"Rogoźno (3)";259;
3016032;"Ryczywół (2)";80;
3017011;"Ostrów Wielkopolski (1)";977;
3017023;"Nowe Skalmierzyce (3)";126;
3017033;"Odolanów (3)";200;
3017042;"Ostrów Wielkopolski (2)";250;
3017052;"Przygodzice (2)";138;
3017063;"Raszków (3)";103;
3017072;"Sieroszewice (2)";112;
3017082;"Sośnie (2)";104;
3018012;"Czajków (2)";35;
3018022;"Doruchów (2)";92;
3018033;"Grabów nad Prosną (3)";100;
3018042;"Kobyla Góra (2)";129;
3018052;"Kraszewice (2)";49;
3018063;"Mikstat (3)";81;
3018073;"Ostrzeszów (3)";581;
3019011;"Piła (1)";1261;
3019022;"Białośliwie (2)";75;
3019032;"Kaczory (2)";126;
3019043;"Łobżenica (3)";209;
3019052;"Miasteczko Krajeńskie (2)";36;
3019062;"Szydłowo (2)";169;
3019073;"Ujście (3)";121;
3019083;"Wyrzysk (3)";299;
3019093;"Wysoka (3)";133;
3020013;"Chocz (3)";93;
3020022;"Czermin (2)";62;
3020033;"Dobrzyca (3)";107;
3020042;"Gizałki (2)";75;
3020052;"Gołuchów (2)";104;
3020063;"Pleszew (3)";454;
3021011;"Luboń (1)";214;
3021021;"Puszczykowo (1)";94;
3021033;"Buk (3)";121;
3021042;"Czerwonak (2)";178;
3021052;"Dopiewo (2)";131;
3021062;"Kleszczewo (2)";38;
3021072;"Komorniki (2)";174;
3021083;"Kostrzyn (3)";160;
3021093;"Kórnik (3)";171;
3021103;"Mosina (3)";209;
3021113;"Murowana Goślina (3)";123;
3021123;"Pobiedziska (3)";161;
3021132;"Rokietnica (2)";90;
3021143;"Stęszew (3)";132;
3021152;"Suchy Las (2)";84;
3021163;"Swarzędz (3)";344;
3021172;"Tarnowo Podgórne (2)";196;
3022013;"Bojanowo (3)";188;
3022023;"Jutrosin (3)";82;
3022033;"Miejska Górka (3)";137;
3022042;"Pakosław (2)";68;
3022053;"Rawicz (3)";555;
3023011;"Słupca (1)";428;
3023022;"Lądek (2)";145;
3023032;"Orchowo (2)";155;
3023042;"Ostrowite (2)";180;
3023052;"Powidz (2)";62;
3023062;"Słupca (2)";285;
3023072;"Strzałkowo (2)";259;
3023083;"Zagórów (3)";239;
3024011;"Obrzycko (1)";43;
3024022;"Duszniki (2)";116;
3024032;"Kaźmierz (2)";96;
3024042;"Obrzycko (2)";81;
3024053;"Ostroróg (3)";76;
3024063;"Pniewy (3)";146;
3024073;"Szamotuły (3)";453;
3024083;"Wronki (3)";170;
3025012;"Dominowo (2)";89;
3025022;"Krzykosy (2)";138;
3025032;"Nowe Miasto nad Wartą (2)";225;
3025043;"Środa Wielkopolska (3)";797;
3025052;"Zaniemyśl (2)";142;
3026012;"Brodnica (2)";62;
3026023;"Dolsk (3)";51;
3026033;"Książ Wielkopolski (3)";78;
3026043;"Śrem (3)";254;
3027011;"Turek (1)";576;
3027022;"Brudzew (2)";114;
3027033;"Dobra (3)";110;
3027042;"Kawęczyn (2)";89;
3027052;"Malanów (2)";109;
3027062;"Przykona (2)";76;
3027073;"Tuliszków (3)";221;
3027082;"Turek (2)";143;
3027092;"Władysławów (2)";199;
3028011;"Wągrowiec (1)";450;
3028022;"Damasławek (2)";132;
3028033;"Gołańcz (3)";192;
3028042;"Mieścisko (2)";113;
3028053;"Skoki (3)";166;
3028062;"Wapno (2)";81;
3028072;"Wągrowiec (2)";226;
3029012;"Przemęt (2)";93;
3029022;"Siedlec (2)";82;
3029033;"Wolsztyn (3)";235;
3030012;"Kołaczkowo (2)";103;
3030023;"Miłosław (3)";153;
3030033;"Nekla (3)";85;
3030043;"Pyzdry (3)";136;
3030053;"Września (3)";677;
3031011;"Złotów (1)";538;
3031023;"Jastrowie (3)";445;
3031033;"Krajenka (3)";208;
3031042;"Lipka (2)";189;
3031053;"Okonek (3)";243;
3031062;"Tarnówka (2)";107;
3031072;"Zakrzewo (2)";144;
3031082;"Złotów (2)";363;
3061011;"Kalisz (1)";1265;
3062011;"Konin (1)";2225;
3063011;"Leszno (1)";1187;
3064011;"Poznań (1)";4214;
3201011;"Białogard (1)";1165;
3201022;"Białogard (2)";565;
3201033;"Karlino (3)";583;
3201043;"Tychowo (3)";447;
3202012;"Bierzwnik (2)";241;
3202023;"Choszczno (3)";762;
3202033;"Drawno (3)";317;
3202042;"Krzęcin (2)";192;
3202053;"Pełczyce (3)";420;
3202063;"Recz (3)";321;
3203013;"Czaplinek (3)";520;
3203023;"Drawsko Pomorskie (3)";538;
3203033;"Kalisz Pomorski (3)";351;
3203042;"Ostrowice (2)";114;
3203052;"Wierzchowo (2)";221;
3203063;"Złocieniec (3)";755;
3204023;"Goleniów (3)";503;
3204033;"Maszewo (3)";217;
3204043;"Nowogard (3)";732;
3204052;"Osina (2)";81;
3204062;"Przybiernów (2)";144;
3204073;"Stepnica (3)";126;
3205012;"Brojce (2)";109;
3205023;"Gryfice (3)";630;
3205032;"Karnice (2)";150;
3205043;"Płoty (3)";298;
3205072;"Rewal (2)";86;
3205083;"Trzebiatów (3)";399;
3206012;"Banie (2)";202;
3206023;"Cedynia (3)";199;
3206033;"Chojna (3)";555;
3206043;"Gryfino (3)";493;
3206053;"Mieszkowice (3)";279;
3206063;"Moryń (3)";169;
3206072;"Stare Czarnowo (2)";73;
3206083;"Trzcińsko-Zdrój (3)";227;
3206092;"Widuchowa (2)";200;
3207013;"Dziwnów (3)";201;
3207023;"Golczewo (3)";270;
3207033;"Kamień Pomorski (3)";639;
3207043;"Międzyzdroje (3)";229;
3207052;"Świerzno (2)";292;
3207063;"Wolin (3)";685;
3208011;"Kołobrzeg (1)";391;
3208022;"Dygowo (2)";72;
3208033;"Gościno (3)";44;
3208042;"Kołobrzeg (2)";98;
3208052;"Rymań (2)";52;
3208062;"Siemyśl (2)";22;
3208072;"Ustronie Morskie (2)";40;
3209012;"Będzino (2)";330;
3209022;"Biesiekierz (2)";203;
3209033;"Bobolice (3)";389;
3209042;"Manowo (2)";201;
3209053;"Mielno (3)";157;
3209063;"Polanów (3)";419;
3209073;"Sianów (3)";506;
3209082;"Świeszyno (2)";271;
3210013;"Barlinek (3)";498;
3210022;"Boleszkowice (2)";58;
3210033;"Dębno (3)";502;
3210043;"Myślibórz (3)";477;
3210052;"Nowogródek Pomorski (2)";119;
3211012;"Dobra (Szczecińska) (2)";368;
3211022;"Kołbaskowo (2)";225;
3211033;"Nowe Warpno (3)";66;
3211043;"Police (3)";728;
3212012;"Bielice (2)";83;
3212022;"Kozielice (2)";118;
3212033;"Lipiany (3)";285;
3212042;"Przelewice (2)";286;
3212053;"Pyrzyce (3)";516;
3212062;"Warnice (2)";122;
3213011;"Darłowo (1)";586;
3213021;"Sławno (1)";515;
3213032;"Darłowo (2)";344;
3213042;"Malechowo (2)";318;
3213052;"Postomino (2)";299;
3213062;"Sławno (2)";478;
3214011;"Stargard (1)";1445;
3214023;"Chociwel (3)";193;
3214033;"Dobrzany (3)";150;
3214042;"Dolice (2)";257;
3214053;"Ińsko (3)";112;
3214062;"Kobylanka (2)";101;
3214082;"Marianowo (2)";91;
3214092;"Stara Dąbrowa (2)";150;
3214102;"Stargard (2)";323;
3214113;"Suchań (3)";128;
3215011;"Szczecinek (1)";1451;
3215023;"Barwice (3)";769;
3215033;"Biały Bór (3)";397;
3215043;"Borne Sulinowo (3)";451;
3215052;"Grzmiąca (2)";292;
3215062;"Szczecinek (2)";501;
3216011;"Świdwin (1)";538;
3216022;"Brzeżno (2)";147;
3216033;"Połczyn-Zdrój (3)";753;
3216042;"Rąbino (2)";176;
3216052;"Sławoborze (2)";180;
3216062;"Świdwin (2)";269;
3217011;"Wałcz (1)";545;
3217023;"Człopa (3)";158;
3217033;"Mirosławiec (3)";165;
3217043;"Tuczno (3)";130;
3217052;"Wałcz (2)";387;
3218013;"Dobra (3)";252;
3218023;"Łobez (3)";661;
3218032;"Radowo Małe (2)";252;
3218043;"Resko (3)";584;
3218053;"Węgorzyno (3)";404;
3261011;"Koszalin (1)";2514;
3262011;"Szczecin (1)";4576;
3263011;"Świnoujście (1)";614;
