"Kod";"Nazwa";"ogółem;2019;[%]";
0201011;"Bolesławiec (1)";2,3;
0201022;"Bolesławiec (2)";2,1;
0201032;"Gromadka (2)";2,3;
0201043;"Nowogrodziec (3)";2,4;
0201052;"Osiecznica (2)";2,9;
0201062;"Warta Bolesławiecka (2)";2,5;
0202011;"Bielawa (1)";1,9;
0202021;"Dzierżoniów (1)";2,7;
0202033;"Pieszyce (3)";2,7;
0202041;"Piława Górna (1)";3,4;
0202052;"Dzierżoniów (2)";2,6;
0202062;"Łagiewniki (2)";2,2;
0202073;"Niemcza (3)";2,7;
0203011;"Głogów (1)";3,7;
0203022;"Głogów (2)";3,6;
0203032;"Jerzmanowa (2)";3,5;
0203042;"Kotla (2)";4,9;
0203052;"Pęcław (2)";7,1;
0203062;"Żukowice (2)";5,4;
0204013;"Góra (3)";7,1;
0204022;"Jemielno (2)";8,0;
0204032;"Niechlów (2)";6,8;
0204043;"Wąsosz (3)";7,5;
0205011;"Jawor (1)";4,2;
0205023;"Bolków (3)";9,1;
0205032;"Męcinka (2)";4,7;
0205042;"Mściwojów (2)";5,6;
0205052;"Paszowice (2)";6,3;
0205062;"Wądroże Wielkie (2)";4,7;
0206011;"Karpacz (1)";3,6;
0206021;"Kowary (1)";4,6;
0206031;"Piechowice (1)";3,4;
0206041;"Szklarska Poręba (1)";3,0;
0206052;"Janowice Wielkie (2)";5,3;
0206062;"Jeżów Sudecki (2)";3,1;
0206072;"Mysłakowice (2)";4,9;
0206082;"Podgórzyn (2)";4,4;
0206092;"Stara Kamienica (2)";4,4;
0207011;"Kamienna Góra (1)";3,0;
0207022;"Kamienna Góra (2)";2,7;
0207033;"Lubawka (3)";2,9;
0207042;"Marciszów (2)";3,5;
0208011;"Duszniki-Zdrój (1)";4,7;
0208021;"Kłodzko (1)";4,8;
0208031;"Kudowa-Zdrój (1)";4,6;
0208041;"Nowa Ruda (1)";5,1;
0208051;"Polanica-Zdrój (1)";4,8;
0208063;"Bystrzyca Kłodzka (3)";7,2;
0208072;"Kłodzko (2)";5,4;
0208083;"Lądek-Zdrój (3)";5,3;
0208092;"Lewin Kłodzki (2)";5,4;
0208103;"Międzylesie (3)";7,6;
0208112;"Nowa Ruda (2)";6,2;
0208123;"Radków (3)";5,6;
0208133;"Stronie Śląskie (3)";7,9;
0208143;"Szczytna (3)";5,3;
0209011;"Chojnów (1)";6,8;
0209022;"Chojnów (2)";7,6;
0209032;"Krotoszyce (2)";2,9;
0209042;"Kunice (2)";2,9;
0209052;"Legnickie Pole (2)";3,0;
0209062;"Miłkowice (2)";4,1;
0209073;"Prochowice (3)";3,1;
0209082;"Ruja (2)";3,8;
0210011;"Lubań (1)";2,4;
0210021;"Świeradów-Zdrój (1)";3,8;
0210033;"Leśna (3)";5,5;
0210042;"Lubań (2)";3,7;
0210053;"Olszyna (3)";3,9;
0210062;"Platerówka (2)";3,6;
0210072;"Siekierczyn (2)";3,5;
0211011;"Lubin (1)";2,2;
0211022;"Lubin (2)";2,1;
0211032;"Rudna (2)";3,5;
0211043;"Ścinawa (3)";3,3;
0212013;"Gryfów Śląski (3)";4,9;
0212023;"Lubomierz (3)";5,4;
0212033;"Lwówek Śląski (3)";4,7;
0212043;"Mirsk (3)";6,8;
0212053;"Wleń (3)";5,3;
0213012;"Cieszków (2)";4,8;
0213022;"Krośnice (2)";3,4;
0213033;"Milicz (3)";3,9;
0214011;"Oleśnica (1)";2,3;
0214023;"Bierutów (3)";5,2;
0214032;"Dobroszyce (2)";2,4;
0214042;"Dziadowa Kłoda (2)";4,3;
0214053;"Międzybórz (3)";3,4;
0214062;"Oleśnica (2)";2,1;
0214073;"Syców (3)";3,8;
0214083;"Twardogóra (3)";3,1;
0215011;"Oława (1)";3,9;
0215022;"Domaniów (2)";3,8;
0215033;"Jelcz-Laskowice (3)";2,8;
0215042;"Oława (2)";3,8;
0216013;"Chocianów (3)";5,2;
0216022;"Gaworzyce (2)";3,3;
0216032;"Grębocice (2)";4,5;
0216043;"Polkowice (3)";3,0;
0216053;"Przemków (3)";6,6;
0216062;"Radwanice (2)";4,6;
0217012;"Borów (2)";4,1;
0217022;"Kondratowice (2)";6,8;
0217032;"Przeworno (2)";6,0;
0217043;"Strzelin (3)";5,4;
0217053;"Wiązów (3)";4,7;
0218012;"Kostomłoty (2)";4,1;
0218022;"Malczyce (2)";3,1;
0218032;"Miękinia (2)";2,5;
0218043;"Środa Śląska (3)";2,8;
0218052;"Udanin (2)";4,8;
0219011;"Świdnica (1)";2,9;
0219021;"Świebodzice (1)";5,0;
0219032;"Dobromierz (2)";7,1;
0219043;"Jaworzyna Śląska (3)";3,0;
0219052;"Marcinowice (2)";2,7;
0219063;"Strzegom (3)";4,4;
0219072;"Świdnica (2)";2,6;
0219083;"Żarów (3)";2,2;
0220013;"Oborniki Śląskie (3)";2,3;
0220023;"Prusice (3)";2,9;
0220033;"Trzebnica (3)";2,6;
0220042;"Wisznia Mała (2)";1,9;
0220052;"Zawonia (2)";2,6;
0220063;"Żmigród (3)";5,3;
0221011;"Boguszów-Gorce (1)";5,9;
0221021;"Jedlina-Zdrój (1)";4,9;
0221031;"Szczawno-Zdrój (1)";3,0;
0221042;"Czarny Bór (2)";4,0;
0221053;"Głuszyca (3)";2,9;
0221063;"Mieroszów (3)";4,2;
0221072;"Stare Bogaczowice (2)";3,8;
0221082;"Walim (2)";6,6;
0222013;"Brzeg Dolny (3)";3,7;
0222022;"Wińsko (2)";8,2;
0222033;"Wołów (3)";7,4;
0223012;"Czernica (2)";1,4;
0223022;"Długołęka (2)";1,0;
0223032;"Jordanów Śląski (2)";1,1;
0223043;"Kąty Wrocławskie (3)";1,2;
0223052;"Kobierzyce (2)";1,4;
0223062;"Mietków (2)";2,2;
0223073;"Sobótka (3)";1,5;
0223083;"Siechnice (3)";1,2;
0223092;"Żórawina (2)";1,5;
0224013;"Bardo (3)";5,5;
0224022;"Ciepłowody (2)";6,1;
0224032;"Kamieniec Ząbkowicki (2)";5,2;
0224042;"Stoszowice (2)";5,3;
0224053;"Ząbkowice Śląskie (3)";4,5;
0224063;"Ziębice (3)";5,0;
0224073;"Złoty Stok (3)";7,6;
0225011;"Zawidów (1)";2,3;
0225021;"Zgorzelec (1)";2,1;
0225033;"Bogatynia (3)";2,2;
0225043;"Pieńsk (3)";3,7;
0225052;"Sulików (2)";3,4;
0225063;"Węgliniec (3)";3,6;
0225072;"Zgorzelec (2)";2,0;
0226011;"Wojcieszów (1)";8,0;
0226021;"Złotoryja (1)";5,4;
0226032;"Pielgrzymka (2)";8,4;
0226043;"Świerzawa (3)";8,8;
0226052;"Zagrodno (2)";6,2;
0226062;"Złotoryja (2)";6,3;
0261011;"Jelenia Góra (1)";2,4;
0262011;"Legnica (1)";3,3;
0264011;"Wrocław (1)";1,7;
0265011;"Wałbrzych od 2013 (1)";3,0;
0401011;"Aleksandrów Kujawski (1)";8,1;
0401021;"Ciechocinek (1)";6,7;
0401031;"Nieszawa (1)";9,1;
0401042;"Aleksandrów Kujawski (2)";7,4;
0401052;"Bądkowo (2)";4,8;
0401062;"Koneck (2)";7,5;
0401072;"Raciążek (2)";6,7;
0401082;"Waganiec (2)";8,1;
0401092;"Zakrzewo (2)";6,7;
0402011;"Brodnica (1)";4,5;
0402022;"Bobrowo (2)";4,9;
0402032;"Brodnica (2)";3,5;
0402042;"Brzozie (2)";3,8;
0402053;"Górzno (3)";3,2;
0402062;"Bartniczka (2)";4,3;
0402073;"Jabłonowo Pomorskie (3)";5,9;
0402082;"Osiek (2)";4,8;
0402092;"Świedziebnia (2)";5,0;
0402102;"Zbiczno (2)";5,8;
0403012;"Białe Błota (2)";1,9;
0403022;"Dąbrowa Chełmińska (2)";2,5;
0403032;"Dobrcz (2)";2,2;
0403043;"Koronowo (3)";3,2;
0403052;"Nowa Wieś Wielka (2)";2,2;
0403062;"Osielsko (2)";1,9;
0403072;"Sicienko (2)";2,8;
0403083;"Solec Kujawski (3)";2,2;
0404011;"Chełmno (1)";6,5;
0404022;"Chełmno (2)";5,5;
0404032;"Kijewo Królewskie (2)";5,7;
0404042;"Lisewo (2)";5,6;
0404052;"Papowo Biskupie (2)";10,0;
0404062;"Stolno (2)";6,9;
0404072;"Unisław (2)";4,6;
0405011;"Golub-Dobrzyń (1)";8,2;
0405022;"Ciechocin (2)";5,0;
0405032;"Golub-Dobrzyń (2)";6,1;
0405043;"Kowalewo Pomorskie (3)";5,7;
0405052;"Radomin (2)";6,2;
0405062;"Zbójno (2)";8,2;
0406012;"Grudziądz (2)";4,5;
0406022;"Gruta (2)";5,5;
0406033;"Łasin (3)";7,0;
0406043;"Radzyń Chełmiński (3)";7,3;
0406052;"Rogóźno (2)";7,1;
0406062;"Świecie nad Osą (2)";8,6;
0407011;"Inowrocław (1)";6,6;
0407022;"Dąbrowa Biskupia (2)";7,4;
0407033;"Gniewkowo (3)";6,9;
0407042;"Inowrocław (2)";6,3;
0407053;"Janikowo (3)";6,0;
0407063;"Kruszwica (3)";6,8;
0407073;"Pakość (3)";7,2;
0407082;"Rojewo (2)";7,1;
0407092;"Złotniki Kujawskie (2)";6,7;
0408011;"Lipno (1)";7,9;
0408022;"Bobrowniki (2)";8,7;
0408032;"Chrostkowo (2)";7,2;
0408043;"Dobrzyń nad Wisłą (3)";10,1;
0408052;"Kikół (2)";9,0;
0408062;"Lipno (2)";8,3;
0408073;"Skępe (3)";9,7;
0408082;"Tłuchowo (2)";7,6;
0408092;"Wielgie (2)";9,2;
0409012;"Dąbrowa (2)";5,8;
0409022;"Jeziora Wielkie (2)";7,2;
0409033;"Mogilno (3)";5,4;
0409043;"Strzelno (3)";6,4;
0410013;"Kcynia (3)";5,7;
0410023;"Mrocza (3)";7,6;
0410033;"Nakło nad Notecią (3)";5,8;
0410042;"Sadki (2)";5,9;
0410053;"Szubin (3)";4,3;
0411011;"Radziejów (1)";10,2;
0411022;"Bytoń (2)";8,8;
0411032;"Dobre (2)";12,4;
0411042;"Osięciny (2)";12,1;
0411053;"Piotrków Kujawski (3)";11,1;
0411062;"Radziejów (2)";7,8;
0411072;"Topólka (2)";8,9;
0412011;"Rypin (1)";7,0;
0412022;"Brzuze (2)";6,4;
0412032;"Rogowo (2)";5,8;
0412042;"Rypin (2)";4,6;
0412052;"Skrwilno (2)";5,7;
0412062;"Wąpielsk (2)";6,5;
0413013;"Kamień Krajeński (3)";6,8;
0413023;"Sępólno Krajeńskie (3)";6,8;
0413032;"Sośno (2)";7,8;
0413043;"Więcbork (3)";6,7;
0414012;"Bukowiec (2)";3,7;
0414022;"Dragacz (2)";3,7;
0414032;"Drzycim (2)";4,2;
0414042;"Jeżewo (2)";3,6;
0414052;"Lniano (2)";3,1;
0414063;"Nowe (3)";7,3;
0414072;"Osie (2)";3,4;
0414082;"Pruszcz (2)";3,2;
0414093;"Świecie (3)";3,4;
0414102;"Świekatowo (2)";3,1;
0414112;"Warlubie (2)";5,2;
0415011;"Chełmża (1)";7,4;
0415022;"Chełmża (2)";4,9;
0415032;"Czernikowo (2)";8,0;
0415042;"Lubicz (2)";4,0;
0415052;"Łubianka (2)";3,3;
0415062;"Łysomice (2)";3,5;
0415072;"Obrowo (2)";4,6;
0415082;"Wielka Nieszawka (2)";4,0;
0415092;"Zławieś Wielka (2)";3,8;
0416012;"Cekcyn (2)";5,6;
0416022;"Gostycyn (2)";6,3;
0416032;"Kęsowo (2)";6,5;
0416042;"Lubiewo (2)";4,9;
0416052;"Śliwice (2)";5,1;
0416063;"Tuchola (3)";6,6;
0417011;"Wąbrzeźno (1)";7,4;
0417022;"Dębowa Łąka (2)";7,5;
0417032;"Książki (2)";6,7;
0417042;"Płużnica (2)";6,9;
0417052;"Ryńsk (2)";7,3;
0418011;"Kowal (1)";7,6;
0418022;"Baruchowo (2)";7,6;
0418032;"Boniewo (2)";13,6;
0418043;"Brześć Kujawski (3)";8,3;
0418052;"Choceń (2)";11,0;
0418063;"Chodecz (3)";9,6;
0418072;"Fabianki (2)";5,8;
0418083;"Izbica Kujawska (3)";10,0;
0418092;"Kowal (2)";7,0;
0418102;"Lubanie (2)";6,0;
0418113;"Lubień Kujawski (3)";10,3;
0418123;"Lubraniec (3)";10,2;
0418132;"Włocławek (2)";7,0;
0419013;"Barcin (3)";4,8;
0419022;"Gąsawa (2)";7,1;
0419033;"Janowiec Wielkopolski (3)";7,3;
0419043;"Łabiszyn (3)";5,0;
0419052;"Rogowo (2)";5,8;
0419063;"Żnin (3)";4,7;
0461011;"Bydgoszcz (1)";2,4;
0462011;"Grudziądz (1)";5,2;
0463011;"Toruń (1)";3,3;
0464011;"Włocławek (1)";6,5;
0601011;"Międzyrzec Podlaski (1)";7,0;
0601021;"Terespol (1)";6,2;
0601032;"Biała Podlaska (2)";6,2;
0601042;"Drelów (2)";4,5;
0601052;"Janów Podlaski (2)";7,4;
0601062;"Kodeń (2)";5,8;
0601072;"Konstantynów (2)";6,6;
0601082;"Leśna Podlaska (2)";5,9;
0601092;"Łomazy (2)";5,0;
0601102;"Międzyrzec Podlaski (2)";5,0;
0601112;"Piszczac (2)";6,6;
0601122;"Rokitno (2)";7,5;
0601132;"Rossosz (2)";5,8;
0601142;"Sławatycze (2)";8,3;
0601152;"Sosnówka (2)";5,0;
0601162;"Terespol (2)";6,4;
0601172;"Tuczna (2)";6,1;
0601182;"Wisznice (2)";6,3;
0601192;"Zalesie (2)";7,3;
0602011;"Biłgoraj (1)";4,3;
0602022;"Aleksandrów (2)";3,7;
0602032;"Biłgoraj (2)";4,5;
0602042;"Biszcza (2)";4,6;
0602053;"Frampol (3)";4,1;
0602062;"Goraj (2)";3,9;
0602073;"Józefów (3)";4,5;
0602082;"Księżpol (2)";3,4;
0602092;"Łukowa (2)";2,3;
0602102;"Obsza (2)";2,7;
0602112;"Potok Górny (2)";3,0;
0602123;"Tarnogród (3)";2,8;
0602132;"Tereszpol (2)";4,0;
0602142;"Turobin (2)";3,7;
0603011;"Rejowiec Fabryczny (1)";7,0;
0603022;"Białopole (2)";7,4;
0603032;"Chełm (2)";5,7;
0603042;"Dorohusk (2)";9,7;
0603052;"Dubienka (2)";8,2;
0603062;"Kamień (2)";7,3;
0603072;"Leśniowice (2)";8,3;
0603082;"Rejowiec Fabryczny (2)";9,8;
0603092;"Ruda-Huta (2)";8,9;
0603102;"Sawin (2)";6,7;
0603113;"Siedliszcze (3)";6,2;
0603122;"Wierzbica (2)";7,0;
0603132;"Wojsławice (2)";7,5;
0603142;"Żmudź (2)";7,8;
0603153;"Rejowiec (3)";9,0;
0604011;"Hrubieszów (1)";8,8;
0604022;"Dołhobyczów (2)";11,0;
0604032;"Horodło (2)";13,0;
0604042;"Hrubieszów (2)";10,4;
0604052;"Mircze (2)";6,5;
0604062;"Trzeszczany (2)";10,0;
0604072;"Uchanie (2)";9,2;
0604082;"Werbkowice (2)";9,0;
0605012;"Batorz (2)";6,9;
0605022;"Chrzanów (2)";4,9;
0605032;"Dzwola (2)";8,6;
0605042;"Godziszów (2)";5,9;
0605053;"Janów Lubelski (3)";8,0;
0605063;"Modliborzyce (3)";7,8;
0605072;"Potok Wielki (2)";6,4;
0606011;"Krasnystaw (1)";7,0;
0606022;"Fajsławice (2)";6,3;
0606032;"Gorzków (2)";7,3;
0606042;"Izbica (2)";11,5;
0606052;"Krasnystaw (2)";8,3;
0606062;"Kraśniczyn (2)";10,3;
0606072;"Łopiennik Górny (2)";8,2;
0606092;"Rudnik (2)";10,3;
0606102;"Siennica Różana (2)";8,6;
0606112;"Żółkiewka (2)";8,1;
0607011;"Kraśnik (1)";7,6;
0607023;"Annopol (3)";9,4;
0607032;"Dzierzkowice (2)";7,9;
0607042;"Gościeradów (2)";9,2;
0607052;"Kraśnik (2)";10,0;
0607062;"Szastarka (2)";7,1;
0607072;"Trzydnik Duży (2)";5,7;
0607083;"Urzędów (3)";7,2;
0607092;"Wilkołaz (2)";5,5;
0607102;"Zakrzówek (2)";6,3;
0608011;"Lubartów (1)";6,6;
0608022;"Abramów (2)";4,8;
0608032;"Firlej (2)";8,9;
0608042;"Jeziorzany (2)";8,7;
0608052;"Kamionka (2)";6,7;
0608063;"Kock (3)";11,2;
0608072;"Lubartów (2)";6,0;
0608082;"Michów (2)";8,4;
0608092;"Niedźwiada (2)";7,4;
0608103;"Ostrów Lubelski (3)";5,1;
0608112;"Ostrówek (2)";8,2;
0608122;"Serniki (2)";7,0;
0608132;"Uścimów (2)";7,0;
0609013;"Bełżyce (3)";4,8;
0609022;"Borzechów (2)";3,6;
0609033;"Bychawa (3)";4,2;
0609042;"Garbów (2)";2,7;
0609052;"Głusk (2)";2,1;
0609062;"Jabłonna (2)";4,4;
0609072;"Jastków (2)";2,6;
0609082;"Konopnica (2)";2,1;
0609092;"Krzczonów (2)";3,9;
0609102;"Niedrzwica Duża (2)";4,8;
0609112;"Niemce (2)";2,5;
0609122;"Strzyżewice (2)";4,2;
0609132;"Wojciechów (2)";5,0;
0609142;"Wólka (2)";2,4;
0609152;"Wysokie (2)";5,1;
0609162;"Zakrzew (2)";5,4;
0610012;"Cyców (2)";4,1;
0610022;"Ludwin (2)";4,6;
0610033;"Łęczna (3)";3,5;
0610042;"Milejów (2)";4,4;
0610052;"Puchaczów (2)";3,7;
0610062;"Spiczyn (2)";4,5;
0611011;"Łuków (1)";3,2;
0611021;"Stoczek Łukowski (1)";3,4;
0611032;"Adamów (2)";3,3;
0611042;"Krzywda (2)";4,1;
0611052;"Łuków (2)";2,9;
0611062;"Serokomla (2)";3,5;
0611072;"Stanin (2)";2,5;
0611082;"Stoczek Łukowski (2)";2,3;
0611092;"Trzebieszów (2)";2,1;
0611102;"Wojcieszków (2)";3,5;
0611112;"Wola Mysłowska (2)";2,5;
0612012;"Chodel (2)";5,7;
0612023;"Józefów nad Wisłą (3)";6,3;
0612032;"Karczmiska (2)";6,0;
0612042;"Łaziska (2)";5,2;
0612053;"Opole Lubelskie (3)";6,1;
0612063;"Poniatowa (3)";7,0;
0612072;"Wilków (2)";5,5;
0613012;"Dębowa Kłoda (2)";6,3;
0613022;"Jabłoń (2)";3,8;
0613032;"Milanów (2)";4,6;
0613043;"Parczew (3)";4,2;
0613052;"Podedwórze (2)";4,1;
0613062;"Siemień (2)";4,7;
0613072;"Sosnowica (2)";5,5;
0614011;"Puławy (1)";4,0;
0614022;"Baranów (2)";3,6;
0614032;"Janowiec (2)";3,0;
0614043;"Kazimierz Dolny (3)";3,4;
0614052;"Końskowola (2)";3,3;
0614062;"Kurów (2)";3,9;
0614072;"Markuszów (2)";3,8;
0614083;"Nałęczów (3)";3,7;
0614092;"Puławy (2)";3,9;
0614102;"Wąwolnica (2)";4,1;
0614112;"Żyrzyn (2)";3,5;
0615011;"Radzyń Podlaski (1)";4,2;
0615022;"Borki (2)";4,5;
0615032;"Czemierniki (2)";4,6;
0615042;"Kąkolewnica (2)";3,2;
0615052;"Komarówka Podlaska (2)";3,5;
0615062;"Radzyń Podlaski (2)";4,2;
0615072;"Ulan-Majorat (2)";3,5;
0615082;"Wohyń (2)";4,6;
0616011;"Dęblin (1)";4,9;
0616022;"Kłoczew (2)";4,1;
0616032;"Nowodwór (2)";4,4;
0616043;"Ryki (3)";5,0;
0616052;"Stężyca (2)";3,7;
0616062;"Ułęż (2)";5,4;
0617011;"Świdnik (1)";4,9;
0617022;"Mełgiew (2)";5,1;
0617033;"Piaski (3)";5,2;
0617042;"Rybczewice (2)";4,7;
0617052;"Trawniki (2)";7,1;
0618011;"Tomaszów Lubelski (1)";4,3;
0618022;"Bełżec (2)";5,7;
0618032;"Jarczów (2)";4,3;
0618042;"Krynice (2)";4,0;
0618053;"Lubycza Królewska (3)";8,0;
0618063;"Łaszczów (3)";4,2;
0618072;"Rachanie (2)";6,5;
0618082;"Susiec (2)";4,6;
0618092;"Tarnawatka (2)";6,1;
0618102;"Telatyn (2)";5,0;
0618112;"Tomaszów Lubelski (2)";4,4;
0618123;"Tyszowce (3)";3,4;
0618132;"Ulhówek (2)";7,1;
0619011;"Włodawa (1)";8,7;
0619022;"Hanna (2)";7,7;
0619032;"Hańsk (2)";9,7;
0619042;"Stary Brus (2)";11,7;
0619052;"Urszulin (2)";7,2;
0619062;"Włodawa (2)";11,1;
0619072;"Wola Uhruska (2)";11,5;
0619082;"Wyryki (2)";11,0;
0620012;"Adamów (2)";5,0;
0620022;"Grabowiec (2)";7,8;
0620032;"Komarów-Osada (2)";6,6;
0620043;"Krasnobród (3)";6,2;
0620052;"Łabunie (2)";6,3;
0620062;"Miączyn (2)";5,3;
0620072;"Nielisz (2)";5,0;
0620082;"Radecznica (2)";3,7;
0620092;"Sitno (2)";5,4;
0620102;"Skierbieszów (2)";5,9;
0620112;"Stary Zamość (2)";7,0;
0620122;"Sułów (2)";6,3;
0620133;"Szczebrzeszyn (3)";5,7;
0620142;"Zamość (2)";4,6;
0620153;"Zwierzyniec (3)";6,1;
0661011;"Biała Podlaska (1)";6,9;
0662011;"Chełm (1)";6,8;
0663011;"Lublin (1)";4,5;
0664011;"Zamość (1)";6,4;
0801011;"Kostrzyn nad Odrą (1)";1,1;
0801022;"Bogdaniec (2)";1,4;
0801032;"Deszczno (2)";2,0;
0801042;"Kłodawa (2)";1,3;
0801052;"Lubiszyn (2)";2,8;
0801062;"Santok (2)";2,8;
0801073;"Witnica (3)";3,5;
0802011;"Gubin (1)";4,9;
0802022;"Bobrowice (2)";3,9;
0802032;"Bytnica (2)";4,7;
0802042;"Dąbie (2)";3,8;
0802052;"Gubin (2)";5,6;
0802063;"Krosno Odrzańskie (3)";2,9;
0802072;"Maszewo (2)";3,8;
0803012;"Bledzew (2)";7,3;
0803023;"Międzyrzecz (3)";4,5;
0803032;"Przytoczna (2)";6,1;
0803042;"Pszczew (2)";5,5;
0803053;"Skwierzyna (3)";6,8;
0803063;"Trzciel (3)";4,2;
0804011;"Nowa Sól (1)";2,7;
0804023;"Bytom Odrzański (3)";2,4;
0804032;"Kolsko (2)";4,6;
0804043;"Kożuchów (3)";4,2;
0804052;"Nowa Sól (2)";3,6;
0804063;"Nowe Miasteczko (3)";4,1;
0804073;"Otyń (3)";2,9;
0804082;"Siedlisko (2)";4,1;
0805013;"Cybinka (3)";2,5;
0805022;"Górzyca (2)";1,7;
0805033;"Ośno Lubuskie (3)";1,6;
0805043;"Rzepin (3)";1,4;
0805053;"Słubice (3)";1,0;
0806013;"Dobiegniew (3)";9,6;
0806023;"Drezdenko (3)";5,2;
0806032;"Stare Kurowo (2)";5,4;
0806043;"Strzelce Krajeńskie (3)";5,0;
0806052;"Zwierzyn (2)";4,3;
0807012;"Krzeszyce (2)";3,1;
0807023;"Lubniewice (3)";4,7;
0807032;"Słońsk (2)";1,5;
0807043;"Sulęcin (3)";3,1;
0807053;"Torzym (3)";3,3;
0808012;"Lubrza (2)";3,0;
0808022;"Łagów (2)";3,3;
0808032;"Skąpe (2)";2,7;
0808042;"Szczaniec (2)";3,3;
0808053;"Świebodzin (3)";2,6;
0808063;"Zbąszynek (3)";1,6;
0809013;"Babimost (3)";2,1;
0809022;"Bojadła (2)";4,2;
0809033;"Czerwieńsk (3)";2,9;
0809043;"Kargowa (3)";3,4;
0809053;"Nowogród Bobrzański (3)";3,5;
0809063;"Sulechów (3)";3,5;
0809072;"Świdnica (2)";1,9;
0809082;"Trzebiechów (2)";4,9;
0809092;"Zabór (2)";2,5;
0810011;"Gozdnica (1)";2,8;
0810021;"Żagań (1)";2,6;
0810032;"Brzeźnica (2)";3,4;
0810043;"Iłowa (3)";3,0;
0810053;"Małomice (3)";5,1;
0810062;"Niegosławice (2)";7,1;
0810073;"Szprotawa (3)";4,7;
0810082;"Wymiarki (2)";3,5;
0810092;"Żagań (2)";3,1;
0811011;"Łęknica (1)";1,7;
0811021;"Żary (1)";1,7;
0811032;"Brody (2)";5,7;
0811043;"Jasień (3)";4,5;
0811052;"Lipinki Łużyckie (2)";1,9;
0811063;"Lubsko (3)";4,9;
0811072;"Przewóz (2)";3,4;
0811082;"Trzebiel (2)";2,0;
0811092;"Tuplice (2)";5,7;
0811102;"Żary (2)";1,9;
0812013;"Sława (3)";3,4;
0812023;"Szlichtyngowa (3)";5,0;
0812033;"Wschowa (3)";4,7;
0861011;"Gorzów Wielkopolski (1)";1,8;
0862011;"Zielona Góra (1)";2,0;
1001011;"Bełchatów (1)";3,3;
1001022;"Bełchatów (2)";3,0;
1001032;"Drużbice (2)";3,4;
1001042;"Kleszczów (2)";2,5;
1001052;"Kluki (2)";3,1;
1001062;"Rusiec (2)";2,6;
1001072;"Szczerców (2)";3,3;
1001083;"Zelów (3)";7,5;
1002011;"Kutno (1)";4,7;
1002022;"Bedlno (2)";3,4;
1002032;"Dąbrowice (2)";7,1;
1002043;"Krośniewice (3)";8,0;
1002052;"Krzyżanów (2)";5,5;
1002062;"Kutno (2)";5,0;
1002072;"Łanięta (2)";8,1;
1002082;"Nowe Ostrowy (2)";8,3;
1002092;"Oporów (2)";5,3;
1002102;"Strzelce (2)";5,3;
1002113;"Żychlin (3)";8,5;
1003012;"Buczek (2)";3,9;
1003023;"Łask (3)";4,3;
1003032;"Sędziejowice (2)";5,2;
1003042;"Widawa (2)";5,2;
1003052;"Wodzierady (2)";2,6;
1004011;"Łęczyca (1)";7,5;
1004022;"Daszyna (2)";4,6;
1004032;"Góra Świętej Małgorzaty (2)";2,6;
1004042;"Grabów (2)";3,5;
1004052;"Łęczyca (2)";3,4;
1004062;"Piątek (2)";3,4;
1004072;"Świnice Warckie (2)";4,7;
1004082;"Witonia (2)";3,4;
1005011;"Łowicz (1)";4,2;
1005022;"Bielawy (2)";2,8;
1005032;"Chąśno (2)";3,2;
1005042;"Domaniewice (2)";3,1;
1005052;"Kiernozia (2)";2,4;
1005062;"Kocierzew Południowy (2)";1,8;
1005072;"Łowicz (2)";2,9;
1005082;"Łyszkowice (2)";3,1;
1005092;"Nieborów (2)";3,0;
1005102;"Zduny (2)";2,6;
1006022;"Andrespol (2)";4,5;
1006032;"Brójce (2)";2,6;
1006073;"Koluszki (3)";5,0;
1006082;"Nowosolna (2)";3,2;
1006103;"Rzgów (3)";3,4;
1006113;"Tuszyn (3)";4,0;
1007012;"Białaczów (2)";5,9;
1007023;"Drzewica (3)";4,1;
1007032;"Mniszków (2)";2,8;
1007043;"Opoczno (3)";3,7;
1007052;"Paradyż (2)";3,7;
1007062;"Poświętne (2)";2,6;
1007072;"Sławno (2)";3,0;
1007082;"Żarnów (2)";4,3;
1008011;"Konstantynów Łódzki (1)";4,7;
1008021;"Pabianice (1)";4,5;
1008032;"Dłutów (2)";2,4;
1008042;"Dobroń (2)";2,7;
1008052;"Ksawerów (2)";3,6;
1008062;"Lutomiersk (2)";4,5;
1008072;"Pabianice (2)";2,5;
1009013;"Działoszyn (3)";3,5;
1009022;"Kiełczygłów (2)";3,8;
1009032;"Nowa Brzeźnica (2)";6,5;
1009043;"Pajęczno (3)";4,7;
1009052;"Rząśnia (2)";7,0;
1009062;"Siemkowice (2)";4,1;
1009072;"Strzelce Wielkie (2)";4,8;
1009082;"Sulmierzyce (2)";5,0;
1010012;"Aleksandrów (2)";3,0;
1010022;"Czarnocin (2)";1,4;
1010032;"Gorzkowice (2)";2,8;
1010042;"Grabica (2)";2,1;
1010052;"Łęki Szlacheckie (2)";3,3;
1010062;"Moszczenica (2)";2,8;
1010072;"Ręczno (2)";3,4;
1010082;"Rozprza (2)";2,7;
1010093;"Sulejów (3)";3,8;
1010102;"Wola Krzysztoporska (2)";3,2;
1010113;"Wolbórz (3)";2,7;
1011012;"Dalików (2)";3,6;
1011022;"Pęczniew (2)";5,6;
1011033;"Poddębice (3)";4,8;
1011043;"Uniejów (3)";4,4;
1011052;"Wartkowice (2)";4,1;
1011062;"Zadzim (2)";4,3;
1012011;"Radomsko (1)";3,5;
1012022;"Dobryszyce (2)";2,3;
1012032;"Gidle (2)";3,1;
1012042;"Gomunice (2)";3,4;
1012053;"Kamieńsk (3)";2,1;
1012062;"Kobiele Wielkie (2)";2,8;
1012072;"Kodrąb (2)";2,6;
1012082;"Lgota Wielka (2)";2,1;
1012092;"Ładzice (2)";2,7;
1012102;"Masłowice (2)";6,0;
1012113;"Przedbórz (3)";7,1;
1012122;"Radomsko (2)";2,9;
1012132;"Wielgomłyny (2)";2,4;
1012142;"Żytno (2)";3,4;
1013011;"Rawa Mazowiecka (1)";2,8;
1013023;"Biała Rawska (3)";2,3;
1013032;"Cielądz (2)";2,2;
1013042;"Rawa Mazowiecka (2)";2,3;
1013052;"Regnów (2)";1,2;
1013062;"Sadkowice (2)";1,7;
1014011;"Sieradz (1)";4,3;
1014023;"Błaszki (3)";3,2;
1014032;"Brąszewice (2)";2,7;
1014042;"Brzeźnio (2)";3,8;
1014052;"Burzenin (2)";5,5;
1014062;"Goszczanów (2)";4,1;
1014072;"Klonowa (2)";2,9;
1014082;"Sieradz (2)";4,0;
1014093;"Warta (3)";4,6;
1014102;"Wróblew (2)";3,2;
1014113;"Złoczew (3)";4,5;
1015012;"Bolimów (2)";2,2;
1015022;"Głuchów (2)";1,9;
1015032;"Godzianów (2)";1,9;
1015042;"Kowiesy (2)";2,7;
1015052;"Lipce Reymontowskie (2)";2,1;
1015062;"Maków (2)";2,9;
1015072;"Nowy Kawęczyn (2)";2,2;
1015082;"Skierniewice (2)";3,7;
1015092;"Słupia (2)";2,2;
1016011;"Tomaszów Mazowiecki (1)";5,6;
1016022;"Będków (2)";2,9;
1016032;"Budziszewice (2)";4,3;
1016042;"Czerniewice (2)";3,6;
1016052;"Inowłódz (2)";5,9;
1016062;"Lubochnia (2)";5,1;
1016072;"Rokiciny (2)";3,2;
1016082;"Rzeczyca (2)";3,4;
1016092;"Tomaszów Mazowiecki (2)";4,0;
1016102;"Ujazd (2)";4,5;
1016112;"Żelechlinek (2)";4,3;
1017012;"Biała (2)";3,6;
1017022;"Czarnożyły (2)";3,8;
1017032;"Konopnica (2)";4,5;
1017042;"Mokrsko (2)";3,4;
1017052;"Osjaków (2)";4,7;
1017062;"Ostrówek (2)";3,9;
1017072;"Pątnów (2)";3,2;
1017082;"Skomlin (2)";4,2;
1017093;"Wieluń (3)";4,6;
1017102;"Wierzchlas (2)";4,3;
1018012;"Bolesławiec (2)";2,7;
1018022;"Czastary (2)";2,7;
1018032;"Galewice (2)";3,4;
1018042;"Lututów (2)";2,7;
1018052;"Łubnice (2)";2,0;
1018062;"Sokolniki (2)";2,9;
1018073;"Wieruszów (3)";3,3;
1019011;"Zduńska Wola (1)";4,5;
1019023;"Szadek (3)";3,0;
1019032;"Zapolice (2)";3,4;
1019042;"Zduńska Wola (2)";3,3;
1020011;"Głowno (1)";4,1;
1020021;"Ozorków (1)";5,3;
1020031;"Zgierz (1)";3,5;
1020043;"Aleksandrów Łódzki (3)";3,5;
1020052;"Głowno (2)";1,8;
1020062;"Ozorków (2)";4,1;
1020072;"Parzęczew (2)";4,5;
1020083;"Stryków (3)";2,4;
1020092;"Zgierz (2)";2,7;
1021011;"Brzeziny (1)";5,1;
1021022;"Brzeziny (2)";3,5;
1021032;"Dmosin (2)";4,3;
1021042;"Jeżów (2)";3,4;
1021052;"Rogów (2)";4,1;
1061011;"Łódź (1)";4,4;
1062011;"Piotrków Trybunalski (1)";4,1;
1063011;"Skierniewice (1)";3,4;
1201011;"Bochnia (1)";2,1;
1201022;"Bochnia (2)";1,8;
1201032;"Drwinia (2)";1,3;
1201042;"Lipnica Murowana (2)";1,7;
1201052;"Łapanów (2)";1,4;
1201063;"Nowy Wiśnicz (3)";1,4;
1201072;"Rzezawa (2)";1,7;
1201082;"Trzciana (2)";0,9;
1201092;"Żegocina (2)";1,1;
1202012;"Borzęcin (2)";3,1;
1202023;"Brzesko (3)";3,5;
1202033;"Czchów (3)";2,4;
1202042;"Dębno (2)";2,8;
1202052;"Gnojnik (2)";2,6;
1202062;"Iwkowa (2)";1,7;
1202072;"Szczurowa (2)";2,5;
1203013;"Alwernia (3)";3,0;
1203022;"Babice (2)";2,4;
1203033;"Chrzanów (3)";4,1;
1203043;"Libiąż (3)";3,1;
1203053;"Trzebinia (3)";3,8;
1204012;"Bolesław (2)";4,5;
1204023;"Dąbrowa Tarnowska (3)";6,3;
1204032;"Gręboszów (2)";4,4;
1204042;"Mędrzechów (2)";6,3;
1204052;"Olesno (2)";5,8;
1204062;"Radgoszcz (2)";6,5;
1204073;"Szczucin (3)";7,4;
1205011;"Gorlice (1)";3,7;
1205023;"Biecz (3)";3,4;
1205033;"Bobowa (3)";2,4;
1205042;"Gorlice (2)";3,5;
1205052;"Lipinki (2)";3,5;
1205062;"Łużna (2)";3,0;
1205072;"Moszczenica (2)";2,8;
1205082;"Ropa (2)";2,5;
1205092;"Sękowa (2)";3,4;
1205102;"Uście Gorlickie (2)";2,3;
1206012;"Czernichów (2)";2,2;
1206022;"Igołomia-Wawrzeńczyce (2)";1,4;
1206032;"Iwanowice (2)";2,0;
1206042;"Jerzmanowice-Przeginia (2)";2,2;
1206052;"Kocmyrzów-Luborzyca (2)";2,1;
1206063;"Krzeszowice (3)";3,0;
1206072;"Liszki (2)";2,1;
1206082;"Michałowice (2)";1,7;
1206092;"Mogilany (2)";2,5;
1206103;"Skała (3)";2,3;
1206113;"Skawina (3)";2,9;
1206123;"Słomniki (3)";3,3;
1206132;"Sułoszowa (2)";2,1;
1206143;"Świątniki Górne (3)";2,6;
1206152;"Wielka Wieś (2)";1,7;
1206162;"Zabierzów (2)";2,0;
1206172;"Zielonki (2)";1,4;
1207011;"Limanowa (1)";4,7;
1207021;"Mszana Dolna (1)";6,4;
1207032;"Dobra (2)";4,9;
1207042;"Jodłownik (2)";4,0;
1207052;"Kamienica (2)";5,4;
1207062;"Laskowa (2)";3,6;
1207072;"Limanowa (2)";4,2;
1207082;"Łukowica (2)";5,7;
1207092;"Mszana Dolna (2)";5,3;
1207102;"Niedźwiedź (2)";4,5;
1207112;"Słopnice (2)";4,5;
1207122;"Tymbark (2)";4,9;
1208012;"Charsznica (2)";3,4;
1208022;"Gołcza (2)";2,7;
1208032;"Kozłów (2)";3,2;
1208042;"Książ Wielki (2)";2,6;
1208053;"Miechów (3)";2,8;
1208062;"Racławice (2)";1,9;
1208072;"Słaboszów (2)";2,5;
1209013;"Dobczyce (3)";1,6;
1209022;"Lubień (2)";1,5;
1209033;"Myślenice (3)";1,6;
1209042;"Pcim (2)";1,4;
1209052;"Raciechowice (2)";1,4;
1209062;"Siepraw (2)";1,4;
1209073;"Sułkowice (3)";1,7;
1209082;"Tokarnia (2)";1,3;
1209092;"Wiśniowa (2)";1,2;
1210011;"Grybów (1)";4,7;
1210022;"Chełmiec (2)";4,6;
1210032;"Gródek nad Dunajcem (2)";4,0;
1210042;"Grybów (2)";4,3;
1210052;"Kamionka Wielka (2)";5,4;
1210062;"Korzenna (2)";3,6;
1210073;"Krynica-Zdrój (3)";4,3;
1210082;"Łabowa (2)";3,8;
1210092;"Łącko (2)";4,4;
1210102;"Łososina Dolna (2)";3,9;
1210113;"Muszyna (3)";4,3;
1210122;"Nawojowa (2)";5,5;
1210133;"Piwniczna-Zdrój (3)";5,2;
1210142;"Podegrodzie (2)";4,5;
1210152;"Rytro (2)";4,4;
1210163;"Stary Sącz (3)";4,7;
1211011;"Nowy Targ (1)";3,5;
1211023;"Szczawnica (3)";6,1;
1211032;"Czarny Dunajec (2)";2,7;
1211042;"Czorsztyn (2)";5,4;
1211052;"Jabłonka (2)";2,7;
1211062;"Krościenko nad Dunajcem (2)";4,5;
1211072;"Lipnica Wielka (2)";2,3;
1211082;"Łapsze Niżne (2)";1,8;
1211092;"Nowy Targ (2)";2,3;
1211102;"Ochotnica Dolna (2)";3,4;
1211112;"Raba Wyżna (2)";2,3;
1211123;"Rabka-Zdrój (3)";3,7;
1211132;"Spytkowice (2)";4,0;
1211142;"Szaflary (2)";2,5;
1212011;"Bukowno (1)";4,4;
1212032;"Bolesław (2)";4,9;
1212042;"Klucze (2)";5,6;
1212053;"Olkusz (3)";5,6;
1212062;"Trzyciąż (2)";3,1;
1212073;"Wolbrom (3)";4,1;
1213011;"Oświęcim (1)";3,5;
1213023;"Brzeszcze (3)";2,0;
1213033;"Chełmek (3)";2,0;
1213043;"Kęty (3)";4,3;
1213052;"Osiek (2)";2,1;
1213062;"Oświęcim (2)";1,8;
1213072;"Polanka Wielka (2)";1,6;
1213082;"Przeciszów (2)";2,4;
1213093;"Zator (3)";2,7;
1214012;"Koniusza (2)";2,7;
1214023;"Koszyce (3)";2,8;
1214033;"Nowe Brzesko (3)";3,4;
1214042;"Pałecznica (2)";2,7;
1214053;"Proszowice (3)";3,5;
1214062;"Radziemice (2)";3,2;
1215011;"Jordanów (1)";2,6;
1215021;"Sucha Beskidzka (1)";4,3;
1215032;"Budzów (2)";3,3;
1215042;"Bystra-Sidzina (2)";2,0;
1215052;"Jordanów (2)";2,2;
1215063;"Maków Podhalański (3)";3,5;
1215072;"Stryszawa (2)";2,7;
1215082;"Zawoja (2)";3,4;
1215092;"Zembrzyce (2)";2,9;
1216013;"Ciężkowice (3)";2,8;
1216022;"Gromnik (2)";3,0;
1216032;"Lisia Góra (2)";3,3;
1216042;"Pleśna (2)";3,4;
1216053;"Radłów (3)";3,5;
1216063;"Ryglice (3)";2,2;
1216072;"Rzepiennik Strzyżewski (2)";2,3;
1216082;"Skrzyszów (2)";3,2;
1216092;"Tarnów (2)";3,2;
1216103;"Tuchów (3)";3,2;
1216112;"Wierzchosławice (2)";3,1;
1216122;"Wietrzychowice (2)";4,6;
1216133;"Wojnicz (3)";2,7;
1216143;"Zakliczyn (3)";2,7;
1216153;"Żabno (3)";4,7;
1216162;"Szerzyny (2)";3,6;
1217011;"Zakopane (1)";6,5;
1217022;"Biały Dunajec (2)";5,3;
1217032;"Bukowina Tatrzańska (2)";3,8;
1217042;"Kościelisko (2)";5,9;
1217052;"Poronin (2)";6,2;
1218013;"Andrychów (3)";4,2;
1218022;"Brzeźnica (2)";2,0;
1218033;"Kalwaria Zebrzydowska (3)";2,2;
1218042;"Lanckorona (2)";2,5;
1218052;"Mucharz (2)";3,0;
1218062;"Spytkowice (2)";2,4;
1218072;"Stryszów (2)";2,8;
1218082;"Tomice (2)";2,6;
1218093;"Wadowice (3)";2,7;
1218102;"Wieprz (2)";2,9;
1219012;"Biskupice (2)";2,4;
1219022;"Gdów (2)";2,6;
1219032;"Kłaj (2)";2,5;
1219043;"Niepołomice (3)";2,2;
1219053;"Wieliczka (3)";2,8;
1261011;"Kraków (1)";2,1;
1262011;"Nowy Sącz (1)";2,5;
1263011;"Tarnów (1)";3,7;
1401013;"Białobrzegi (3)";5,7;
1401022;"Promna (2)";4,1;
1401032;"Radzanów (2)";4,8;
1401042;"Stara Błotnica (2)";5,2;
1401052;"Stromiec (2)";5,3;
1401063;"Wyśmierzyce (3)";6,4;
1402011;"Ciechanów (1)";5,9;
1402022;"Ciechanów (2)";4,5;
1402033;"Glinojeck (3)";5,4;
1402042;"Gołymin-Ośrodek (2)";6,8;
1402052;"Grudusk (2)";4,9;
1402062;"Ojrzeń (2)";6,7;
1402072;"Opinogóra Górna (2)";5,6;
1402082;"Regimin (2)";6,0;
1402092;"Sońsk (2)";4,8;
1403011;"Garwolin (1)";6,3;
1403021;"Łaskarzew (1)";6,3;
1403032;"Borowie (2)";5,4;
1403042;"Garwolin (2)";5,8;
1403052;"Górzno (2)";5,1;
1403062;"Łaskarzew (2)";4,9;
1403072;"Maciejowice (2)";5,9;
1403082;"Miastków Kościelny (2)";5,3;
1403092;"Parysów (2)";5,6;
1403103;"Pilawa (3)";5,6;
1403112;"Sobolew (2)";3,9;
1403122;"Trojanów (2)";4,1;
1403132;"Wilga (2)";5,5;
1403143;"Żelechów (3)";6,3;
1404011;"Gostynin (1)";7,2;
1404022;"Gostynin (2)";8,3;
1404032;"Pacyna (2)";6,7;
1404043;"Sanniki (3)";5,7;
1404052;"Szczawin Kościelny (2)";8,9;
1405011;"Milanówek (1)";1,5;
1405021;"Podkowa Leśna (1)";1,0;
1405032;"Baranów (2)";1,8;
1405043;"Grodzisk Mazowiecki (3)";1,6;
1405052;"Jaktorów (2)";1,4;
1405062;"Żabia Wola (2)";1,5;
1406012;"Belsk Duży (2)";1,0;
1406022;"Błędów (2)";1,1;
1406032;"Chynów (2)";1,6;
1406042;"Goszczyn (2)";1,4;
1406053;"Grójec (3)";1,7;
1406062;"Jasieniec (2)";1,1;
1406073;"Mogielnica (3)";1,5;
1406083;"Nowe Miasto nad Pilicą (3)";1,8;
1406092;"Pniewy (2)";1,7;
1406113;"Warka (3)";1,7;
1407012;"Garbatka-Letnisko (2)";9,8;
1407022;"Głowaczów (2)";7,2;
1407032;"Gniewoszów (2)";6,6;
1407042;"Grabów nad Pilicą (2)";4,9;
1407053;"Kozienice (3)";6,6;
1407062;"Magnuszew (2)";5,3;
1407072;"Sieciechów (2)";5,9;
1408011;"Legionowo (1)";3,4;
1408022;"Jabłonna (2)";2,6;
1408032;"Nieporęt (2)";2,6;
1408043;"Serock (3)";3,6;
1408052;"Wieliszew (2)";3,3;
1409012;"Chotcza (2)";9,8;
1409022;"Ciepielów (2)";8,2;
1409033;"Lipsko (3)";7,4;
1409042;"Rzeczniów (2)";6,1;
1409052;"Sienno (2)";8,1;
1409062;"Solec nad Wisłą (2)";9,1;
1410012;"Huszlew (2)";3,9;
1410023;"Łosice (3)";4,0;
1410032;"Olszanka (2)";2,7;
1410042;"Platerów (2)";3,3;
1410052;"Sarnaki (2)";4,1;
1410062;"Stara Kornica (2)";3,3;
1411011;"Maków Mazowiecki (1)";10,9;
1411022;"Czerwonka (2)";10,9;
1411032;"Karniewo (2)";9,1;
1411042;"Krasnosielc (2)";11,1;
1411052;"Młynarze (2)";9,1;
1411062;"Płoniawy-Bramura (2)";11,0;
1411073;"Różan (3)";11,5;
1411082;"Rzewnie (2)";10,6;
1411092;"Sypniewo (2)";9,1;
1411102;"Szelków (2)";11,2;
1412011;"Mińsk Mazowiecki (1)";3,1;
1412042;"Cegłów (2)";2,9;
1412052;"Dębe Wielkie (2)";2,5;
1412062;"Dobre (2)";2,4;
1412073;"Halinów (3)";2,2;
1412082;"Jakubów (2)";2,5;
1412093;"Kałuszyn (3)";3,3;
1412102;"Latowicz (2)";2,4;
1412112;"Mińsk Mazowiecki (2)";2,6;
1412123;"Mrozy (3)";2,5;
1412132;"Siennica (2)";2,6;
1412142;"Stanisławów (2)";2,6;
1412151;"Sulejówek (1)";1,8;
1413011;"Mława (1)";4,2;
1413022;"Dzierzgowo (2)";4,0;
1413032;"Lipowiec Kościelny (2)";3,8;
1413042;"Radzanów (2)";3,7;
1413052;"Strzegowo (2)";3,8;
1413062;"Stupsk (2)";3,3;
1413072;"Szreńsk (2)";3,8;
1413082;"Szydłowo (2)";3,4;
1413092;"Wieczfnia Kościelna (2)";3,1;
1413102;"Wiśniewo (2)";3,5;
1414011;"Nowy Dwór Mazowiecki (1)";3,6;
1414022;"Czosnów (2)";3,0;
1414032;"Leoncin (2)";3,0;
1414043;"Nasielsk (3)";4,7;
1414052;"Pomiechówek (2)";3,6;
1414063;"Zakroczym (3)";4,0;
1415012;"Baranowo (2)";6,2;
1415022;"Czarnia (2)";3,9;
1415032;"Czerwin (2)";3,4;
1415042;"Goworowo (2)";5,4;
1415052;"Kadzidło (2)";4,1;
1415062;"Lelis (2)";5,9;
1415072;"Łyse (2)";5,8;
1415083;"Myszyniec (3)";5,6;
1415092;"Olszewo-Borki (2)";7,1;
1415102;"Rzekuń (2)";4,9;
1415112;"Troszyn (2)";4,7;
1416011;"Ostrów Mazowiecka (1)";6,3;
1416022;"Andrzejewo (2)";2,5;
1416032;"Boguty-Pianki (2)";3,1;
1416043;"Brok (3)";5,9;
1416052;"Małkinia Górna (2)";5,0;
1416062;"Nur (2)";4,0;
1416072;"Ostrów Mazowiecka (2)";6,2;
1416082;"Stary Lubotyń (2)";4,3;
1416092;"Szulborze Wielkie (2)";4,1;
1416102;"Wąsewo (2)";5,4;
1416112;"Zaręby Kościelne (2)";5,5;
1417011;"Józefów (1)";2,3;
1417021;"Otwock (1)";2,9;
1417032;"Celestynów (2)";2,2;
1417043;"Karczew (3)";2,6;
1417052;"Kołbiel (2)";1,7;
1417062;"Osieck (2)";3,1;
1417072;"Sobienie-Jeziory (2)";2,0;
1417082;"Wiązowna (2)";2,1;
1418013;"Góra Kalwaria (3)";3,3;
1418023;"Konstancin-Jeziorna (3)";2,9;
1418032;"Lesznowola (2)";1,9;
1418043;"Piaseczno (3)";2,3;
1418052;"Prażmów (2)";2,7;
1418063;"Tarczyn (3)";3,2;
1419012;"Bielsk (2)";5,8;
1419022;"Bodzanów (2)";5,5;
1419032;"Brudzeń Duży (2)";5,9;
1419042;"Bulkowo (2)";6,1;
1419053;"Drobin (3)";5,7;
1419063;"Gąbin (3)";5,6;
1419072;"Łąck (2)";6,9;
1419082;"Mała Wieś (2)";4,6;
1419092;"Nowy Duninów (2)";8,0;
1419102;"Radzanowo (2)";5,3;
1419112;"Słubice (2)";5,3;
1419122;"Słupno (2)";4,6;
1419132;"Stara Biała (2)";4,9;
1419142;"Staroźreby (2)";5,8;
1419153;"Wyszogród (3)";3,5;
1420011;"Płońsk (1)";7,1;
1420021;"Raciąż (1)";7,6;
1420032;"Baboszewo (2)";6,3;
1420042;"Czerwińsk nad Wisłą (2)";4,6;
1420052;"Dzierzążnia (2)";5,4;
1420062;"Joniec (2)";4,7;
1420072;"Naruszewo (2)";5,4;
1420082;"Nowe Miasto (2)";7,2;
1420092;"Płońsk (2)";6,9;
1420102;"Raciąż (2)";3,7;
1420112;"Sochocin (2)";6,4;
1420122;"Załuski (2)";5,3;
1421011;"Piastów (1)";2,3;
1421021;"Pruszków (1)";2,3;
1421033;"Brwinów (3)";2,3;
1421042;"Michałowice (2)";1,9;
1421052;"Nadarzyn (2)";1,9;
1421062;"Raszyn (2)";1,6;
1422011;"Przasnysz (1)";5,8;
1422023;"Chorzele (3)";5,1;
1422032;"Czernice Borowe (2)";4,7;
1422042;"Jednorożec (2)";7,1;
1422052;"Krasne (2)";4,5;
1422062;"Krzynowłoga Mała (2)";4,5;
1422072;"Przasnysz (2)";6,0;
1423012;"Borkowice (2)";19,1;
1423022;"Gielniów (2)";16,3;
1423032;"Klwów (2)";8,9;
1423042;"Odrzywół (2)";11,9;
1423052;"Potworów (2)";10,6;
1423063;"Przysucha (3)";11,9;
1423072;"Rusinów (2)";15,0;
1423082;"Wieniawa (2)";15,2;
1424012;"Gzy (2)";5,5;
1424022;"Obryte (2)";6,7;
1424032;"Pokrzywnica (2)";7,6;
1424043;"Pułtusk (3)";8,4;
1424052;"Świercze (2)";8,8;
1424062;"Winnica (2)";6,5;
1424072;"Zatory (2)";8,0;
1425011;"Pionki (1)";8,4;
1425022;"Gózd (2)";10,6;
1425033;"Iłża (3)";11,5;
1425042;"Jastrzębia (2)";7,4;
1425052;"Jedlińsk (2)";7,3;
1425062;"Jedlnia-Letnisko (2)";8,7;
1425072;"Kowala (2)";9,0;
1425082;"Pionki (2)";11,5;
1425092;"Przytyk (2)";10,3;
1425103;"Skaryszew (3)";9,9;
1425112;"Wierzbica (2)";13,1;
1425122;"Wolanów (2)";8,9;
1425132;"Zakrzew (2)";8,0;
1426012;"Domanice (2)";3,3;
1426022;"Korczew (2)";4,0;
1426032;"Kotuń (2)";2,7;
1426042;"Mokobody (2)";2,2;
1426053;"Mordy (3)";3,5;
1426062;"Paprotnia (2)";2,1;
1426072;"Przesmyki (2)";2,8;
1426082;"Siedlce (2)";2,6;
1426092;"Skórzec (2)";2,6;
1426102;"Suchożebry (2)";3,0;
1426112;"Wiśniew (2)";2,7;
1426122;"Wodynie (2)";2,6;
1426132;"Zbuczyn (2)";2,5;
1427011;"Sierpc (1)";8,0;
1427022;"Gozdowo (2)";8,6;
1427032;"Mochowo (2)";11,3;
1427042;"Rościszewo (2)";8,9;
1427052;"Sierpc (2)";9,6;
1427062;"Szczutowo (2)";8,2;
1427072;"Zawidz (2)";7,5;
1428011;"Sochaczew (1)";3,5;
1428022;"Brochów (2)";4,3;
1428032;"Iłów (2)";3,6;
1428042;"Młodzieszyn (2)";2,7;
1428052;"Nowa Sucha (2)";2,9;
1428062;"Rybno (2)";2,3;
1428072;"Sochaczew (2)";3,2;
1428082;"Teresin (2)";2,1;
1429011;"Sokołów Podlaski (1)";5,1;
1429022;"Bielany (2)";3,2;
1429032;"Ceranów (2)";4,1;
1429042;"Jabłonna Lacka (2)";3,2;
1429053;"Kosów Lacki (3)";3,2;
1429062;"Repki (2)";3,0;
1429072;"Sabnie (2)";3,9;
1429082;"Sokołów Podlaski (2)";4,1;
1429092;"Sterdyń (2)";3,6;
1430012;"Chlewiska (2)";15,8;
1430022;"Jastrząb (2)";13,2;
1430032;"Mirów (2)";14,7;
1430042;"Orońsko (2)";14,1;
1430053;"Szydłowiec (3)";12,7;
1432013;"Błonie (3)";1,0;
1432022;"Izabelin (2)";2,1;
1432032;"Kampinos (2)";2,3;
1432042;"Leszno (2)";1,8;
1432053;"Łomianki (3)";1,6;
1432063;"Ożarów Mazowiecki (3)";1,3;
1432072;"Stare Babice (2)";1,4;
1433011;"Węgrów (1)";4,0;
1433022;"Grębków (2)";2,5;
1433032;"Korytnica (2)";3,0;
1433042;"Liw (2)";4,0;
1433053;"Łochów (3)";3,8;
1433062;"Miedzna (2)";2,8;
1433072;"Sadowne (2)";4,4;
1433082;"Stoczek (2)";4,0;
1433092;"Wierzbno (2)";3,3;
1434011;"Kobyłka (1)";3,4;
1434021;"Marki (1)";2,6;
1434031;"Ząbki (1)";1,9;
1434041;"Zielonka (1)";3,4;
1434052;"Dąbrówka (2)";3,1;
1434062;"Jadów (2)";6,7;
1434072;"Klembów (2)";4,4;
1434082;"Poświętne (2)";3,7;
1434093;"Radzymin (3)";3,5;
1434102;"Strachówka (2)";4,0;
1434113;"Tłuszcz (3)";4,9;
1434123;"Wołomin (3)";4,3;
1435012;"Brańszczyk (2)";1,8;
1435022;"Długosiodło (2)";2,7;
1435032;"Rząśnik (2)";1,8;
1435042;"Somianka (2)";2,0;
1435053;"Wyszków (3)";2,4;
1435062;"Zabrodzie (2)";1,8;
1436012;"Kazanów (2)";7,6;
1436022;"Policzna (2)";7,0;
1436032;"Przyłęk (2)";4,5;
1436042;"Tczów (2)";6,6;
1436053;"Zwoleń (3)";6,8;
1437013;"Bieżuń (3)";9,3;
1437022;"Kuczbork-Osada (2)";12,4;
1437033;"Lubowidz (3)";10,7;
1437042;"Lutocin (2)";8,4;
1437052;"Siemiątkowo (2)";10,3;
1437063;"Żuromin (3)";10,1;
1438011;"Żyrardów (1)";5,9;
1438023;"Mszczonów (3)";4,5;
1438032;"Puszcza Mariańska (2)";6,1;
1438042;"Radziejowice (2)";5,0;
1438052;"Wiskitki (2)";7,1;
1461011;"Ostrołęka (1)";6,8;
1462011;"Płock (1)";5,5;
1463011;"Radom (1)";8,3;
1464011;"Siedlce (1)";3,2;
1465011;"M.st.Warszawa od 2002 (1)";1,7;
1601011;"Brzeg (1)";3,9;
1601022;"Skarbimierz (2)";3,2;
1601033;"Grodków (3)";4,3;
1601043;"Lewin Brzeski (3)";4,2;
1601052;"Lubsza (2)";3,9;
1601062;"Olszanka (2)";3,5;
1602013;"Baborów (3)";4,8;
1602022;"Branice (2)";4,4;
1602033;"Głubczyce (3)";5,7;
1602043;"Kietrz (3)";4,0;
1603011;"Kędzierzyn-Koźle (1)";4,5;
1603022;"Bierawa (2)";3,6;
1603032;"Cisek (2)";3,0;
1603042;"Pawłowiczki (2)";4,4;
1603052;"Polska Cerekiew (2)";4,6;
1603062;"Reńska Wieś (2)";4,5;
1604013;"Byczyna (3)";4,4;
1604023;"Kluczbork (3)";3,3;
1604032;"Lasowice Wielkie (2)";2,4;
1604043;"Wołczyn (3)";4,5;
1605013;"Gogolin (3)";3,5;
1605023;"Krapkowice (3)";4,2;
1605032;"Strzeleczki (2)";4,3;
1605042;"Walce (2)";2,6;
1605053;"Zdzieszowice (3)";3,1;
1606012;"Domaszowice (2)";4,3;
1606023;"Namysłów (3)";4,0;
1606032;"Pokój (2)";3,8;
1606042;"Świerczów (2)";5,2;
1606052;"Wilków (2)";4,0;
1607013;"Głuchołazy (3)";4,1;
1607022;"Kamiennik (2)";4,5;
1607033;"Korfantów (3)";3,3;
1607042;"Łambinowice (2)";3,5;
1607053;"Nysa (3)";3,1;
1607063;"Otmuchów (3)";3,8;
1607073;"Paczków (3)";4,6;
1607082;"Pakosławice (2)";4,2;
1607092;"Skoroszyce (2)";2,9;
1608013;"Dobrodzień (3)";2,1;
1608023;"Gorzów Śląski (3)";2,6;
1608033;"Olesno (3)";2,2;
1608043;"Praszka (3)";2,9;
1608052;"Radłów (2)";2,5;
1608062;"Rudniki (2)";2,9;
1608072;"Zębowice (2)";3,0;
1609012;"Chrząstowice (2)";2,2;
1609022;"Dąbrowa (2)";2,9;
1609032;"Dobrzeń Wielki (2)";2,0;
1609042;"Komprachcice (2)";2,5;
1609052;"Łubniany (2)";2,3;
1609062;"Murów (2)";3,1;
1609073;"Niemodlin (3)";3,0;
1609083;"Ozimek (3)";2,4;
1609092;"Popielów (2)";2,5;
1609103;"Prószków (3)";2,0;
1609112;"Tarnów Opolski (2)";2,2;
1609123;"Tułowice (3)";2,5;
1609132;"Turawa (2)";2,6;
1610013;"Biała (3)";2,9;
1610023;"Głogówek (3)";2,6;
1610032;"Lubrza (2)";4,5;
1610043;"Prudnik (3)";6,0;
1611012;"Izbicko (2)";2,3;
1611022;"Jemielnica (2)";2,5;
1611033;"Kolonowskie (3)";2,3;
1611043;"Leśnica (3)";2,4;
1611053;"Strzelce Opolskie (3)";3,3;
1611063;"Ujazd (3)";2,5;
1611073;"Zawadzkie (3)";2,5;
1661011;"Opole (1)";3,0;
1801032;"Czarna (2)";9,0;
1801052;"Lutowiska (2)";10,5;
1801083;"Ustrzyki Dolne (3)";8,2;
1802013;"Brzozów (3)";10,3;
1802022;"Domaradz (2)";12,0;
1802032;"Dydnia (2)";12,1;
1802042;"Haczów (2)";8,2;
1802052;"Jasienica Rosielna (2)";10,6;
1802062;"Nozdrzec (2)";11,0;
1803011;"Dębica (1)";3,4;
1803023;"Brzostek (3)";3,3;
1803032;"Czarna (2)";4,0;
1803042;"Dębica (2)";3,4;
1803052;"Jodłowa (2)";3,1;
1803063;"Pilzno (3)";2,8;
1803072;"Żyraków (2)";2,6;
1804011;"Jarosław (1)";7,2;
1804021;"Radymno (1)";7,3;
1804032;"Chłopice (2)";6,4;
1804042;"Jarosław (2)";6,9;
1804052;"Laszki (2)";8,3;
1804062;"Pawłosiów (2)";6,5;
1804073;"Pruchnik (3)";8,3;
1804082;"Radymno (2)";6,0;
1804092;"Rokietnica (2)";6,4;
1804102;"Roźwienica (2)";7,9;
1804112;"Wiązownica (2)";6,2;
1805011;"Jasło (1)";6,6;
1805022;"Brzyska (2)";6,7;
1805032;"Dębowiec (2)";6,6;
1805042;"Jasło (2)";6,7;
1805053;"Kołaczyce (3)";7,6;
1805062;"Krempna (2)";8,7;
1805072;"Nowy Żmigród (2)";7,5;
1805082;"Osiek Jasielski (2)";7,5;
1805092;"Skołyszyn (2)";7,3;
1805112;"Tarnowiec (2)";7,0;
1806012;"Cmolas (2)";4,7;
1806023;"Kolbuszowa (3)";4,3;
1806032;"Majdan Królewski (2)";5,7;
1806042;"Niwiska (2)";3,5;
1806052;"Raniżów (2)";4,3;
1806062;"Dzikowiec (2)";4,9;
1807012;"Chorkówka (2)";3,6;
1807023;"Dukla (3)";3,3;
1807033;"Iwonicz-Zdrój (3)";2,5;
1807043;"Jedlicze (3)";2,7;
1807052;"Korczyna (2)";2,6;
1807062;"Krościenko Wyżne (2)";2,2;
1807072;"Miejsce Piastowe (2)";2,3;
1807083;"Rymanów (3)";1,9;
1807092;"Wojaszówka (2)";2,6;
1807102;"Jaśliska (2)";3,7;
1808011;"Leżajsk (1)";7,0;
1808022;"Grodzisko Dolne (2)";6,8;
1808032;"Kuryłówka (2)";8,9;
1808042;"Leżajsk (2)";7,8;
1808053;"Nowa Sarzyna (3)";8,5;
1809011;"Lubaczów (1)";5,3;
1809023;"Cieszanów (3)";6,1;
1809032;"Horyniec-Zdrój (2)";6,1;
1809042;"Lubaczów (2)";6,1;
1809053;"Narol (3)";6,2;
1809063;"Oleszyce (3)";6,2;
1809072;"Stary Dzików (2)";3,4;
1809082;"Wielkie Oczy (2)";6,0;
1810011;"Łańcut (1)";5,9;
1810022;"Białobrzegi (2)";7,1;
1810032;"Czarna (2)";6,7;
1810042;"Łańcut (2)";5,4;
1810052;"Markowa (2)";6,3;
1810062;"Rakszawa (2)";7,8;
1810072;"Żołynia (2)";7,2;
1811011;"Mielec (1)";3,6;
1811022;"Borowa (2)";2,8;
1811032;"Czermin (2)";2,9;
1811042;"Gawłuszowice (2)";3,6;
1811052;"Mielec (2)";3,3;
1811062;"Padew Narodowa (2)";3,7;
1811073;"Przecław (3)";3,6;
1811083;"Radomyśl Wielki (3)";2,9;
1811092;"Tuszów Narodowy (2)";3,8;
1811102;"Wadowice Górne (2)";2,8;
1812012;"Harasiuki (2)";10,3;
1812022;"Jarocin (2)";7,6;
1812032;"Jeżowe (2)";8,5;
1812042;"Krzeszów (2)";7,9;
1812053;"Nisko (3)";7,6;
1812063;"Rudnik nad Sanem (3)";9,6;
1812073;"Ulanów (3)";8,9;
1813012;"Bircza (2)";8,9;
1813022;"Dubiecko (2)";7,7;
1813032;"Fredropol (2)";7,9;
1813042;"Krasiczyn (2)";9,1;
1813052;"Krzywcza (2)";7,3;
1813062;"Medyka (2)";7,7;
1813072;"Orły (2)";6,8;
1813082;"Przemyśl (2)";6,1;
1813092;"Stubno (2)";8,1;
1813102;"Żurawica (2)";6,6;
1814011;"Przeworsk (1)";8,1;
1814022;"Adamówka (2)";5,4;
1814032;"Gać (2)";7,9;
1814042;"Jawornik Polski (2)";7,9;
1814053;"Kańczuga (3)";8,6;
1814062;"Przeworsk (2)";8,8;
1814073;"Sieniawa (3)";7,0;
1814082;"Tryńcza (2)";8,7;
1814092;"Zarzecze (2)";8,3;
1815012;"Iwierzyce (2)";6,3;
1815022;"Ostrów (2)";6,8;
1815033;"Ropczyce (3)";5,6;
1815043;"Sędziszów Małopolski (3)";7,1;
1815052;"Wielopole Skrzyńskie (2)";6,4;
1816011;"Dynów (1)";9,2;
1816023;"Błażowa (3)";4,9;
1816033;"Boguchwała (3)";4,5;
1816042;"Chmielnik (2)";5,0;
1816052;"Dynów (2)";7,8;
1816063;"Głogów Małopolski (3)";5,0;
1816072;"Hyżne (2)";5,0;
1816082;"Kamień (2)";6,8;
1816092;"Krasne (2)";5,1;
1816102;"Lubenia (2)";6,2;
1816113;"Sokołów Małopolski (3)";6,9;
1816122;"Świlcza (2)";5,1;
1816132;"Trzebownisko (2)";4,3;
1816143;"Tyczyn (3)";5,3;
1817011;"Sanok (1)";4,5;
1817022;"Besko (2)";4,8;
1817032;"Bukowsko (2)";4,0;
1817042;"Komańcza (2)";6,9;
1817052;"Sanok (2)";4,8;
1817062;"Tyrawa Wołoska (2)";5,2;
1817073;"Zagórz (3)";5,0;
1817082;"Zarszyn (2)";4,5;
1818011;"Stalowa Wola (1)";3,4;
1818022;"Bojanów (2)";2,5;
1818032;"Pysznica (2)";2,3;
1818042;"Radomyśl nad Sanem (2)";3,3;
1818053;"Zaklików (3)";4,0;
1818062;"Zaleszany (2)";3,3;
1819012;"Czudec (2)";8,8;
1819022;"Frysztak (2)";10,4;
1819032;"Niebylec (2)";9,4;
1819043;"Strzyżów (3)";7,8;
1819052;"Wiśniowa (2)";9,9;
1820013;"Baranów Sandomierski (3)";4,9;
1820022;"Gorzyce (2)";4,6;
1820032;"Grębów (2)";5,4;
1820043;"Nowa Dęba (3)";3,5;
1821012;"Baligród (2)";10,6;
1821022;"Cisna (2)";14,1;
1821033;"Lesko (3)";10,0;
1821042;"Olszanica (2)";11,6;
1821052;"Solina (2)";13,1;
1861011;"Krosno (1)";2,6;
1862011;"Przemyśl (1)";8,0;
1863011;"Rzeszów (1)";5,2;
1864011;"Tarnobrzeg (1)";4,6;
2001011;"Augustów (1)";5,8;
2001022;"Augustów (2)";5,1;
2001032;"Bargłów Kościelny (2)";5,9;
2001043;"Lipsk (3)";6,6;
2001052;"Nowinka (2)";6,0;
2001062;"Płaska (2)";8,4;
2001072;"Sztabin (2)";5,8;
2002013;"Choroszcz (3)";2,8;
2002023;"Czarna Białostocka (3)";3,9;
2002032;"Dobrzyniewo Duże (2)";3,3;
2002042;"Gródek (2)";6,9;
2002052;"Juchnowiec Kościelny (2)";3,6;
2002063;"Łapy (3)";7,0;
2002073;"Michałowo (3)";5,6;
2002082;"Poświętne (2)";5,9;
2002093;"Supraśl (3)";3,6;
2002103;"Suraż (3)";5,5;
2002112;"Turośń Kościelna (2)";4,8;
2002123;"Tykocin (3)";3,1;
2002133;"Wasilków (3)";3,7;
2002143;"Zabłudów (3)";3,7;
2002152;"Zawady (2)";2,1;
2003011;"Bielsk Podlaski (1)";3,8;
2003021;"Brańsk (1)";3,5;
2003032;"Bielsk Podlaski (2)";4,0;
2003042;"Boćki (2)";3,2;
2003052;"Brańsk (2)";2,0;
2003062;"Orla (2)";4,9;
2003072;"Rudka (2)";5,2;
2003082;"Wyszki (2)";3,2;
2004011;"Grajewo (1)";7,8;
2004022;"Grajewo (2)";5,3;
2004032;"Radziłów (2)";5,1;
2004043;"Rajgród (3)";7,2;
2004053;"Szczuczyn (3)";7,7;
2004062;"Wąsosz (2)";6,0;
2005011;"Hajnówka (1)";4,1;
2005022;"Białowieża (2)";6,9;
2005032;"Czeremcha (2)";6,1;
2005042;"Czyże (2)";3,1;
2005052;"Dubicze Cerkiewne (2)";5,0;
2005062;"Hajnówka (2)";3,8;
2005073;"Kleszczele (3)";5,0;
2005082;"Narew (2)";5,6;
2005092;"Narewka (2)";5,2;
2006011;"Kolno (1)";9,7;
2006022;"Grabowo (2)";6,5;
2006032;"Kolno (2)";9,8;
2006042;"Mały Płock (2)";9,0;
2006053;"Stawiski (3)";7,7;
2006062;"Turośl (2)";11,7;
2007013;"Jedwabne (3)";3,1;
2007022;"Łomża (2)";4,1;
2007032;"Miastkowo (2)";4,7;
2007043;"Nowogród (3)";4,3;
2007052;"Piątnica (2)";3,4;
2007062;"Przytuły (2)";2,0;
2007072;"Śniadowo (2)";3,5;
2007082;"Wizna (2)";3,1;
2007092;"Zbójna (2)";5,6;
2008013;"Goniądz (3)";4,0;
2008022;"Jasionówka (2)";4,4;
2008032;"Jaświły (2)";3,0;
2008043;"Knyszyn (3)";4,8;
2008052;"Krypno (2)";3,9;
2008063;"Mońki (3)";4,2;
2008072;"Trzcianne (2)";3,8;
2009011;"Sejny (1)";9,8;
2009022;"Giby (2)";11,0;
2009032;"Krasnopol (2)";7,6;
2009042;"Puńsk (2)";6,9;
2009052;"Sejny (2)";8,2;
2010011;"Siemiatycze (1)";3,9;
2010023;"Drohiczyn (3)";3,5;
2010032;"Dziadkowice (2)";3,6;
2010042;"Grodzisk (2)";2,6;
2010052;"Mielnik (2)";4,0;
2010062;"Milejczyce (2)";5,9;
2010072;"Nurzec-Stacja (2)";7,0;
2010082;"Perlejewo (2)";2,5;
2010092;"Siemiatycze (2)";3,2;
2011013;"Dąbrowa Białostocka (3)";7,5;
2011022;"Janów (2)";3,9;
2011032;"Korycin (2)";3,0;
2011043;"Krynki (3)";11,4;
2011052;"Kuźnica (2)";7,8;
2011062;"Nowy Dwór (2)";8,2;
2011072;"Sidra (2)";5,5;
2011083;"Sokółka (3)";6,5;
2011093;"Suchowola (3)";6,1;
2011102;"Szudziałowo (2)";8,2;
2012012;"Bakałarzewo (2)";2,1;
2012022;"Filipów (2)";3,1;
2012032;"Jeleniewo (2)";2,0;
2012042;"Przerośl (2)";2,9;
2012052;"Raczki (2)";2,3;
2012062;"Rutka-Tartak (2)";1,6;
2012072;"Suwałki (2)";2,6;
2012082;"Szypliszki (2)";2,7;
2012092;"Wiżajny (2)";2,3;
2013011;"Wysokie Mazowieckie (1)";4,4;
2013023;"Ciechanowiec (3)";5,5;
2013033;"Czyżew (3)";4,2;
2013042;"Klukowo (2)";5,4;
2013052;"Kobylin-Borzymy (2)";2,6;
2013062;"Kulesze Kościelne (2)";3,6;
2013072;"Nowe Piekuty (2)";3,4;
2013082;"Sokoły (2)";4,9;
2013093;"Szepietowo (3)";5,6;
2013102;"Wysokie Mazowieckie (2)";3,7;
2014011;"Zambrów (1)";5,5;
2014022;"Kołaki Kościelne (2)";1,8;
2014032;"Rutki (2)";3,3;
2014042;"Szumowo (2)";2,4;
2014052;"Zambrów (2)";3,4;
2061011;"Białystok (1)";3,9;
2062011;"Łomża (1)";4,7;
2063011;"Suwałki (1)";3,3;
2201012;"Borzytuchom (2)";4,9;
2201023;"Bytów (3)";4,1;
2201032;"Czarna Dąbrówka (2)";6,6;
2201042;"Kołczygłowy (2)";5,4;
2201052;"Lipnica (2)";3,9;
2201063;"Miastko (3)";9,1;
2201072;"Parchowo (2)";3,3;
2201082;"Studzienice (2)";3,1;
2201092;"Trzebielino (2)";7,0;
2201102;"Tuchomie (2)";3,4;
2202011;"Chojnice (1)";3,6;
2202023;"Brusy (3)";6,2;
2202032;"Chojnice (2)";4,9;
2202043;"Czersk (3)";6,5;
2202052;"Konarzyny (2)";6,8;
2203011;"Człuchów (1)";4,5;
2203023;"Czarne (3)";4,9;
2203032;"Człuchów (2)";5,6;
2203043;"Debrzno (3)";6,4;
2203052;"Koczała (2)";6,8;
2203062;"Przechlewo (2)";4,5;
2203072;"Rzeczenica (2)";4,5;
2204011;"Pruszcz Gdański (1)";2,1;
2204022;"Cedry Wielkie (2)";3,0;
2204032;"Kolbudy (2)";1,9;
2204042;"Pruszcz Gdański (2)";2,0;
2204052;"Przywidz (2)";2,4;
2204062;"Pszczółki (2)";2,1;
2204072;"Suchy Dąb (2)";3,0;
2204082;"Trąbki Wielkie (2)";2,5;
2205012;"Chmielno (2)";1,9;
2205023;"Kartuzy (3)";1,8;
2205032;"Przodkowo (2)";1,2;
2205042;"Sierakowice (2)";1,7;
2205052;"Somonino (2)";1,9;
2205062;"Stężyca (2)";1,8;
2205072;"Sulęczyno (2)";2,0;
2205083;"Żukowo (3)";1,2;
2206011;"Kościerzyna (1)";4,2;
2206022;"Dziemiany (2)";3,7;
2206032;"Karsin (2)";3,9;
2206042;"Kościerzyna (2)";3,6;
2206052;"Liniewo (2)";4,6;
2206062;"Lipusz (2)";3,5;
2206072;"Nowa Karczma (2)";3,7;
2206082;"Stara Kiszewa (2)";3,6;
2207011;"Kwidzyn (1)";2,9;
2207022;"Gardeja (2)";3,9;
2207032;"Kwidzyn (2)";3,4;
2207043;"Prabuty (3)";4,5;
2207052;"Ryjewo (2)";4,4;
2207062;"Sadlinki (2)";3,2;
2208011;"Lębork (1)";4,6;
2208021;"Łeba (1)";6,2;
2208032;"Cewice (2)";4,4;
2208042;"Nowa Wieś Lęborska (2)";4,5;
2208052;"Wicko (2)";6,6;
2209011;"Malbork (1)";4,2;
2209032;"Lichnowy (2)";5,1;
2209042;"Malbork (2)";4,5;
2209062;"Miłoradz (2)";3,7;
2209073;"Nowy Staw (3)";5,5;
2209082;"Stare Pole (2)";4,6;
2210011;"Krynica Morska (1)";6,2;
2210023;"Nowy Dwór Gdański (3)";6,1;
2210032;"Ostaszewo (2)";6,1;
2210042;"Stegna (2)";5,1;
2210052;"Sztutowo (2)";6,8;
2211011;"Hel (1)";4,5;
2211023;"Jastarnia (3)";6,6;
2211031;"Puck (1)";4,0;
2211043;"Władysławowo (3)";4,1;
2211052;"Kosakowo (2)";2,2;
2211062;"Krokowa (2)";3,2;
2211072;"Puck (2)";3,1;
2212011;"Ustka (1)";2,4;
2212022;"Damnica (2)";2,9;
2212032;"Dębnica Kaszubska (2)";6,3;
2212042;"Główczyce (2)";2,5;
2212053;"Kępice (3)";6,7;
2212062;"Kobylnica (2)";2,3;
2212072;"Potęgowo (2)";4,1;
2212082;"Słupsk (2)";2,7;
2212092;"Smołdzino (2)";3,0;
2212102;"Ustka (2)";2,8;
2213013;"Czarna Woda (3)";3,8;
2213021;"Skórcz (1)";3,3;
2213031;"Starogard Gdański (1)";2,8;
2213042;"Bobowo (2)";3,3;
2213052;"Kaliska (2)";3,3;
2213062;"Lubichowo (2)";4,7;
2213072;"Osieczna (2)";5,8;
2213082;"Osiek (2)";4,7;
2213093;"Skarszewy (3)";2,7;
2213102;"Skórcz (2)";3,9;
2213112;"Smętowo Graniczne (2)";4,0;
2213122;"Starogard Gdański (2)";2,5;
2213132;"Zblewo (2)";2,7;
2214011;"Tczew (1)";3,3;
2214023;"Gniew (3)";3,8;
2214032;"Morzeszczyn (2)";4,5;
2214043;"Pelplin (3)";3,6;
2214052;"Subkowy (2)";4,0;
2214062;"Tczew (2)";3,3;
2215011;"Reda (1)";2,3;
2215021;"Rumia (1)";2,1;
2215031;"Wejherowo (1)";3,0;
2215042;"Choczewo (2)";4,3;
2215052;"Gniewino (2)";2,7;
2215062;"Linia (2)";2,2;
2215072;"Luzino (2)";2,9;
2215082;"Łęczyce (2)";2,8;
2215092;"Szemud (2)";1,9;
2215102;"Wejherowo (2)";2,8;
2216013;"Dzierzgoń (3)";5,6;
2216022;"Mikołajki Pomorskie (2)";3,2;
2216032;"Stary Dzierzgoń (2)";5,5;
2216042;"Stary Targ (2)";3,5;
2216053;"Sztum (3)";2,6;
2261011;"Gdańsk (1)";2,2;
2262011;"Gdynia (1)";1,7;
2263011;"Słupsk (1)";2,5;
2264011;"Sopot (1)";1,4;
2401011;"Będzin (1)";3,2;
2401021;"Czeladź (1)";2,9;
2401031;"Wojkowice (1)";2,5;
2401042;"Bobrowniki (2)";2,1;
2401052;"Mierzęcice (2)";2,1;
2401062;"Psary (2)";2,4;
2401073;"Siewierz (3)";2,7;
2401081;"Sławków (1)";2,5;
2402011;"Szczyrk (1)";2,3;
2402022;"Bestwina (2)";1,7;
2402032;"Buczkowice (2)";2,0;
2402043;"Czechowice-Dziedzice (3)";2,4;
2402052;"Jasienica (2)";1,1;
2402062;"Jaworze (2)";1,5;
2402072;"Kozy (2)";1,3;
2402082;"Porąbka (2)";1,6;
2402093;"Wilamowice (3)";1,2;
2402102;"Wilkowice (2)";1,7;
2403011;"Cieszyn (1)";3,1;
2403021;"Ustroń (1)";3,3;
2403031;"Wisła (1)";3,7;
2403042;"Brenna (2)";2,8;
2403052;"Chybie (2)";2,4;
2403062;"Dębowiec (2)";2,2;
2403072;"Goleszów (2)";3,1;
2403082;"Hażlach (2)";2,7;
2403092;"Istebna (2)";3,6;
2403103;"Skoczów (3)";2,7;
2403113;"Strumień (3)";2,4;
2403122;"Zebrzydowice (2)";2,3;
2404013;"Blachownia (3)";2,6;
2404022;"Dąbrowa Zielona (2)";9,2;
2404032;"Janów (2)";3,1;
2404042;"Kamienica Polska (2)";2,4;
2404052;"Kłomnice (2)";2,1;
2404063;"Koniecpol (3)";9,0;
2404072;"Konopiska (2)";2,2;
2404082;"Kruszyna (2)";2,4;
2404092;"Lelów (2)";7,6;
2404102;"Mstów (2)";2,1;
2404112;"Mykanów (2)";2,1;
2404122;"Olsztyn (2)";2,3;
2404132;"Poczesna (2)";2,1;
2404142;"Przyrów (2)";6,4;
2404152;"Rędziny (2)";2,2;
2404162;"Starcza (2)";2,7;
2405011;"Knurów (1)";1,6;
2405021;"Pyskowice (1)";2,4;
2405032;"Gierałtowice (2)";1,0;
2405042;"Pilchowice (2)";1,8;
2405052;"Rudziniec (2)";2,7;
2405063;"Sośnicowice (3)";2,0;
2405073;"Toszek (3)";2,1;
2405082;"Wielowieś (2)";2,6;
2406013;"Kłobuck (3)";4,5;
2406023;"Krzepice (3)";3,3;
2406032;"Lipie (2)";3,6;
2406042;"Miedźno (2)";4,5;
2406052;"Opatów (2)";4,0;
2406062;"Panki (2)";3,8;
2406072;"Popów (2)";2,9;
2406082;"Przystajń (2)";3,8;
2406092;"Wręczyca Wielka (2)";4,6;
2407011;"Lubliniec (1)";3,0;
2407022;"Boronów (2)";3,0;
2407032;"Ciasna (2)";2,9;
2407042;"Herby (2)";4,1;
2407052;"Kochanowice (2)";3,2;
2407062;"Koszęcin (2)";3,0;
2407072;"Pawonków (2)";2,8;
2407083;"Woźniki (3)";3,1;
2408011;"Łaziska Górne (1)";2,1;
2408021;"Mikołów (1)";1,8;
2408031;"Orzesze (1)";2,0;
2408042;"Ornontowice (2)";1,6;
2408052;"Wyry (2)";1,7;
2409011;"Myszków (1)";3,2;
2409023;"Koziegłowy (3)";3,2;
2409032;"Niegowa (2)";4,2;
2409042;"Poraj (2)";2,9;
2409053;"Żarki (3)";4,4;
2410012;"Goczałkowice-Zdrój (2)";1,4;
2410022;"Kobiór (2)";1,8;
2410032;"Miedźna (2)";1,3;
2410042;"Pawłowice (2)";1,0;
2410053;"Pszczyna (3)";2,3;
2410062;"Suszec (2)";1,2;
2411011;"Racibórz (1)";2,7;
2411022;"Kornowac (2)";1,7;
2411033;"Krzanowice (3)";2,5;
2411042;"Krzyżanowice (2)";2,3;
2411053;"Kuźnia Raciborska (3)";2,4;
2411062;"Nędza (2)";2,0;
2411072;"Pietrowice Wielkie (2)";1,6;
2411082;"Rudnik (2)";2,3;
2412013;"Czerwionka-Leszczyny (3)";2,1;
2412022;"Gaszowice (2)";1,4;
2412032;"Jejkowice (2)";1,5;
2412042;"Lyski (2)";1,4;
2412052;"Świerklany (2)";1,3;
2413011;"Kalety (1)";4,2;
2413021;"Miasteczko Śląskie (1)";3,5;
2413031;"Radzionków (1)";2,5;
2413041;"Tarnowskie Góry (1)";3,2;
2413052;"Krupski Młyn (2)";2,1;
2413062;"Ożarowice (2)";2,6;
2413072;"Świerklaniec (2)";2,5;
2413082;"Tworóg (2)";2,8;
2413092;"Zbrosławice (2)";2,2;
2414011;"Bieruń (1)";1,2;
2414021;"Imielin (1)";1,3;
2414031;"Lędziny (1)";1,4;
2414042;"Bojszowy (2)";0,8;
2414052;"Chełm Śląski (2)";1,2;
2415011;"Pszów (1)";2,3;
2415021;"Radlin (1)";2,5;
2415031;"Rydułtowy (1)";3,1;
2415041;"Wodzisław Śląski (1)";2,8;
2415052;"Godów (2)";1,7;
2415062;"Gorzyce (2)";2,1;
2415072;"Lubomia (2)";2,0;
2415082;"Marklowice (2)";1,9;
2415092;"Mszana (2)";1,8;
2416011;"Poręba (1)";3,0;
2416021;"Zawiercie (1)";3,7;
2416032;"Irządze (2)";2,8;
2416042;"Kroczyce (2)";3,6;
2416053;"Łazy (3)";3,6;
2416063;"Ogrodzieniec (3)";3,5;
2416073;"Pilica (3)";2,1;
2416083;"Szczekociny (3)";3,9;
2416092;"Włodowice (2)";4,1;
2416102;"Żarnowiec (2)";1,6;
2417011;"Żywiec (1)";3,2;
2417022;"Czernichów (2)";3,1;
2417032;"Gilowice (2)";2,8;
2417042;"Jeleśnia (2)";3,8;
2417052;"Koszarawa (2)";3,5;
2417062;"Lipowa (2)";2,9;
2417072;"Łękawica (2)";3,6;
2417082;"Łodygowice (2)";2,7;
2417092;"Milówka (2)";3,1;
2417102;"Radziechowy-Wieprz (2)";3,5;
2417112;"Rajcza (2)";5,3;
2417122;"Ślemień (2)";3,6;
2417132;"Świnna (2)";3,1;
2417142;"Ujsoły (2)";5,2;
2417152;"Węgierska Górka (2)";4,8;
2461011;"Bielsko-Biała (1)";1,9;
2462011;"Bytom (1)";3,8;
2463011;"Chorzów (1)";2,2;
2464011;"Częstochowa (1)";2,5;
2465011;"Dąbrowa Górnicza (1)";3,1;
2466011;"Gliwice (1)";2,4;
2467011;"Jastrzębie-Zdrój (1)";2,8;
2468011;"Jaworzno (1)";2,2;
2469011;"Katowice (1)";1,3;
2470011;"Mysłowice (1)";2,7;
2471011;"Piekary Śląskie (1)";3,0;
2472011;"Ruda Śląska (1)";1,4;
2473011;"Rybnik (1)";2,0;
2474011;"Siemianowice Śląskie (1)";2,3;
2475011;"Sosnowiec (1)";3,2;
2476011;"Świętochłowice (1)";2,3;
2477011;"Tychy (1)";1,7;
2478011;"Zabrze (1)";2,5;
2479011;"Żory (1)";1,9;
2601013;"Busko-Zdrój (3)";3,4;
2601022;"Gnojno (2)";3,1;
2601033;"Nowy Korczyn (3)";3,1;
2601043;"Pacanów (3)";2,9;
2601052;"Solec-Zdrój (2)";2,5;
2601063;"Stopnica (3)";3,1;
2601072;"Tuczępy (2)";3,2;
2601083;"Wiślica (3)";2,2;
2602012;"Imielno (2)";5,1;
2602023;"Jędrzejów (3)";5,2;
2602033;"Małogoszcz (3)";4,9;
2602042;"Nagłowice (2)";4,9;
2602052;"Oksa (2)";4,0;
2602063;"Sędziszów (3)";4,8;
2602072;"Słupia (2)";3,0;
2602082;"Sobków (2)";4,3;
2602092;"Wodzisław (2)";4,9;
2603012;"Bejsce (2)";4,9;
2603022;"Czarnocin (2)";4,4;
2603033;"Kazimierza Wielka (3)";5,7;
2603043;"Opatowiec (3)";4,2;
2603053;"Skalbmierz (3)";5,4;
2604012;"Bieliny (2)";6,0;
2604023;"Bodzentyn (3)";10,3;
2604033;"Chęciny (3)";4,9;
2604043;"Chmielnik (3)";5,8;
2604053;"Daleszyce (3)";6,5;
2604062;"Górno (2)";3,7;
2604073;"Łagów (3)";6,6;
2604082;"Łopuszno (2)";7,7;
2604092;"Masłów (2)";5,2;
2604102;"Miedziana Góra (2)";4,4;
2604112;"Mniów (2)";8,5;
2604123;"Morawica (3)";3,4;
2604133;"Nowa Słupia (3)";8,5;
2604142;"Piekoszów (2)";4,3;
2604153;"Pierzchnica (3)";6,8;
2604162;"Raków (2)";6,9;
2604172;"Nowiny (2)";3,9;
2604182;"Strawczyn (2)";6,7;
2604192;"Zagnańsk (2)";5,0;
2605012;"Fałków (2)";4,7;
2605022;"Gowarczów (2)";7,4;
2605033;"Końskie (3)";6,4;
2605043;"Radoszyce (3)";7,3;
2605052;"Ruda Maleniecka (2)";8,1;
2605062;"Słupia Konecka (2)";3,2;
2605072;"Smyków (2)";6,8;
2605083;"Stąporków (3)";8,2;
2606012;"Baćkowice (2)";7,7;
2606022;"Iwaniska (2)";13,1;
2606032;"Lipnik (2)";11,4;
2606043;"Opatów (3)";10,1;
2606053;"Ożarów (3)";8,8;
2606062;"Sadowie (2)";8,2;
2606072;"Tarłów (2)";11,2;
2606082;"Wojciechowice (2)";8,7;
2607011;"Ostrowiec Świętokrzyski (1)";5,9;
2607022;"Bałtów (2)";6,5;
2607032;"Bodzechów (2)";6,3;
2607043;"Ćmielów (3)";7,2;
2607053;"Kunów (3)";6,8;
2607062;"Waśniów (2)";4,2;
2608013;"Działoszyce (3)";4,8;
2608022;"Kije (2)";4,7;
2608032;"Michałów (2)";3,4;
2608043;"Pińczów (3)";5,0;
2608052;"Złota (2)";4,1;
2609011;"Sandomierz (1)";5,3;
2609022;"Dwikozy (2)";5,7;
2609032;"Klimontów (2)";6,7;
2609043;"Koprzywnica (3)";5,0;
2609052;"Łoniów (2)";4,6;
2609062;"Obrazów (2)";5,4;
2609072;"Samborzec (2)";4,2;
2609082;"Wilczyce (2)";5,9;
2609093;"Zawichost (3)";6,3;
2610011;"Skarżysko-Kamienna (1)";7,5;
2610022;"Bliżyn (2)";11,4;
2610032;"Łączna (2)";7,5;
2610042;"Skarżysko Kościelne (2)";9,7;
2610053;"Suchedniów (3)";8,5;
2611011;"Starachowice (1)";6,1;
2611022;"Brody (2)";7,0;
2611032;"Mirzec (2)";5,7;
2611042;"Pawłów (2)";4,7;
2611053;"Wąchock (3)";7,4;
2612012;"Bogoria (2)";5,6;
2612022;"Łubnice (2)";3,4;
2612033;"Oleśnica (3)";5,4;
2612043;"Osiek (3)";5,6;
2612053;"Połaniec (3)";4,2;
2612062;"Rytwiany (2)";5,2;
2612073;"Staszów (3)";4,8;
2612083;"Szydłów (3)";3,9;
2613012;"Kluczewsko (2)";5,3;
2613022;"Krasocin (2)";5,5;
2613032;"Moskorzew (2)";6,3;
2613042;"Radków (2)";4,8;
2613052;"Secemin (2)";6,2;
2613063;"Włoszczowa (3)";4,8;
2661011;"Kielce (1)";4,8;
2801011;"Bartoszyce (1)";6,9;
2801021;"Górowo Iławeckie (1)";7,8;
2801032;"Bartoszyce (2)";10,1;
2801043;"Bisztynek (3)";10,6;
2801052;"Górowo Iławeckie (2)";14,5;
2801063;"Sępopol (3)";11,7;
2802011;"Braniewo (1)";6,8;
2802022;"Braniewo (2)";11,8;
2802033;"Frombork (3)";7,7;
2802042;"Lelkowo (2)";17,1;
2802053;"Pieniężno (3)";11,7;
2802062;"Płoskinia (2)";11,6;
2802072;"Wilczęta (2)";12,7;
2803011;"Działdowo (1)";6,5;
2803022;"Działdowo (2)";9,8;
2803032;"Iłowo-Osada (2)";8,1;
2803043;"Lidzbark (3)";8,6;
2803052;"Płośnica (2)";8,8;
2803062;"Rybno (2)";7,7;
2804012;"Elbląg (2)";5,1;
2804022;"Godkowo (2)";9,0;
2804032;"Gronowo Elbląskie (2)";4,9;
2804042;"Markusy (2)";5,3;
2804052;"Milejewo (2)";4,8;
2804063;"Młynary (3)";7,7;
2804073;"Pasłęk (3)";9,2;
2804082;"Rychliki (2)";11,9;
2804093;"Tolkmicko (3)";5,1;
2805011;"Ełk (1)";5,1;
2805022;"Ełk (2)";10,3;
2805032;"Kalinowo (2)";7,0;
2805042;"Prostki (2)";7,3;
2805052;"Stare Juchy (2)";6,2;
2806011;"Giżycko (1)";4,1;
2806042;"Giżycko (2)";4,5;
2806052;"Kruklanki (2)";5,4;
2806062;"Miłki (2)";5,1;
2806083;"Ryn (3)";5,0;
2806102;"Wydminy (2)";5,3;
2807011;"Iława (1)";2,4;
2807021;"Lubawa (1)";2,4;
2807032;"Iława (2)";2,4;
2807043;"Kisielice (3)";3,2;
2807052;"Lubawa (2)";1,4;
2807063;"Susz (3)";4,3;
2807073;"Zalewo (3)";4,0;
2808011;"Kętrzyn (1)";6,8;
2808022;"Barciany (2)";10,6;
2808032;"Kętrzyn (2)";10,5;
2808043;"Korsze (3)";11,7;
2808053;"Reszel (3)";7,8;
2808062;"Srokowo (2)";10,5;
2809011;"Lidzbark Warmiński (1)";5,2;
2809022;"Kiwity (2)";5,8;
2809032;"Lidzbark Warmiński (2)";5,6;
2809042;"Lubomino (2)";9,0;
2809053;"Orneta (3)";9,1;
2810011;"Mrągowo (1)";5,4;
2810023;"Mikołajki (3)";7,5;
2810032;"Mrągowo (2)";4,4;
2810042;"Piecki (2)";5,3;
2810052;"Sorkwity (2)";6,5;
2811012;"Janowiec Kościelny (2)";3,0;
2811022;"Janowo (2)";3,0;
2811032;"Kozłowo (2)";4,4;
2811043;"Nidzica (3)";3,4;
2812011;"Nowe Miasto Lubawskie (1)";4,5;
2812022;"Biskupiec (2)";5,5;
2812032;"Grodziczno (2)";4,5;
2812042;"Kurzętnik (2)";3,9;
2812052;"Nowe Miasto Lubawskie (2)";4,8;
2813032;"Kowale Oleckie (2)";7,6;
2813043;"Olecko (3)";5,1;
2813052;"Świętajno (2)";8,7;
2813062;"Wieliczki (2)";7,2;
2814013;"Barczewo (3)";4,0;
2814023;"Biskupiec (3)";5,6;
2814033;"Dobre Miasto (3)";6,6;
2814042;"Dywity (2)";2,6;
2814052;"Gietrzwałd (2)";3,2;
2814063;"Jeziorany (3)";6,9;
2814072;"Jonkowo (2)";3,0;
2814082;"Kolno (2)";7,2;
2814093;"Olsztynek (3)";2,9;
2814102;"Purda (2)";3,8;
2814112;"Stawiguda (2)";1,9;
2814122;"Świątki (2)";4,8;
2815011;"Ostróda (1)";3,9;
2815022;"Dąbrówno (2)";6,6;
2815032;"Grunwald (2)";6,2;
2815042;"Łukta (2)";7,0;
2815052;"Małdyty (2)";6,7;
2815063;"Miłakowo (3)";8,9;
2815073;"Miłomłyn (3)";6,2;
2815083;"Morąg (3)";7,0;
2815092;"Ostróda (2)";4,4;
2816013;"Biała Piska (3)";6,9;
2816023;"Orzysz (3)";4,9;
2816033;"Pisz (3)";4,6;
2816043;"Ruciane-Nida (3)";5,6;
2817011;"Szczytno (1)";4,4;
2817022;"Dźwierzuty (2)";5,7;
2817032;"Jedwabno (2)";4,4;
2817043;"Pasym (3)";3,3;
2817052;"Rozogi (2)";4,2;
2817062;"Szczytno (2)";4,5;
2817072;"Świętajno (2)";4,6;
2817083;"Wielbark (3)";5,2;
2818012;"Banie Mazurskie (2)";7,7;
2818022;"Dubeninki (2)";7,1;
2818033;"Gołdap (3)";4,4;
2819012;"Budry (2)";10,6;
2819022;"Pozezdrze (2)";7,2;
2819033;"Węgorzewo (3)";6,9;
2861011;"Elbląg (1)";3,2;
2862011;"Olsztyn (1)";2,4;
3001011;"Chodzież (1)";4,2;
3001022;"Budzyń (2)";3,9;
3001032;"Chodzież (2)";4,5;
3001043;"Margonin (3)";7,1;
3001053;"Szamocin (3)";6,2;
3002011;"Czarnków (1)";1,6;
3002022;"Czarnków (2)";1,1;
3002032;"Drawsko (2)";4,5;
3002043;"Krzyż Wielkopolski (3)";4,4;
3002052;"Lubasz (2)";1,5;
3002062;"Połajewo (2)";1,2;
3002073;"Trzcianka (3)";2,9;
3002083;"Wieleń (3)";3,5;
3003011;"Gniezno (1)";2,3;
3003023;"Czerniejewo (3)";1,6;
3003032;"Gniezno (2)";1,6;
3003042;"Kiszkowo (2)";1,3;
3003053;"Kłecko (3)";1,6;
3003062;"Łubowo (2)";1,5;
3003072;"Mieleszyn (2)";2,0;
3003082;"Niechanowo (2)";2,2;
3003093;"Trzemeszno (3)";1,9;
3003103;"Witkowo (3)";2,6;
3004013;"Borek Wielkopolski (3)";3,2;
3004023;"Gostyń (3)";4,0;
3004033;"Krobia (3)";3,0;
3004042;"Pępowo (2)";3,7;
3004052;"Piaski (2)";3,4;
3004063;"Pogorzela (3)";3,3;
3004073;"Poniec (3)";3,7;
3005012;"Granowo (2)";2,3;
3005023;"Grodzisk Wielkopolski (3)";2,7;
3005032;"Kamieniec (2)";2,2;
3005043;"Rakoniewice (3)";2,4;
3005053;"Wielichowo (3)";1,7;
3006013;"Jaraczewo (3)";2,6;
3006023;"Jarocin (3)";2,3;
3006032;"Kotlin (2)";2,0;
3006043;"Żerków (3)";2,4;
3007012;"Blizanów (2)";1,3;
3007022;"Brzeziny (2)";1,4;
3007032;"Ceków-Kolonia (2)";1,1;
3007042;"Godziesze Wielkie (2)";1,5;
3007052;"Koźminek (2)";1,3;
3007062;"Lisków (2)";1,5;
3007072;"Mycielin (2)";1,4;
3007083;"Opatówek (3)";1,0;
3007093;"Stawiszyn (3)";1,7;
3007102;"Szczytniki (2)";1,4;
3007112;"Żelazków (2)";1,4;
3008012;"Baranów (2)";1,4;
3008022;"Bralin (2)";1,2;
3008033;"Kępno (3)";1,9;
3008042;"Łęka Opatowska (2)";0,8;
3008052;"Perzów (2)";1,6;
3008062;"Rychtal (2)";1,5;
3008072;"Trzcinica (2)";1,2;
3009011;"Koło (1)";2,8;
3009022;"Babiak (2)";2,2;
3009032;"Chodów (2)";2,8;
3009043;"Dąbie (3)";2,2;
3009052;"Grzegorzew (2)";2,5;
3009063;"Kłodawa (3)";2,3;
3009072;"Koło (2)";2,5;
3009082;"Kościelec (2)";2,3;
3009092;"Olszówka (2)";2,0;
3009102;"Osiek Mały (2)";2,2;
3009113;"Przedecz (3)";2,7;
3010013;"Golina (3)";5,3;
3010022;"Grodziec (2)";3,3;
3010032;"Kazimierz Biskupi (2)";4,1;
3010043;"Kleczew (3)";4,6;
3010052;"Kramsk (2)";5,5;
3010062;"Krzymów (2)";4,4;
3010073;"Rychwał (3)";3,3;
3010082;"Rzgów (2)";3,6;
3010092;"Skulsk (2)";4,9;
3010103;"Sompolno (3)";5,5;
3010112;"Stare Miasto (2)";3,1;
3010123;"Ślesin (3)";5,1;
3010132;"Wierzbinek (2)";6,0;
3010142;"Wilczyn (2)";6,2;
3011011;"Kościan (1)";1,8;
3011023;"Czempiń (3)";1,5;
3011032;"Kościan (2)";1,6;
3011043;"Krzywiń (3)";1,8;
3011053;"Śmigiel (3)";1,6;
3012011;"Sulmierzyce (1)";1,7;
3012023;"Kobylin (3)";2,5;
3012033;"Koźmin Wielkopolski (3)";1,9;
3012043;"Krotoszyn (3)";2,3;
3012052;"Rozdrażew (2)";1,5;
3012063;"Zduny (3)";2,3;
3013012;"Krzemieniewo (2)";2,1;
3013022;"Lipno (2)";2,0;
3013033;"Osieczna (3)";1,7;
3013043;"Rydzyna (3)";1,8;
3013052;"Święciechowa (2)";1,9;
3013062;"Wijewo (2)";1,6;
3013072;"Włoszakowice (2)";1,3;
3014012;"Chrzypsko Wielkie (2)";2,4;
3014022;"Kwilcz (2)";3,2;
3014033;"Międzychód (3)";2,4;
3014043;"Sieraków (3)";2,2;
3015012;"Kuślin (2)";1,8;
3015023;"Lwówek (3)";1,9;
3015032;"Miedzichowo (2)";1,9;
3015043;"Nowy Tomyśl (3)";1,5;
3015053;"Opalenica (3)";1,4;
3015063;"Zbąszyń (3)";1,1;
3016013;"Oborniki (3)";1,8;
3016023;"Rogoźno (3)";1,6;
3016032;"Ryczywół (2)";1,6;
3017011;"Ostrów Wielkopolski (1)";2,1;
3017023;"Nowe Skalmierzyce (3)";1,3;
3017033;"Odolanów (3)";1,9;
3017042;"Ostrów Wielkopolski (2)";2,0;
3017052;"Przygodzice (2)";1,4;
3017063;"Raszków (3)";1,5;
3017072;"Sieroszewice (2)";1,8;
3017082;"Sośnie (2)";2,6;
3018012;"Czajków (2)";1,9;
3018022;"Doruchów (2)";2,3;
3018033;"Grabów nad Prosną (3)";2,3;
3018042;"Kobyla Góra (2)";3,0;
3018052;"Kraszewice (2)";1,8;
3018063;"Mikstat (3)";2,4;
3018073;"Ostrzeszów (3)";3,6;
3019011;"Piła (1)";2,7;
3019022;"Białośliwie (2)";2,8;
3019032;"Kaczory (2)";2,4;
3019043;"Łobżenica (3)";3,6;
3019052;"Miasteczko Krajeńskie (2)";2,5;
3019062;"Szydłowo (2)";2,7;
3019073;"Ujście (3)";2,7;
3019083;"Wyrzysk (3)";3,7;
3019093;"Wysoka (3)";3,1;
3020013;"Chocz (3)";3,1;
3020022;"Czermin (2)";2,2;
3020033;"Dobrzyca (3)";2,2;
3020042;"Gizałki (2)";2,4;
3020052;"Gołuchów (2)";1,8;
3020063;"Pleszew (3)";3,0;
3021011;"Luboń (1)";0,9;
3021021;"Puszczykowo (1)";1,0;
3021033;"Buk (3)";1,3;
3021042;"Czerwonak (2)";0,8;
3021052;"Dopiewo (2)";0,7;
3021062;"Kleszczewo (2)";0,7;
3021072;"Komorniki (2)";0,7;
3021083;"Kostrzyn (3)";1,1;
3021093;"Kórnik (3)";0,7;
3021103;"Mosina (3)";1,0;
3021113;"Murowana Goślina (3)";1,0;
3021123;"Pobiedziska (3)";0,9;
3021132;"Rokietnica (2)";0,7;
3021143;"Stęszew (3)";1,2;
3021152;"Suchy Las (2)";0,6;
3021163;"Swarzędz (3)";0,9;
3021172;"Tarnowo Podgórne (2)";1,1;
3022013;"Bojanowo (3)";3,2;
3022023;"Jutrosin (3)";2,1;
3022033;"Miejska Górka (3)";2,5;
3022042;"Pakosław (2)";2,1;
3022053;"Rawicz (3)";2,9;
3023011;"Słupca (1)";4,4;
3023022;"Lądek (2)";3,7;
3023032;"Orchowo (2)";5,9;
3023042;"Ostrowite (2)";5,0;
3023052;"Powidz (2)";4,8;
3023062;"Słupca (2)";4,6;
3023072;"Strzałkowo (2)";3,5;
3023083;"Zagórów (3)";3,7;
3024011;"Obrzycko (1)";2,1;
3024022;"Duszniki (2)";1,6;
3024032;"Kaźmierz (2)";1,4;
3024042;"Obrzycko (2)";2,6;
3024053;"Ostroróg (3)";2,3;
3024063;"Pniewy (3)";1,6;
3024073;"Szamotuły (3)";2,0;
3024083;"Wronki (3)";1,2;
3025012;"Dominowo (2)";5,3;
3025022;"Krzykosy (2)";3,2;
3025032;"Nowe Miasto nad Wartą (2)";3,9;
3025043;"Środa Wielkopolska (3)";4,7;
3025052;"Zaniemyśl (2)";3,4;
3026012;"Brodnica (2)";1,7;
3026023;"Dolsk (3)";1,1;
3026033;"Książ Wielkopolski (3)";1,5;
3026043;"Śrem (3)";1,2;
3027011;"Turek (1)";3,1;
3027022;"Brudzew (2)";2,9;
3027033;"Dobra (3)";2,0;
3027042;"Kawęczyn (2)";2,2;
3027052;"Malanów (2)";1,8;
3027062;"Przykona (2)";2,3;
3027073;"Tuliszków (3)";2,8;
3027082;"Turek (2)";2,2;
3027092;"Władysławów (2)";3,4;
3028011;"Wągrowiec (1)";2,5;
3028022;"Damasławek (2)";3,3;
3028033;"Gołańcz (3)";2,9;
3028042;"Mieścisko (2)";2,3;
3028053;"Skoki (3)";1,8;
3028062;"Wapno (2)";4,1;
3028072;"Wągrowiec (2)";2,2;
3029012;"Przemęt (2)";1,1;
3029022;"Siedlec (2)";1,2;
3029033;"Wolsztyn (3)";1,5;
3030012;"Kołaczkowo (2)";2,4;
3030023;"Miłosław (3)";2,5;
3030033;"Nekla (3)";1,8;
3030043;"Pyzdry (3)";3,4;
3030053;"Września (3)";2,3;
3031011;"Złotów (1)";4,2;
3031023;"Jastrowie (3)";5,5;
3031033;"Krajenka (3)";3,9;
3031042;"Lipka (2)";4,3;
3031053;"Okonek (3)";4,2;
3031062;"Tarnówka (2)";4,5;
3031072;"Zakrzewo (2)";2,8;
3031082;"Złotów (2)";4,7;
3061011;"Kalisz (1)";2,2;
3062011;"Konin (1)";4,6;
3063011;"Leszno (1)";2,8;
3064011;"Poznań (1)";1,2;
3201011;"Białogard (1)";7,5;
3201022;"Białogard (2)";9,8;
3201033;"Karlino (3)";9,2;
3201043;"Tychowo (3)";10,6;
3202012;"Bierzwnik (2)";8,8;
3202023;"Choszczno (3)";5,3;
3202033;"Drawno (3)";9,2;
3202042;"Krzęcin (2)";8,2;
3202053;"Pełczyce (3)";8,3;
3202063;"Recz (3)";9,8;
3203013;"Czaplinek (3)";7,6;
3203023;"Drawsko Pomorskie (3)";5,3;
3203033;"Kalisz Pomorski (3)";6,7;
3203052;"Wierzchowo (2)";7,7;
3203063;"Złocieniec (3)";7,4;
3204023;"Goleniów (3)";2,6;
3204033;"Maszewo (3)";3,8;
3204043;"Nowogard (3)";4,2;
3204052;"Osina (2)";3,9;
3204062;"Przybiernów (2)";4,2;
3204073;"Stepnica (3)";3,7;
3205012;"Brojce (2)";4,2;
3205023;"Gryfice (3)";3,8;
3205032;"Karnice (2)";5,1;
3205043;"Płoty (3)";5,0;
3205072;"Rewal (2)";3,1;
3205083;"Trzebiatów (3)";3,2;
3206012;"Banie (2)";2,9;
3206023;"Cedynia (3)";6,5;
3206033;"Chojna (3)";5,6;
3206043;"Gryfino (3)";1,7;
3206053;"Mieszkowice (3)";5,9;
3206063;"Moryń (3)";5,9;
3206072;"Stare Czarnowo (2)";2,6;
3206083;"Trzcińsko-Zdrój (3)";6,0;
3206092;"Widuchowa (2)";3,6;
3207013;"Dziwnów (3)";8,2;
3207023;"Golczewo (3)";6,7;
3207033;"Kamień Pomorski (3)";7,5;
3207043;"Międzyzdroje (3)";5,3;
3207052;"Świerzno (2)";10,2;
3207063;"Wolin (3)";8,4;
3208011;"Kołobrzeg (1)";0,7;
3208022;"Dygowo (2)";0,6;
3208033;"Gościno (3)";0,9;
3208042;"Kołobrzeg (2)";0,7;
3208052;"Rymań (2)";1,0;
3208062;"Siemyśl (2)";0,6;
3208072;"Ustronie Morskie (2)";0,6;
3209012;"Będzino (2)";5,3;
3209022;"Biesiekierz (2)";4,2;
3209033;"Bobolice (3)";7,9;
3209042;"Manowo (2)";4,7;
3209053;"Mielno (3)";5,3;
3209063;"Polanów (3)";7,2;
3209073;"Sianów (3)";5,2;
3209082;"Świeszyno (2)";4,4;
3210013;"Barlinek (3)";3,7;
3210022;"Boleszkowice (2)";3,6;
3210033;"Dębno (3)";3,7;
3210043;"Myślibórz (3)";2,9;
3210052;"Nowogródek Pomorski (2)";4,7;
3211012;"Dobra (Szczecińska) (2)";2,1;
3211022;"Kołbaskowo (2)";2,3;
3211033;"Nowe Warpno (3)";6,7;
3211043;"Police (3)";2,7;
3212012;"Bielice (2)";3,1;
3212022;"Kozielice (2)";6,8;
3212033;"Lipiany (3)";8,1;
3212042;"Przelewice (2)";6,9;
3212053;"Pyrzyce (3)";4,2;
3212062;"Warnice (2)";4,0;
3213011;"Darłowo (1)";6,4;
3213021;"Sławno (1)";7,2;
3213032;"Darłowo (2)";5,7;
3213042;"Malechowo (2)";8,0;
3213052;"Postomino (2)";6,3;
3213062;"Sławno (2)";8,1;
3214011;"Stargard (1)";3,5;
3214023;"Chociwel (3)";4,9;
3214033;"Dobrzany (3)";5,2;
3214042;"Dolice (2)";4,6;
3214053;"Ińsko (3)";5,0;
3214062;"Kobylanka (2)";2,9;
3214082;"Marianowo (2)";4,2;
3214092;"Stara Dąbrowa (2)";6,8;
3214102;"Stargard (2)";3,7;
3214113;"Suchań (3)";4,2;
3215011;"Szczecinek (1)";5,9;
3215023;"Barwice (3)";13,9;
3215033;"Biały Bór (3)";11,1;
3215043;"Borne Sulinowo (3)";6,9;
3215052;"Grzmiąca (2)";9,1;
3215062;"Szczecinek (2)";9,0;
3216011;"Świdwin (1)";4,9;
3216022;"Brzeżno (2)";6,7;
3216033;"Połczyn-Zdrój (3)";6,6;
3216042;"Rąbino (2)";6,8;
3216052;"Sławoborze (2)";5,7;
3216062;"Świdwin (2)";6,9;
3217011;"Wałcz (1)";3,4;
3217023;"Człopa (3)";5,0;
3217033;"Mirosławiec (3)";4,5;
3217043;"Tuczno (3)";4,8;
3217052;"Wałcz (2)";4,9;
3218013;"Dobra (3)";8,0;
3218023;"Łobez (3)";7,9;
3218032;"Radowo Małe (2)";11,6;
3218043;"Resko (3)";11,6;
3218053;"Węgorzyno (3)";8,3;
3261011;"Koszalin (1)";3,6;
3262011;"Szczecin (1)";1,8;
3263011;"Świnoujście (1)";2,0;
