"Kod";"Nazwa";"ogółem;2019;[osoba]";
0201011;"Bolesławiec (1)";112;
0201022;"Bolesławiec (2)";101;
0201032;"Gromadka (2)";101;
0201043;"Nowogrodziec (3)";102;
0201052;"Osiecznica (2)";100;
0201062;"Warta Bolesławiecka (2)";102;
0202011;"Bielawa (1)";114;
0202021;"Dzierżoniów (1)";114;
0202033;"Pieszyce (3)";106;
0202041;"Piława Górna (1)";108;
0202052;"Dzierżoniów (2)";100;
0202062;"Łagiewniki (2)";104;
0202073;"Niemcza (3)";98;
0203011;"Głogów (1)";108;
0203022;"Głogów (2)";102;
0203032;"Jerzmanowa (2)";99;
0203042;"Kotla (2)";101;
0203052;"Pęcław (2)";97;
0203062;"Żukowice (2)";96;
0204013;"Góra (3)";103;
0204022;"Jemielno (2)";98;
0204032;"Niechlów (2)";102;
0204043;"Wąsosz (3)";101;
0205011;"Jawor (1)";109;
0205023;"Bolków (3)";103;
0205032;"Męcinka (2)";101;
0205042;"Mściwojów (2)";97;
0205052;"Paszowice (2)";95;
0205062;"Wądroże Wielkie (2)";100;
0206011;"Karpacz (1)";114;
0206021;"Kowary (1)";110;
0206031;"Piechowice (1)";110;
0206041;"Szklarska Poręba (1)";115;
0206052;"Janowice Wielkie (2)";96;
0206062;"Jeżów Sudecki (2)";107;
0206072;"Mysłakowice (2)";104;
0206082;"Podgórzyn (2)";102;
0206092;"Stara Kamienica (2)";102;
0207011;"Kamienna Góra (1)";109;
0207022;"Kamienna Góra (2)";100;
0207033;"Lubawka (3)";104;
0207042;"Marciszów (2)";99;
0208011;"Duszniki-Zdrój (1)";114;
0208021;"Kłodzko (1)";113;
0208031;"Kudowa-Zdrój (1)";109;
0208041;"Nowa Ruda (1)";109;
0208051;"Polanica-Zdrój (1)";118;
0208063;"Bystrzyca Kłodzka (3)";107;
0208072;"Kłodzko (2)";103;
0208083;"Lądek-Zdrój (3)";111;
0208092;"Lewin Kłodzki (2)";106;
0208103;"Międzylesie (3)";101;
0208112;"Nowa Ruda (2)";101;
0208123;"Radków (3)";98;
0208133;"Stronie Śląskie (3)";107;
0208143;"Szczytna (3)";102;
0209011;"Chojnów (1)";110;
0209022;"Chojnów (2)";97;
0209032;"Krotoszyce (2)";102;
0209042;"Kunice (2)";102;
0209052;"Legnickie Pole (2)";111;
0209062;"Miłkowice (2)";102;
0209073;"Prochowice (3)";103;
0209082;"Ruja (2)";100;
0210011;"Lubań (1)";112;
0210021;"Świeradów-Zdrój (1)";110;
0210033;"Leśna (3)";101;
0210042;"Lubań (2)";99;
0210053;"Olszyna (3)";103;
0210062;"Platerówka (2)";94;
0210072;"Siekierczyn (2)";98;
0211011;"Lubin (1)";110;
0211022;"Lubin (2)";98;
0211032;"Rudna (2)";103;
0211043;"Ścinawa (3)";101;
0212013;"Gryfów Śląski (3)";109;
0212023;"Lubomierz (3)";102;
0212033;"Lwówek Śląski (3)";106;
0212043;"Mirsk (3)";106;
0212053;"Wleń (3)";100;
0213012;"Cieszków (2)";97;
0213022;"Krośnice (2)";98;
0213033;"Milicz (3)";104;
0214011;"Oleśnica (1)";110;
0214023;"Bierutów (3)";105;
0214032;"Dobroszyce (2)";100;
0214042;"Dziadowa Kłoda (2)";101;
0214053;"Międzybórz (3)";101;
0214062;"Oleśnica (2)";96;
0214073;"Syców (3)";106;
0214083;"Twardogóra (3)";102;
0215011;"Oława (1)";109;
0215022;"Domaniów (2)";102;
0215033;"Jelcz-Laskowice (3)";103;
0215042;"Oława (2)";103;
0216013;"Chocianów (3)";102;
0216022;"Gaworzyce (2)";100;
0216032;"Grębocice (2)";100;
0216043;"Polkowice (3)";104;
0216053;"Przemków (3)";102;
0216062;"Radwanice (2)";98;
0217012;"Borów (2)";100;
0217022;"Kondratowice (2)";96;
0217032;"Przeworno (2)";100;
0217043;"Strzelin (3)";105;
0217053;"Wiązów (3)";100;
0218012;"Kostomłoty (2)";101;
0218022;"Malczyce (2)";101;
0218032;"Miękinia (2)";100;
0218043;"Środa Śląska (3)";105;
0218052;"Udanin (2)";101;
0219011;"Świdnica (1)";112;
0219021;"Świebodzice (1)";109;
0219032;"Dobromierz (2)";101;
0219043;"Jaworzyna Śląska (3)";105;
0219052;"Marcinowice (2)";103;
0219063;"Strzegom (3)";105;
0219072;"Świdnica (2)";102;
0219083;"Żarów (3)";103;
0220013;"Oborniki Śląskie (3)";104;
0220023;"Prusice (3)";99;
0220033;"Trzebnica (3)";107;
0220042;"Wisznia Mała (2)";105;
0220052;"Zawonia (2)";97;
0220063;"Żmigród (3)";103;
0221011;"Boguszów-Gorce (1)";107;
0221021;"Jedlina-Zdrój (1)";111;
0221031;"Szczawno-Zdrój (1)";112;
0221042;"Czarny Bór (2)";104;
0221053;"Głuszyca (3)";111;
0221063;"Mieroszów (3)";109;
0221072;"Stare Bogaczowice (2)";104;
0221082;"Walim (2)";102;
0222013;"Brzeg Dolny (3)";108;
0222022;"Wińsko (2)";103;
0222033;"Wołów (3)";102;
0223012;"Czernica (2)";102;
0223022;"Długołęka (2)";103;
0223032;"Jordanów Śląski (2)";100;
0223043;"Kąty Wrocławskie (3)";104;
0223052;"Kobierzyce (2)";107;
0223062;"Mietków (2)";101;
0223073;"Sobótka (3)";104;
0223083;"Siechnice (3)";108;
0223092;"Żórawina (2)";102;
0224013;"Bardo (3)";103;
0224022;"Ciepłowody (2)";95;
0224032;"Kamieniec Ząbkowicki (2)";103;
0224042;"Stoszowice (2)";104;
0224053;"Ząbkowice Śląskie (3)";109;
0224063;"Ziębice (3)";105;
0224073;"Złoty Stok (3)";106;
0225011;"Zawidów (1)";109;
0225021;"Zgorzelec (1)";112;
0225033;"Bogatynia (3)";103;
0225043;"Pieńsk (3)";102;
0225052;"Sulików (2)";99;
0225063;"Węgliniec (3)";103;
0225072;"Zgorzelec (2)";99;
0226011;"Wojcieszów (1)";106;
0226021;"Złotoryja (1)";110;
0226032;"Pielgrzymka (2)";95;
0226043;"Świerzawa (3)";98;
0226052;"Zagrodno (2)";100;
0226062;"Złotoryja (2)";104;
0261011;"Jelenia Góra (1)";115;
0262011;"Legnica (1)";111;
0264011;"Wrocław (1)";114;
0265011;"Wałbrzych od 2013 (1)";112;
0401011;"Aleksandrów Kujawski (1)";110;
0401021;"Ciechocinek (1)";120;
0401031;"Nieszawa (1)";103;
0401042;"Aleksandrów Kujawski (2)";102;
0401052;"Bądkowo (2)";98;
0401062;"Koneck (2)";97;
0401072;"Raciążek (2)";97;
0401082;"Waganiec (2)";101;
0401092;"Zakrzewo (2)";101;
0402011;"Brodnica (1)";110;
0402022;"Bobrowo (2)";94;
0402032;"Brodnica (2)";96;
0402042;"Brzozie (2)";95;
0402053;"Górzno (3)";102;
0402062;"Bartniczka (2)";97;
0402073;"Jabłonowo Pomorskie (3)";103;
0402082;"Osiek (2)";98;
0402092;"Świedziebnia (2)";96;
0402102;"Zbiczno (2)";98;
0403012;"Białe Błota (2)";102;
0403022;"Dąbrowa Chełmińska (2)";98;
0403032;"Dobrcz (2)";101;
0403043;"Koronowo (3)";101;
0403052;"Nowa Wieś Wielka (2)";105;
0403062;"Osielsko (2)";104;
0403072;"Sicienko (2)";96;
0403083;"Solec Kujawski (3)";105;
0404011;"Chełmno (1)";110;
0404022;"Chełmno (2)";99;
0404032;"Kijewo Królewskie (2)";102;
0404042;"Lisewo (2)";101;
0404052;"Papowo Biskupie (2)";94;
0404062;"Stolno (2)";97;
0404072;"Unisław (2)";107;
0405011;"Golub-Dobrzyń (1)";110;
0405022;"Ciechocin (2)";97;
0405032;"Golub-Dobrzyń (2)";99;
0405043;"Kowalewo Pomorskie (3)";103;
0405052;"Radomin (2)";97;
0405062;"Zbójno (2)";94;
0406012;"Grudziądz (2)";101;
0406022;"Gruta (2)";100;
0406033;"Łasin (3)";102;
0406043;"Radzyń Chełmiński (3)";100;
0406052;"Rogóźno (2)";98;
0406062;"Świecie nad Osą (2)";95;
0407011;"Inowrocław (1)";111;
0407022;"Dąbrowa Biskupia (2)";100;
0407033;"Gniewkowo (3)";102;
0407042;"Inowrocław (2)";102;
0407053;"Janikowo (3)";104;
0407063;"Kruszwica (3)";104;
0407073;"Pakość (3)";105;
0407082;"Rojewo (2)";100;
0407092;"Złotniki Kujawskie (2)";99;
0408011;"Lipno (1)";107;
0408022;"Bobrowniki (2)";96;
0408032;"Chrostkowo (2)";97;
0408043;"Dobrzyń nad Wisłą (3)";99;
0408052;"Kikół (2)";96;
0408062;"Lipno (2)";100;
0408073;"Skępe (3)";102;
0408082;"Tłuchowo (2)";98;
0408092;"Wielgie (2)";100;
0409012;"Dąbrowa (2)";101;
0409022;"Jeziora Wielkie (2)";107;
0409033;"Mogilno (3)";105;
0409043;"Strzelno (3)";104;
0410013;"Kcynia (3)";98;
0410023;"Mrocza (3)";97;
0410033;"Nakło nad Notecią (3)";105;
0410042;"Sadki (2)";100;
0410053;"Szubin (3)";101;
0411011;"Radziejów (1)";108;
0411022;"Bytoń (2)";101;
0411032;"Dobre (2)";101;
0411042;"Osięciny (2)";102;
0411053;"Piotrków Kujawski (3)";102;
0411062;"Radziejów (2)";104;
0411072;"Topólka (2)";95;
0412011;"Rypin (1)";111;
0412022;"Brzuze (2)";96;
0412032;"Rogowo (2)";101;
0412042;"Rypin (2)";94;
0412052;"Skrwilno (2)";101;
0412062;"Wąpielsk (2)";103;
0413013;"Kamień Krajeński (3)";98;
0413023;"Sępólno Krajeńskie (3)";104;
0413032;"Sośno (2)";93;
0413043;"Więcbork (3)";99;
0414012;"Bukowiec (2)";98;
0414022;"Dragacz (2)";100;
0414032;"Drzycim (2)";95;
0414042;"Jeżewo (2)";100;
0414052;"Lniano (2)";101;
0414063;"Nowe (3)";104;
0414072;"Osie (2)";101;
0414082;"Pruszcz (2)";101;
0414093;"Świecie (3)";108;
0414102;"Świekatowo (2)";100;
0414112;"Warlubie (2)";100;
0415011;"Chełmża (1)";108;
0415022;"Chełmża (2)";101;
0415032;"Czernikowo (2)";105;
0415042;"Lubicz (2)";103;
0415052;"Łubianka (2)";101;
0415062;"Łysomice (2)";101;
0415072;"Obrowo (2)";102;
0415082;"Wielka Nieszawka (2)";104;
0415092;"Zławieś Wielka (2)";102;
0416012;"Cekcyn (2)";101;
0416022;"Gostycyn (2)";99;
0416032;"Kęsowo (2)";96;
0416042;"Lubiewo (2)";96;
0416052;"Śliwice (2)";95;
0416063;"Tuchola (3)";103;
0417011;"Wąbrzeźno (1)";108;
0417022;"Dębowa Łąka (2)";97;
0417032;"Książki (2)";101;
0417042;"Płużnica (2)";98;
0417052;"Ryńsk (2)";100;
0418011;"Kowal (1)";100;
0418022;"Baruchowo (2)";100;
0418032;"Boniewo (2)";100;
0418043;"Brześć Kujawski (3)";106;
0418052;"Choceń (2)";100;
0418063;"Chodecz (3)";101;
0418072;"Fabianki (2)";100;
0418083;"Izbica Kujawska (3)";104;
0418092;"Kowal (2)";93;
0418102;"Lubanie (2)";102;
0418113;"Lubień Kujawski (3)";101;
0418123;"Lubraniec (3)";105;
0418132;"Włocławek (2)";100;
0419013;"Barcin (3)";103;
0419022;"Gąsawa (2)";100;
0419033;"Janowiec Wielkopolski (3)";101;
0419043;"Łabiszyn (3)";99;
0419052;"Rogowo (2)";100;
0419063;"Żnin (3)";104;
0461011;"Bydgoszcz (1)";113;
0462011;"Grudziądz (1)";110;
0463011;"Toruń (1)";115;
0464011;"Włocławek (1)";113;
0601011;"Międzyrzec Podlaski (1)";106;
0601021;"Terespol (1)";108;
0601032;"Biała Podlaska (2)";99;
0601042;"Drelów (2)";96;
0601052;"Janów Podlaski (2)";102;
0601062;"Kodeń (2)";104;
0601072;"Konstantynów (2)";101;
0601082;"Leśna Podlaska (2)";98;
0601092;"Łomazy (2)";97;
0601102;"Międzyrzec Podlaski (2)";98;
0601112;"Piszczac (2)";103;
0601122;"Rokitno (2)";97;
0601132;"Rossosz (2)";97;
0601142;"Sławatycze (2)";103;
0601152;"Sosnówka (2)";98;
0601162;"Terespol (2)";102;
0601172;"Tuczna (2)";100;
0601182;"Wisznice (2)";103;
0601192;"Zalesie (2)";98;
0602011;"Biłgoraj (1)";109;
0602022;"Aleksandrów (2)";99;
0602032;"Biłgoraj (2)";99;
0602042;"Biszcza (2)";100;
0602053;"Frampol (3)";101;
0602062;"Goraj (2)";103;
0602073;"Józefów (3)";104;
0602082;"Księżpol (2)";100;
0602092;"Łukowa (2)";102;
0602102;"Obsza (2)";98;
0602112;"Potok Górny (2)";100;
0602123;"Tarnogród (3)";100;
0602132;"Tereszpol (2)";95;
0602142;"Turobin (2)";107;
0603011;"Rejowiec Fabryczny (1)";105;
0603022;"Białopole (2)";99;
0603032;"Chełm (2)";102;
0603042;"Dorohusk (2)";106;
0603052;"Dubienka (2)";104;
0603062;"Kamień (2)";101;
0603072;"Leśniowice (2)";106;
0603082;"Rejowiec Fabryczny (2)";107;
0603092;"Ruda-Huta (2)";97;
0603102;"Sawin (2)";100;
0603113;"Siedliszcze (3)";102;
0603122;"Wierzbica (2)";100;
0603132;"Wojsławice (2)";100;
0603142;"Żmudź (2)";102;
0603153;"Rejowiec (3)";104;
0604011;"Hrubieszów (1)";111;
0604022;"Dołhobyczów (2)";103;
0604032;"Horodło (2)";104;
0604042;"Hrubieszów (2)";100;
0604052;"Mircze (2)";102;
0604062;"Trzeszczany (2)";103;
0604072;"Uchanie (2)";100;
0604082;"Werbkowice (2)";101;
0605012;"Batorz (2)";99;
0605022;"Chrzanów (2)";103;
0605032;"Dzwola (2)";98;
0605042;"Godziszów (2)";101;
0605053;"Janów Lubelski (3)";104;
0605063;"Modliborzyce (3)";101;
0605072;"Potok Wielki (2)";100;
0606011;"Krasnystaw (1)";111;
0606022;"Fajsławice (2)";104;
0606032;"Gorzków (2)";113;
0606042;"Izbica (2)";100;
0606052;"Krasnystaw (2)";104;
0606062;"Kraśniczyn (2)";98;
0606072;"Łopiennik Górny (2)";103;
0606092;"Rudnik (2)";99;
0606102;"Siennica Różana (2)";104;
0606112;"Żółkiewka (2)";106;
0607011;"Kraśnik (1)";113;
0607023;"Annopol (3)";102;
0607032;"Dzierzkowice (2)";99;
0607042;"Gościeradów (2)";102;
0607052;"Kraśnik (2)";105;
0607062;"Szastarka (2)";105;
0607072;"Trzydnik Duży (2)";99;
0607083;"Urzędów (3)";105;
0607092;"Wilkołaz (2)";101;
0607102;"Zakrzówek (2)";103;
0608011;"Lubartów (1)";111;
0608022;"Abramów (2)";98;
0608032;"Firlej (2)";103;
0608042;"Jeziorzany (2)";107;
0608052;"Kamionka (2)";107;
0608063;"Kock (3)";102;
0608072;"Lubartów (2)";103;
0608082;"Michów (2)";101;
0608092;"Niedźwiada (2)";101;
0608103;"Ostrów Lubelski (3)";102;
0608112;"Ostrówek (2)";105;
0608122;"Serniki (2)";101;
0608132;"Uścimów (2)";102;
0609013;"Bełżyce (3)";105;
0609022;"Borzechów (2)";101;
0609033;"Bychawa (3)";107;
0609042;"Garbów (2)";103;
0609052;"Głusk (2)";105;
0609062;"Jabłonna (2)";103;
0609072;"Jastków (2)";104;
0609082;"Konopnica (2)";103;
0609092;"Krzczonów (2)";105;
0609102;"Niedrzwica Duża (2)";104;
0609112;"Niemce (2)";103;
0609122;"Strzyżewice (2)";106;
0609132;"Wojciechów (2)";106;
0609142;"Wólka (2)";103;
0609152;"Wysokie (2)";102;
0609162;"Zakrzew (2)";102;
0610012;"Cyców (2)";104;
0610022;"Ludwin (2)";102;
0610033;"Łęczna (3)";104;
0610042;"Milejów (2)";105;
0610052;"Puchaczów (2)";105;
0610062;"Spiczyn (2)";101;
0611011;"Łuków (1)";108;
0611021;"Stoczek Łukowski (1)";104;
0611032;"Adamów (2)";104;
0611042;"Krzywda (2)";100;
0611052;"Łuków (2)";97;
0611062;"Serokomla (2)";103;
0611072;"Stanin (2)";100;
0611082;"Stoczek Łukowski (2)";97;
0611092;"Trzebieszów (2)";95;
0611102;"Wojcieszków (2)";98;
0611112;"Wola Mysłowska (2)";95;
0612012;"Chodel (2)";100;
0612023;"Józefów nad Wisłą (3)";103;
0612032;"Karczmiska (2)";102;
0612042;"Łaziska (2)";102;
0612053;"Opole Lubelskie (3)";106;
0612063;"Poniatowa (3)";110;
0612072;"Wilków (2)";101;
0613012;"Dębowa Kłoda (2)";101;
0613022;"Jabłoń (2)";94;
0613032;"Milanów (2)";99;
0613043;"Parczew (3)";104;
0613052;"Podedwórze (2)";98;
0613062;"Siemień (2)";102;
0613072;"Sosnowica (2)";99;
0614011;"Puławy (1)";116;
0614022;"Baranów (2)";106;
0614032;"Janowiec (2)";98;
0614043;"Kazimierz Dolny (3)";105;
0614052;"Końskowola (2)";104;
0614062;"Kurów (2)";102;
0614072;"Markuszów (2)";102;
0614083;"Nałęczów (3)";114;
0614092;"Puławy (2)";102;
0614102;"Wąwolnica (2)";103;
0614112;"Żyrzyn (2)";101;
0615011;"Radzyń Podlaski (1)";108;
0615022;"Borki (2)";100;
0615032;"Czemierniki (2)";99;
0615042;"Kąkolewnica (2)";98;
0615052;"Komarówka Podlaska (2)";98;
0615062;"Radzyń Podlaski (2)";99;
0615072;"Ulan-Majorat (2)";91;
0615082;"Wohyń (2)";98;
0616011;"Dęblin (1)";100;
0616022;"Kłoczew (2)";98;
0616032;"Nowodwór (2)";97;
0616043;"Ryki (3)";103;
0616052;"Stężyca (2)";100;
0616062;"Ułęż (2)";100;
0617011;"Świdnik (1)";110;
0617022;"Mełgiew (2)";104;
0617033;"Piaski (3)";108;
0617042;"Rybczewice (2)";103;
0617052;"Trawniki (2)";104;
0618011;"Tomaszów Lubelski (1)";111;
0618022;"Bełżec (2)";99;
0618032;"Jarczów (2)";102;
0618042;"Krynice (2)";102;
0618053;"Lubycza Królewska (3)";100;
0618063;"Łaszczów (3)";107;
0618072;"Rachanie (2)";98;
0618082;"Susiec (2)";99;
0618092;"Tarnawatka (2)";99;
0618102;"Telatyn (2)";100;
0618112;"Tomaszów Lubelski (2)";102;
0618123;"Tyszowce (3)";98;
0618132;"Ulhówek (2)";101;
0619011;"Włodawa (1)";109;
0619022;"Hanna (2)";101;
0619032;"Hańsk (2)";100;
0619042;"Stary Brus (2)";99;
0619052;"Urszulin (2)";97;
0619062;"Włodawa (2)";98;
0619072;"Wola Uhruska (2)";104;
0619082;"Wyryki (2)";99;
0620012;"Adamów (2)";99;
0620022;"Grabowiec (2)";102;
0620032;"Komarów-Osada (2)";102;
0620043;"Krasnobród (3)";98;
0620052;"Łabunie (2)";104;
0620062;"Miączyn (2)";102;
0620072;"Nielisz (2)";104;
0620082;"Radecznica (2)";102;
0620092;"Sitno (2)";100;
0620102;"Skierbieszów (2)";100;
0620112;"Stary Zamość (2)";101;
0620122;"Sułów (2)";107;
0620133;"Szczebrzeszyn (3)";106;
0620142;"Zamość (2)";104;
0620153;"Zwierzyniec (3)";106;
0661011;"Biała Podlaska (1)";109;
0662011;"Chełm (1)";113;
0663011;"Lublin (1)";117;
0664011;"Zamość (1)";113;
0801011;"Kostrzyn nad Odrą (1)";103;
0801022;"Bogdaniec (2)";102;
0801032;"Deszczno (2)";98;
0801042;"Kłodawa (2)";104;
0801052;"Lubiszyn (2)";98;
0801062;"Santok (2)";100;
0801073;"Witnica (3)";104;
0802011;"Gubin (1)";108;
0802022;"Bobrowice (2)";102;
0802032;"Bytnica (2)";98;
0802042;"Dąbie (2)";94;
0802052;"Gubin (2)";99;
0802063;"Krosno Odrzańskie (3)";105;
0802072;"Maszewo (2)";98;
0803012;"Bledzew (2)";102;
0803023;"Międzyrzecz (3)";105;
0803032;"Przytoczna (2)";92;
0803042;"Pszczew (2)";106;
0803053;"Skwierzyna (3)";104;
0803063;"Trzciel (3)";99;
0804011;"Nowa Sól (1)";110;
0804023;"Bytom Odrzański (3)";102;
0804032;"Kolsko (2)";97;
0804043;"Kożuchów (3)";105;
0804052;"Nowa Sól (2)";102;
0804063;"Nowe Miasteczko (3)";100;
0804073;"Otyń (3)";97;
0804082;"Siedlisko (2)";98;
0805013;"Cybinka (3)";97;
0805022;"Górzyca (2)";98;
0805033;"Ośno Lubuskie (3)";104;
0805043;"Rzepin (3)";102;
0805053;"Słubice (3)";109;
0806013;"Dobiegniew (3)";101;
0806023;"Drezdenko (3)";103;
0806032;"Stare Kurowo (2)";98;
0806043;"Strzelce Krajeńskie (3)";104;
0806052;"Zwierzyn (2)";100;
0807012;"Krzeszyce (2)";98;
0807023;"Lubniewice (3)";102;
0807032;"Słońsk (2)";97;
0807043;"Sulęcin (3)";103;
0807053;"Torzym (3)";103;
0808012;"Lubrza (2)";94;
0808022;"Łagów (2)";97;
0808032;"Skąpe (2)";97;
0808042;"Szczaniec (2)";104;
0808053;"Świebodzin (3)";108;
0808063;"Zbąszynek (3)";103;
0809013;"Babimost (3)";102;
0809022;"Bojadła (2)";100;
0809033;"Czerwieńsk (3)";102;
0809043;"Kargowa (3)";105;
0809053;"Nowogród Bobrzański (3)";103;
0809063;"Sulechów (3)";104;
0809072;"Świdnica (2)";105;
0809082;"Trzebiechów (2)";96;
0809092;"Zabór (2)";103;
0810011;"Gozdnica (1)";107;
0810021;"Żagań (1)";108;
0810032;"Brzeźnica (2)";99;
0810043;"Iłowa (3)";106;
0810053;"Małomice (3)";105;
0810062;"Niegosławice (2)";99;
0810073;"Szprotawa (3)";107;
0810082;"Wymiarki (2)";109;
0810092;"Żagań (2)";97;
0811011;"Łęknica (1)";105;
0811021;"Żary (1)";111;
0811032;"Brody (2)";100;
0811043;"Jasień (3)";101;
0811052;"Lipinki Łużyckie (2)";106;
0811063;"Lubsko (3)";104;
0811072;"Przewóz (2)";100;
0811082;"Trzebiel (2)";101;
0811092;"Tuplice (2)";104;
0811102;"Żary (2)";102;
0812013;"Sława (3)";101;
0812023;"Szlichtyngowa (3)";98;
0812033;"Wschowa (3)";105;
0861011;"Gorzów Wielkopolski (1)";111;
0862011;"Zielona Góra (1)";111;
1001011;"Bełchatów (1)";106;
1001022;"Bełchatów (2)";100;
1001032;"Drużbice (2)";102;
1001042;"Kleszczów (2)";104;
1001052;"Kluki (2)";105;
1001062;"Rusiec (2)";104;
1001072;"Szczerców (2)";105;
1001083;"Zelów (3)";103;
1002011;"Kutno (1)";114;
1002022;"Bedlno (2)";97;
1002032;"Dąbrowice (2)";111;
1002043;"Krośniewice (3)";107;
1002052;"Krzyżanów (2)";102;
1002062;"Kutno (2)";99;
1002072;"Łanięta (2)";92;
1002082;"Nowe Ostrowy (2)";107;
1002092;"Oporów (2)";103;
1002102;"Strzelce (2)";103;
1002113;"Żychlin (3)";107;
1003012;"Buczek (2)";105;
1003023;"Łask (3)";108;
1003032;"Sędziejowice (2)";103;
1003042;"Widawa (2)";103;
1003052;"Wodzierady (2)";99;
1004011;"Łęczyca (1)";116;
1004022;"Daszyna (2)";106;
1004032;"Góra Świętej Małgorzaty (2)";105;
1004042;"Grabów (2)";99;
1004052;"Łęczyca (2)";102;
1004062;"Piątek (2)";103;
1004072;"Świnice Warckie (2)";101;
1004082;"Witonia (2)";102;
1005011;"Łowicz (1)";112;
1005022;"Bielawy (2)";101;
1005032;"Chąśno (2)";100;
1005042;"Domaniewice (2)";105;
1005052;"Kiernozia (2)";100;
1005062;"Kocierzew Południowy (2)";96;
1005072;"Łowicz (2)";103;
1005082;"Łyszkowice (2)";107;
1005092;"Nieborów (2)";107;
1005102;"Zduny (2)";105;
1006022;"Andrespol (2)";111;
1006032;"Brójce (2)";102;
1006073;"Koluszki (3)";111;
1006082;"Nowosolna (2)";103;
1006103;"Rzgów (3)";107;
1006113;"Tuszyn (3)";107;
1007012;"Białaczów (2)";101;
1007023;"Drzewica (3)";103;
1007032;"Mniszków (2)";98;
1007043;"Opoczno (3)";104;
1007052;"Paradyż (2)";97;
1007062;"Poświętne (2)";98;
1007072;"Sławno (2)";99;
1007082;"Żarnów (2)";98;
1008011;"Konstantynów Łódzki (1)";115;
1008021;"Pabianice (1)";117;
1008032;"Dłutów (2)";101;
1008042;"Dobroń (2)";105;
1008052;"Ksawerów (2)";108;
1008062;"Lutomiersk (2)";103;
1008072;"Pabianice (2)";105;
1009013;"Działoszyn (3)";101;
1009022;"Kiełczygłów (2)";103;
1009032;"Nowa Brzeźnica (2)";100;
1009043;"Pajęczno (3)";103;
1009052;"Rząśnia (2)";103;
1009062;"Siemkowice (2)";100;
1009072;"Strzelce Wielkie (2)";102;
1009082;"Sulmierzyce (2)";106;
1010012;"Aleksandrów (2)";100;
1010022;"Czarnocin (2)";106;
1010032;"Gorzkowice (2)";104;
1010042;"Grabica (2)";100;
1010052;"Łęki Szlacheckie (2)";97;
1010062;"Moszczenica (2)";106;
1010072;"Ręczno (2)";102;
1010082;"Rozprza (2)";104;
1010093;"Sulejów (3)";102;
1010102;"Wola Krzysztoporska (2)";103;
1010113;"Wolbórz (3)";104;
1011012;"Dalików (2)";99;
1011022;"Pęczniew (2)";101;
1011033;"Poddębice (3)";106;
1011043;"Uniejów (3)";103;
1011052;"Wartkowice (2)";101;
1011062;"Zadzim (2)";97;
1012011;"Radomsko (1)";112;
1012022;"Dobryszyce (2)";98;
1012032;"Gidle (2)";97;
1012042;"Gomunice (2)";103;
1012053;"Kamieńsk (3)";100;
1012062;"Kobiele Wielkie (2)";100;
1012072;"Kodrąb (2)";102;
1012082;"Lgota Wielka (2)";100;
1012092;"Ładzice (2)";94;
1012102;"Masłowice (2)";104;
1012113;"Przedbórz (3)";100;
1012122;"Radomsko (2)";102;
1012132;"Wielgomłyny (2)";94;
1012142;"Żytno (2)";97;
1013011;"Rawa Mazowiecka (1)";109;
1013023;"Biała Rawska (3)";102;
1013032;"Cielądz (2)";95;
1013042;"Rawa Mazowiecka (2)";100;
1013052;"Regnów (2)";93;
1013062;"Sadkowice (2)";99;
1014011;"Sieradz (1)";112;
1014023;"Błaszki (3)";101;
1014032;"Brąszewice (2)";98;
1014042;"Brzeźnio (2)";99;
1014052;"Burzenin (2)";99;
1014062;"Goszczanów (2)";100;
1014072;"Klonowa (2)";101;
1014082;"Sieradz (2)";98;
1014093;"Warta (3)";105;
1014102;"Wróblew (2)";102;
1014113;"Złoczew (3)";105;
1015012;"Bolimów (2)";106;
1015022;"Głuchów (2)";105;
1015032;"Godzianów (2)";97;
1015042;"Kowiesy (2)";98;
1015052;"Lipce Reymontowskie (2)";104;
1015062;"Maków (2)";103;
1015072;"Nowy Kawęczyn (2)";98;
1015082;"Skierniewice (2)";100;
1015092;"Słupia (2)";94;
1016011;"Tomaszów Mazowiecki (1)";114;
1016022;"Będków (2)";99;
1016032;"Budziszewice (2)";105;
1016042;"Czerniewice (2)";99;
1016052;"Inowłódz (2)";107;
1016062;"Lubochnia (2)";103;
1016072;"Rokiciny (2)";106;
1016082;"Rzeczyca (2)";96;
1016092;"Tomaszów Mazowiecki (2)";104;
1016102;"Ujazd (2)";108;
1016112;"Żelechlinek (2)";106;
1017012;"Biała (2)";100;
1017022;"Czarnożyły (2)";100;
1017032;"Konopnica (2)";102;
1017042;"Mokrsko (2)";98;
1017052;"Osjaków (2)";98;
1017062;"Ostrówek (2)";102;
1017072;"Pątnów (2)";103;
1017082;"Skomlin (2)";102;
1017093;"Wieluń (3)";109;
1017102;"Wierzchlas (2)";100;
1018012;"Bolesławiec (2)";99;
1018022;"Czastary (2)";101;
1018032;"Galewice (2)";98;
1018042;"Lututów (2)";102;
1018052;"Łubnice (2)";102;
1018062;"Sokolniki (2)";100;
1018073;"Wieruszów (3)";106;
1019011;"Zduńska Wola (1)";112;
1019023;"Szadek (3)";102;
1019032;"Zapolice (2)";94;
1019042;"Zduńska Wola (2)";98;
1020011;"Głowno (1)";112;
1020021;"Ozorków (1)";115;
1020031;"Zgierz (1)";116;
1020043;"Aleksandrów Łódzki (3)";109;
1020052;"Głowno (2)";100;
1020062;"Ozorków (2)";106;
1020072;"Parzęczew (2)";96;
1020083;"Stryków (3)";104;
1020092;"Zgierz (2)";104;
1021011;"Brzeziny (1)";112;
1021022;"Brzeziny (2)";102;
1021032;"Dmosin (2)";103;
1021042;"Jeżów (2)";103;
1021052;"Rogów (2)";102;
1061011;"Łódź (1)";119;
1062011;"Piotrków Trybunalski (1)";114;
1063011;"Skierniewice (1)";109;
1201011;"Bochnia (1)";108;
1201022;"Bochnia (2)";101;
1201032;"Drwinia (2)";101;
1201042;"Lipnica Murowana (2)";96;
1201052;"Łapanów (2)";98;
1201063;"Nowy Wiśnicz (3)";98;
1201072;"Rzezawa (2)";103;
1201082;"Trzciana (2)";104;
1201092;"Żegocina (2)";100;
1202012;"Borzęcin (2)";100;
1202023;"Brzesko (3)";103;
1202033;"Czchów (3)";100;
1202042;"Dębno (2)";102;
1202052;"Gnojnik (2)";98;
1202062;"Iwkowa (2)";105;
1202072;"Szczurowa (2)";100;
1203013;"Alwernia (3)";103;
1203022;"Babice (2)";105;
1203033;"Chrzanów (3)";109;
1203043;"Libiąż (3)";107;
1203053;"Trzebinia (3)";106;
1204012;"Bolesław (2)";97;
1204023;"Dąbrowa Tarnowska (3)";101;
1204032;"Gręboszów (2)";104;
1204042;"Mędrzechów (2)";102;
1204052;"Olesno (2)";101;
1204062;"Radgoszcz (2)";98;
1204073;"Szczucin (3)";99;
1205011;"Gorlice (1)";109;
1205023;"Biecz (3)";102;
1205033;"Bobowa (3)";98;
1205042;"Gorlice (2)";99;
1205052;"Lipinki (2)";103;
1205062;"Łużna (2)";96;
1205072;"Moszczenica (2)";103;
1205082;"Ropa (2)";99;
1205092;"Sękowa (2)";102;
1205102;"Uście Gorlickie (2)";97;
1206012;"Czernichów (2)";105;
1206022;"Igołomia-Wawrzeńczyce (2)";103;
1206032;"Iwanowice (2)";99;
1206042;"Jerzmanowice-Przeginia (2)";101;
1206052;"Kocmyrzów-Luborzyca (2)";102;
1206063;"Krzeszowice (3)";107;
1206072;"Liszki (2)";105;
1206082;"Michałowice (2)";100;
1206092;"Mogilany (2)";105;
1206103;"Skała (3)";98;
1206113;"Skawina (3)";107;
1206123;"Słomniki (3)";105;
1206132;"Sułoszowa (2)";99;
1206143;"Świątniki Górne (3)";102;
1206152;"Wielka Wieś (2)";105;
1206162;"Zabierzów (2)";107;
1206172;"Zielonki (2)";105;
1207011;"Limanowa (1)";103;
1207021;"Mszana Dolna (1)";109;
1207032;"Dobra (2)";99;
1207042;"Jodłownik (2)";99;
1207052;"Kamienica (2)";100;
1207062;"Laskowa (2)";101;
1207072;"Limanowa (2)";100;
1207082;"Łukowica (2)";100;
1207092;"Mszana Dolna (2)";95;
1207102;"Niedźwiedź (2)";95;
1207112;"Słopnice (2)";98;
1207122;"Tymbark (2)";104;
1208012;"Charsznica (2)";102;
1208022;"Gołcza (2)";97;
1208032;"Kozłów (2)";101;
1208042;"Książ Wielki (2)";103;
1208053;"Miechów (3)";108;
1208062;"Racławice (2)";96;
1208072;"Słaboszów (2)";98;
1209013;"Dobczyce (3)";101;
1209022;"Lubień (2)";104;
1209033;"Myślenice (3)";103;
1209042;"Pcim (2)";100;
1209052;"Raciechowice (2)";100;
1209062;"Siepraw (2)";102;
1209073;"Sułkowice (3)";104;
1209082;"Tokarnia (2)";96;
1209092;"Wiśniowa (2)";100;
1210011;"Grybów (1)";107;
1210022;"Chełmiec (2)";99;
1210032;"Gródek nad Dunajcem (2)";100;
1210042;"Grybów (2)";100;
1210052;"Kamionka Wielka (2)";101;
1210062;"Korzenna (2)";98;
1210073;"Krynica-Zdrój (3)";108;
1210082;"Łabowa (2)";94;
1210092;"Łącko (2)";99;
1210102;"Łososina Dolna (2)";99;
1210113;"Muszyna (3)";105;
1210122;"Nawojowa (2)";103;
1210133;"Piwniczna-Zdrój (3)";103;
1210142;"Podegrodzie (2)";100;
1210152;"Rytro (2)";98;
1210163;"Stary Sącz (3)";100;
1211011;"Nowy Targ (1)";109;
1211023;"Szczawnica (3)";106;
1211032;"Czarny Dunajec (2)";104;
1211042;"Czorsztyn (2)";105;
1211052;"Jabłonka (2)";102;
1211062;"Krościenko nad Dunajcem (2)";106;
1211072;"Lipnica Wielka (2)";103;
1211082;"Łapsze Niżne (2)";101;
1211092;"Nowy Targ (2)";102;
1211102;"Ochotnica Dolna (2)";101;
1211112;"Raba Wyżna (2)";101;
1211123;"Rabka-Zdrój (3)";108;
1211132;"Spytkowice (2)";102;
1211142;"Szaflary (2)";101;
1212011;"Bukowno (1)";108;
1212032;"Bolesław (2)";105;
1212042;"Klucze (2)";106;
1212053;"Olkusz (3)";107;
1212062;"Trzyciąż (2)";98;
1212073;"Wolbrom (3)";105;
1213011;"Oświęcim (1)";110;
1213023;"Brzeszcze (3)";105;
1213033;"Chełmek (3)";102;
1213043;"Kęty (3)";105;
1213052;"Osiek (2)";104;
1213062;"Oświęcim (2)";104;
1213072;"Polanka Wielka (2)";102;
1213082;"Przeciszów (2)";105;
1213093;"Zator (3)";102;
1214012;"Koniusza (2)";100;
1214023;"Koszyce (3)";109;
1214033;"Nowe Brzesko (3)";100;
1214042;"Pałecznica (2)";100;
1214053;"Proszowice (3)";105;
1214062;"Radziemice (2)";101;
1215011;"Jordanów (1)";109;
1215021;"Sucha Beskidzka (1)";106;
1215032;"Budzów (2)";100;
1215042;"Bystra-Sidzina (2)";100;
1215052;"Jordanów (2)";99;
1215063;"Maków Podhalański (3)";103;
1215072;"Stryszawa (2)";104;
1215082;"Zawoja (2)";95;
1215092;"Zembrzyce (2)";100;
1216013;"Ciężkowice (3)";99;
1216022;"Gromnik (2)";100;
1216032;"Lisia Góra (2)";102;
1216042;"Pleśna (2)";101;
1216053;"Radłów (3)";102;
1216063;"Ryglice (3)";101;
1216072;"Rzepiennik Strzyżewski (2)";100;
1216082;"Skrzyszów (2)";101;
1216092;"Tarnów (2)";103;
1216103;"Tuchów (3)";102;
1216112;"Wierzchosławice (2)";105;
1216122;"Wietrzychowice (2)";99;
1216133;"Wojnicz (3)";101;
1216143;"Zakliczyn (3)";102;
1216153;"Żabno (3)";104;
1216162;"Szerzyny (2)";99;
1217011;"Zakopane (1)";115;
1217022;"Biały Dunajec (2)";105;
1217032;"Bukowina Tatrzańska (2)";102;
1217042;"Kościelisko (2)";105;
1217052;"Poronin (2)";101;
1218013;"Andrychów (3)";104;
1218022;"Brzeźnica (2)";104;
1218033;"Kalwaria Zebrzydowska (3)";103;
1218042;"Lanckorona (2)";106;
1218052;"Mucharz (2)";100;
1218062;"Spytkowice (2)";105;
1218072;"Stryszów (2)";101;
1218082;"Tomice (2)";105;
1218093;"Wadowice (3)";106;
1218102;"Wieprz (2)";98;
1219012;"Biskupice (2)";104;
1219022;"Gdów (2)";101;
1219032;"Kłaj (2)";103;
1219043;"Niepołomice (3)";106;
1219053;"Wieliczka (3)";106;
1261011;"Kraków (1)";114;
1262011;"Nowy Sącz (1)";109;
1263011;"Tarnów (1)";112;
1401013;"Białobrzegi (3)";104;
1401022;"Promna (2)";95;
1401032;"Radzanów (2)";98;
1401042;"Stara Błotnica (2)";96;
1401052;"Stromiec (2)";95;
1401063;"Wyśmierzyce (3)";97;
1402011;"Ciechanów (1)";110;
1402022;"Ciechanów (2)";97;
1402033;"Glinojeck (3)";99;
1402042;"Gołymin-Ośrodek (2)";100;
1402052;"Grudusk (2)";102;
1402062;"Ojrzeń (2)";95;
1402072;"Opinogóra Górna (2)";94;
1402082;"Regimin (2)";97;
1402092;"Sońsk (2)";96;
1403011;"Garwolin (1)";107;
1403021;"Łaskarzew (1)";102;
1403032;"Borowie (2)";96;
1403042;"Garwolin (2)";103;
1403052;"Górzno (2)";100;
1403062;"Łaskarzew (2)";102;
1403072;"Maciejowice (2)";92;
1403082;"Miastków Kościelny (2)";97;
1403092;"Parysów (2)";100;
1403103;"Pilawa (3)";102;
1403112;"Sobolew (2)";102;
1403122;"Trojanów (2)";102;
1403132;"Wilga (2)";103;
1403143;"Żelechów (3)";99;
1404011;"Gostynin (1)";112;
1404022;"Gostynin (2)";100;
1404032;"Pacyna (2)";99;
1404043;"Sanniki (3)";107;
1404052;"Szczawin Kościelny (2)";101;
1405011;"Milanówek (1)";113;
1405021;"Podkowa Leśna (1)";112;
1405032;"Baranów (2)";99;
1405043;"Grodzisk Mazowiecki (3)";111;
1405052;"Jaktorów (2)";105;
1405062;"Żabia Wola (2)";101;
1406012;"Belsk Duży (2)";104;
1406022;"Błędów (2)";103;
1406032;"Chynów (2)";99;
1406042;"Goszczyn (2)";90;
1406053;"Grójec (3)";108;
1406062;"Jasieniec (2)";99;
1406073;"Mogielnica (3)";101;
1406083;"Nowe Miasto nad Pilicą (3)";107;
1406092;"Pniewy (2)";98;
1406113;"Warka (3)";106;
1407012;"Garbatka-Letnisko (2)";102;
1407022;"Głowaczów (2)";94;
1407032;"Gniewoszów (2)";105;
1407042;"Grabów nad Pilicą (2)";93;
1407053;"Kozienice (3)";105;
1407062;"Magnuszew (2)";96;
1407072;"Sieciechów (2)";105;
1408011;"Legionowo (1)";112;
1408022;"Jabłonna (2)";105;
1408032;"Nieporęt (2)";106;
1408043;"Serock (3)";103;
1408052;"Wieliszew (2)";102;
1409012;"Chotcza (2)";102;
1409022;"Ciepielów (2)";99;
1409033;"Lipsko (3)";102;
1409042;"Rzeczniów (2)";100;
1409052;"Sienno (2)";99;
1409062;"Solec nad Wisłą (2)";108;
1410012;"Huszlew (2)";95;
1410023;"Łosice (3)";105;
1410032;"Olszanka (2)";99;
1410042;"Platerów (2)";98;
1410052;"Sarnaki (2)";103;
1410062;"Stara Kornica (2)";96;
1411011;"Maków Mazowiecki (1)";111;
1411022;"Czerwonka (2)";97;
1411032;"Karniewo (2)";102;
1411042;"Krasnosielc (2)";100;
1411052;"Młynarze (2)";89;
1411062;"Płoniawy-Bramura (2)";94;
1411073;"Różan (3)";105;
1411082;"Rzewnie (2)";91;
1411092;"Sypniewo (2)";94;
1411102;"Szelków (2)";94;
1412011;"Mińsk Mazowiecki (1)";111;
1412042;"Cegłów (2)";100;
1412052;"Dębe Wielkie (2)";102;
1412062;"Dobre (2)";98;
1412073;"Halinów (3)";103;
1412082;"Jakubów (2)";100;
1412093;"Kałuszyn (3)";98;
1412102;"Latowicz (2)";96;
1412112;"Mińsk Mazowiecki (2)";102;
1412123;"Mrozy (3)";104;
1412132;"Siennica (2)";102;
1412142;"Stanisławów (2)";100;
1412151;"Sulejówek (1)";111;
1413011;"Mława (1)";110;
1413022;"Dzierzgowo (2)";95;
1413032;"Lipowiec Kościelny (2)";106;
1413042;"Radzanów (2)";98;
1413052;"Strzegowo (2)";99;
1413062;"Stupsk (2)";102;
1413072;"Szreńsk (2)";105;
1413082;"Szydłowo (2)";99;
1413092;"Wieczfnia Kościelna (2)";99;
1413102;"Wiśniewo (2)";96;
1414011;"Nowy Dwór Mazowiecki (1)";109;
1414022;"Czosnów (2)";104;
1414032;"Leoncin (2)";102;
1414043;"Nasielsk (3)";100;
1414052;"Pomiechówek (2)";107;
1414063;"Zakroczym (3)";102;
1415012;"Baranowo (2)";98;
1415022;"Czarnia (2)";99;
1415032;"Czerwin (2)";98;
1415042;"Goworowo (2)";95;
1415052;"Kadzidło (2)";95;
1415062;"Lelis (2)";97;
1415072;"Łyse (2)";97;
1415083;"Myszyniec (3)";96;
1415092;"Olszewo-Borki (2)";99;
1415102;"Rzekuń (2)";97;
1415112;"Troszyn (2)";100;
1416011;"Ostrów Mazowiecka (1)";109;
1416022;"Andrzejewo (2)";100;
1416032;"Boguty-Pianki (2)";93;
1416043;"Brok (3)";100;
1416052;"Małkinia Górna (2)";103;
1416062;"Nur (2)";95;
1416072;"Ostrów Mazowiecka (2)";99;
1416082;"Stary Lubotyń (2)";98;
1416092;"Szulborze Wielkie (2)";96;
1416102;"Wąsewo (2)";100;
1416112;"Zaręby Kościelne (2)";95;
1417011;"Józefów (1)";111;
1417021;"Otwock (1)";113;
1417032;"Celestynów (2)";106;
1417043;"Karczew (3)";109;
1417052;"Kołbiel (2)";104;
1417062;"Osieck (2)";105;
1417072;"Sobienie-Jeziory (2)";101;
1417082;"Wiązowna (2)";104;
1418013;"Góra Kalwaria (3)";106;
1418023;"Konstancin-Jeziorna (3)";111;
1418032;"Lesznowola (2)";105;
1418043;"Piaseczno (3)";111;
1418052;"Prażmów (2)";105;
1418063;"Tarczyn (3)";104;
1419012;"Bielsk (2)";100;
1419022;"Bodzanów (2)";99;
1419032;"Brudzeń Duży (2)";99;
1419042;"Bulkowo (2)";103;
1419053;"Drobin (3)";101;
1419063;"Gąbin (3)";107;
1419072;"Łąck (2)";107;
1419082;"Mała Wieś (2)";103;
1419092;"Nowy Duninów (2)";101;
1419102;"Radzanowo (2)";103;
1419112;"Słubice (2)";98;
1419122;"Słupno (2)";102;
1419132;"Stara Biała (2)";100;
1419142;"Staroźreby (2)";100;
1419153;"Wyszogród (3)";102;
1420011;"Płońsk (1)";113;
1420021;"Raciąż (1)";106;
1420032;"Baboszewo (2)";98;
1420042;"Czerwińsk nad Wisłą (2)";100;
1420052;"Dzierzążnia (2)";100;
1420062;"Joniec (2)";106;
1420072;"Naruszewo (2)";99;
1420082;"Nowe Miasto (2)";97;
1420092;"Płońsk (2)";99;
1420102;"Raciąż (2)";96;
1420112;"Sochocin (2)";103;
1420122;"Załuski (2)";104;
1421011;"Piastów (1)";111;
1421021;"Pruszków (1)";113;
1421033;"Brwinów (3)";108;
1421042;"Michałowice (2)";107;
1421052;"Nadarzyn (2)";107;
1421062;"Raszyn (2)";108;
1422011;"Przasnysz (1)";108;
1422023;"Chorzele (3)";95;
1422032;"Czernice Borowe (2)";91;
1422042;"Jednorożec (2)";99;
1422052;"Krasne (2)";99;
1422062;"Krzynowłoga Mała (2)";95;
1422072;"Przasnysz (2)";98;
1423012;"Borkowice (2)";101;
1423022;"Gielniów (2)";102;
1423032;"Klwów (2)";102;
1423042;"Odrzywół (2)";95;
1423052;"Potworów (2)";99;
1423063;"Przysucha (3)";105;
1423072;"Rusinów (2)";99;
1423082;"Wieniawa (2)";98;
1424012;"Gzy (2)";88;
1424022;"Obryte (2)";95;
1424032;"Pokrzywnica (2)";98;
1424043;"Pułtusk (3)";107;
1424052;"Świercze (2)";97;
1424062;"Winnica (2)";104;
1424072;"Zatory (2)";102;
1425011;"Pionki (1)";109;
1425022;"Gózd (2)";98;
1425033;"Iłża (3)";103;
1425042;"Jastrzębia (2)";97;
1425052;"Jedlińsk (2)";99;
1425062;"Jedlnia-Letnisko (2)";102;
1425072;"Kowala (2)";100;
1425082;"Pionki (2)";100;
1425092;"Przytyk (2)";98;
1425103;"Skaryszew (3)";101;
1425112;"Wierzbica (2)";95;
1425122;"Wolanów (2)";100;
1425132;"Zakrzew (2)";99;
1426012;"Domanice (2)";100;
1426022;"Korczew (2)";96;
1426032;"Kotuń (2)";103;
1426042;"Mokobody (2)";92;
1426053;"Mordy (3)";103;
1426062;"Paprotnia (2)";87;
1426072;"Przesmyki (2)";97;
1426082;"Siedlce (2)";101;
1426092;"Skórzec (2)";98;
1426102;"Suchożebry (2)";97;
1426112;"Wiśniew (2)";98;
1426122;"Wodynie (2)";98;
1426132;"Zbuczyn (2)";100;
1427011;"Sierpc (1)";112;
1427022;"Gozdowo (2)";97;
1427032;"Mochowo (2)";99;
1427042;"Rościszewo (2)";99;
1427052;"Sierpc (2)";98;
1427062;"Szczutowo (2)";100;
1427072;"Zawidz (2)";99;
1428011;"Sochaczew (1)";111;
1428022;"Brochów (2)";100;
1428032;"Iłów (2)";101;
1428042;"Młodzieszyn (2)";101;
1428052;"Nowa Sucha (2)";105;
1428062;"Rybno (2)";102;
1428072;"Sochaczew (2)";99;
1428082;"Teresin (2)";104;
1429011;"Sokołów Podlaski (1)";110;
1429022;"Bielany (2)";97;
1429032;"Ceranów (2)";92;
1429042;"Jabłonna Lacka (2)";105;
1429053;"Kosów Lacki (3)";96;
1429062;"Repki (2)";95;
1429072;"Sabnie (2)";100;
1429082;"Sokołów Podlaski (2)";93;
1429092;"Sterdyń (2)";103;
1430012;"Chlewiska (2)";102;
1430022;"Jastrząb (2)";102;
1430032;"Mirów (2)";91;
1430042;"Orońsko (2)";98;
1430053;"Szydłowiec (3)";103;
1432013;"Błonie (3)";110;
1432022;"Izabelin (2)";108;
1432032;"Kampinos (2)";102;
1432042;"Leszno (2)";107;
1432053;"Łomianki (3)";108;
1432063;"Ożarów Mazowiecki (3)";110;
1432072;"Stare Babice (2)";106;
1433011;"Węgrów (1)";108;
1433022;"Grębków (2)";96;
1433032;"Korytnica (2)";92;
1433042;"Liw (2)";98;
1433053;"Łochów (3)";101;
1433062;"Miedzna (2)";102;
1433072;"Sadowne (2)";104;
1433082;"Stoczek (2)";95;
1433092;"Wierzbno (2)";90;
1434011;"Kobyłka (1)";107;
1434021;"Marki (1)";110;
1434031;"Ząbki (1)";111;
1434041;"Zielonka (1)";112;
1434052;"Dąbrówka (2)";100;
1434062;"Jadów (2)";100;
1434072;"Klembów (2)";102;
1434082;"Poświętne (2)";101;
1434093;"Radzymin (3)";105;
1434102;"Strachówka (2)";94;
1434113;"Tłuszcz (3)";104;
1434123;"Wołomin (3)";110;
1435012;"Brańszczyk (2)";103;
1435022;"Długosiodło (2)";97;
1435032;"Rząśnik (2)";98;
1435042;"Somianka (2)";97;
1435053;"Wyszków (3)";105;
1435062;"Zabrodzie (2)";99;
1436012;"Kazanów (2)";97;
1436022;"Policzna (2)";98;
1436032;"Przyłęk (2)";101;
1436042;"Tczów (2)";98;
1436053;"Zwoleń (3)";105;
1437013;"Bieżuń (3)";99;
1437022;"Kuczbork-Osada (2)";103;
1437033;"Lubowidz (3)";105;
1437042;"Lutocin (2)";97;
1437052;"Siemiątkowo (2)";100;
1437063;"Żuromin (3)";105;
1438011;"Żyrardów (1)";113;
1438023;"Mszczonów (3)";109;
1438032;"Puszcza Mariańska (2)";104;
1438042;"Radziejowice (2)";105;
1438052;"Wiskitki (2)";99;
1461011;"Ostrołęka (1)";109;
1462011;"Płock (1)";112;
1463011;"Radom (1)";111;
1464011;"Siedlce (1)";111;
1465011;"M.st.Warszawa od 2002 (1)";117;
1601011;"Brzeg (1)";111;
1601022;"Skarbimierz (2)";99;
1601033;"Grodków (3)";103;
1601043;"Lewin Brzeski (3)";103;
1601052;"Lubsza (2)";100;
1601062;"Olszanka (2)";98;
1602013;"Baborów (3)";104;
1602022;"Branice (2)";104;
1602033;"Głubczyce (3)";106;
1602043;"Kietrz (3)";104;
1603011;"Kędzierzyn-Koźle (1)";108;
1603022;"Bierawa (2)";108;
1603032;"Cisek (2)";108;
1603042;"Pawłowiczki (2)";103;
1603052;"Polska Cerekiew (2)";106;
1603062;"Reńska Wieś (2)";106;
1604013;"Byczyna (3)";103;
1604023;"Kluczbork (3)";107;
1604032;"Lasowice Wielkie (2)";107;
1604043;"Wołczyn (3)";100;
1605013;"Gogolin (3)";108;
1605023;"Krapkowice (3)";108;
1605032;"Strzeleczki (2)";108;
1605042;"Walce (2)";109;
1605053;"Zdzieszowice (3)";103;
1606012;"Domaszowice (2)";105;
1606023;"Namysłów (3)";107;
1606032;"Pokój (2)";106;
1606042;"Świerczów (2)";98;
1606052;"Wilków (2)";97;
1607013;"Głuchołazy (3)";106;
1607022;"Kamiennik (2)";100;
1607033;"Korfantów (3)";102;
1607042;"Łambinowice (2)";106;
1607053;"Nysa (3)";108;
1607063;"Otmuchów (3)";106;
1607073;"Paczków (3)";102;
1607082;"Pakosławice (2)";99;
1607092;"Skoroszyce (2)";100;
1608013;"Dobrodzień (3)";108;
1608023;"Gorzów Śląski (3)";103;
1608033;"Olesno (3)";108;
1608043;"Praszka (3)";104;
1608052;"Radłów (2)";106;
1608062;"Rudniki (2)";103;
1608072;"Zębowice (2)";97;
1609012;"Chrząstowice (2)";104;
1609022;"Dąbrowa (2)";104;
1609032;"Dobrzeń Wielki (2)";107;
1609042;"Komprachcice (2)";117;
1609052;"Łubniany (2)";106;
1609062;"Murów (2)";105;
1609073;"Niemodlin (3)";102;
1609083;"Ozimek (3)";106;
1609092;"Popielów (2)";108;
1609103;"Prószków (3)";110;
1609112;"Tarnów Opolski (2)";108;
1609123;"Tułowice (3)";107;
1609132;"Turawa (2)";106;
1610013;"Biała (3)";110;
1610023;"Głogówek (3)";103;
1610032;"Lubrza (2)";105;
1610043;"Prudnik (3)";110;
1611012;"Izbicko (2)";108;
1611022;"Jemielnica (2)";103;
1611033;"Kolonowskie (3)";106;
1611043;"Leśnica (3)";106;
1611053;"Strzelce Opolskie (3)";106;
1611063;"Ujazd (3)";104;
1611073;"Zawadzkie (3)";104;
1661011;"Opole (1)";112;
1801032;"Czarna (2)";103;
1801052;"Lutowiska (2)";100;
1801083;"Ustrzyki Dolne (3)";103;
1802013;"Brzozów (3)";103;
1802022;"Domaradz (2)";99;
1802032;"Dydnia (2)";98;
1802042;"Haczów (2)";101;
1802052;"Jasienica Rosielna (2)";105;
1802062;"Nozdrzec (2)";102;
1803011;"Dębica (1)";106;
1803023;"Brzostek (3)";100;
1803032;"Czarna (2)";101;
1803042;"Dębica (2)";101;
1803052;"Jodłowa (2)";97;
1803063;"Pilzno (3)";101;
1803072;"Żyraków (2)";100;
1804011;"Jarosław (1)";113;
1804021;"Radymno (1)";102;
1804032;"Chłopice (2)";98;
1804042;"Jarosław (2)";104;
1804052;"Laszki (2)";98;
1804062;"Pawłosiów (2)";104;
1804073;"Pruchnik (3)";102;
1804082;"Radymno (2)";100;
1804092;"Rokietnica (2)";102;
1804102;"Roźwienica (2)";101;
1804112;"Wiązownica (2)";101;
1805011;"Jasło (1)";109;
1805022;"Brzyska (2)";101;
1805032;"Dębowiec (2)";102;
1805042;"Jasło (2)";103;
1805053;"Kołaczyce (3)";98;
1805062;"Krempna (2)";91;
1805072;"Nowy Żmigród (2)";100;
1805082;"Osiek Jasielski (2)";101;
1805092;"Skołyszyn (2)";100;
1805112;"Tarnowiec (2)";102;
1806012;"Cmolas (2)";98;
1806023;"Kolbuszowa (3)";104;
1806032;"Majdan Królewski (2)";99;
1806042;"Niwiska (2)";101;
1806052;"Raniżów (2)";95;
1806062;"Dzikowiec (2)";99;
1807012;"Chorkówka (2)";103;
1807023;"Dukla (3)";103;
1807033;"Iwonicz-Zdrój (3)";100;
1807043;"Jedlicze (3)";104;
1807052;"Korczyna (2)";103;
1807062;"Krościenko Wyżne (2)";98;
1807072;"Miejsce Piastowe (2)";106;
1807083;"Rymanów (3)";105;
1807092;"Wojaszówka (2)";104;
1807102;"Jaśliska (2)";104;
1808011;"Leżajsk (1)";109;
1808022;"Grodzisko Dolne (2)";103;
1808032;"Kuryłówka (2)";100;
1808042;"Leżajsk (2)";101;
1808053;"Nowa Sarzyna (3)";100;
1809011;"Lubaczów (1)";110;
1809023;"Cieszanów (3)";102;
1809032;"Horyniec-Zdrój (2)";102;
1809042;"Lubaczów (2)";99;
1809053;"Narol (3)";93;
1809063;"Oleszyce (3)";101;
1809072;"Stary Dzików (2)";100;
1809082;"Wielkie Oczy (2)";103;
1810011;"Łańcut (1)";109;
1810022;"Białobrzegi (2)";102;
1810032;"Czarna (2)";104;
1810042;"Łańcut (2)";101;
1810052;"Markowa (2)";103;
1810062;"Rakszawa (2)";101;
1810072;"Żołynia (2)";101;
1811011;"Mielec (1)";108;
1811022;"Borowa (2)";100;
1811032;"Czermin (2)";98;
1811042;"Gawłuszowice (2)";101;
1811052;"Mielec (2)";100;
1811062;"Padew Narodowa (2)";99;
1811073;"Przecław (3)";102;
1811083;"Radomyśl Wielki (3)";99;
1811092;"Tuszów Narodowy (2)";100;
1811102;"Wadowice Górne (2)";98;
1812012;"Harasiuki (2)";100;
1812022;"Jarocin (2)";101;
1812032;"Jeżowe (2)";99;
1812042;"Krzeszów (2)";103;
1812053;"Nisko (3)";106;
1812063;"Rudnik nad Sanem (3)";101;
1812073;"Ulanów (3)";102;
1813012;"Bircza (2)";95;
1813022;"Dubiecko (2)";101;
1813032;"Fredropol (2)";99;
1813042;"Krasiczyn (2)";101;
1813052;"Krzywcza (2)";93;
1813062;"Medyka (2)";98;
1813072;"Orły (2)";100;
1813082;"Przemyśl (2)";101;
1813092;"Stubno (2)";103;
1813102;"Żurawica (2)";101;
1814011;"Przeworsk (1)";109;
1814022;"Adamówka (2)";101;
1814032;"Gać (2)";105;
1814042;"Jawornik Polski (2)";103;
1814053;"Kańczuga (3)";102;
1814062;"Przeworsk (2)";102;
1814073;"Sieniawa (3)";100;
1814082;"Tryńcza (2)";99;
1814092;"Zarzecze (2)";100;
1815012;"Iwierzyce (2)";100;
1815022;"Ostrów (2)";100;
1815033;"Ropczyce (3)";103;
1815043;"Sędziszów Małopolski (3)";104;
1815052;"Wielopole Skrzyńskie (2)";100;
1816011;"Dynów (1)";102;
1816023;"Błażowa (3)";102;
1816033;"Boguchwała (3)";106;
1816042;"Chmielnik (2)";100;
1816052;"Dynów (2)";96;
1816063;"Głogów Małopolski (3)";101;
1816072;"Hyżne (2)";101;
1816082;"Kamień (2)";99;
1816092;"Krasne (2)";105;
1816102;"Lubenia (2)";102;
1816113;"Sokołów Małopolski (3)";102;
1816122;"Świlcza (2)";104;
1816132;"Trzebownisko (2)";103;
1816143;"Tyczyn (3)";103;
1817011;"Sanok (1)";110;
1817022;"Besko (2)";103;
1817032;"Bukowsko (2)";99;
1817042;"Komańcza (2)";99;
1817052;"Sanok (2)";100;
1817062;"Tyrawa Wołoska (2)";98;
1817073;"Zagórz (3)";100;
1817082;"Zarszyn (2)";105;
1818011;"Stalowa Wola (1)";110;
1818022;"Bojanów (2)";97;
1818032;"Pysznica (2)";104;
1818042;"Radomyśl nad Sanem (2)";101;
1818053;"Zaklików (3)";105;
1818062;"Zaleszany (2)";103;
1819012;"Czudec (2)";100;
1819022;"Frysztak (2)";100;
1819032;"Niebylec (2)";105;
1819043;"Strzyżów (3)";103;
1819052;"Wiśniowa (2)";99;
1820013;"Baranów Sandomierski (3)";103;
1820022;"Gorzyce (2)";102;
1820032;"Grębów (2)";101;
1820043;"Nowa Dęba (3)";108;
1821012;"Baligród (2)";99;
1821022;"Cisna (2)";104;
1821033;"Lesko (3)";105;
1821042;"Olszanica (2)";101;
1821052;"Solina (2)";100;
1861011;"Krosno (1)";112;
1862011;"Przemyśl (1)";113;
1863011;"Rzeszów (1)";111;
1864011;"Tarnobrzeg (1)";109;
2001011;"Augustów (1)";111;
2001022;"Augustów (2)";96;
2001032;"Bargłów Kościelny (2)";101;
2001043;"Lipsk (3)";100;
2001052;"Nowinka (2)";96;
2001062;"Płaska (2)";95;
2001072;"Sztabin (2)";94;
2002013;"Choroszcz (3)";99;
2002023;"Czarna Białostocka (3)";106;
2002032;"Dobrzyniewo Duże (2)";101;
2002042;"Gródek (2)";108;
2002052;"Juchnowiec Kościelny (2)";101;
2002063;"Łapy (3)";105;
2002073;"Michałowo (3)";100;
2002082;"Poświętne (2)";98;
2002093;"Supraśl (3)";107;
2002103;"Suraż (3)";100;
2002112;"Turośń Kościelna (2)";99;
2002123;"Tykocin (3)";103;
2002133;"Wasilków (3)";107;
2002143;"Zabłudów (3)";98;
2002152;"Zawady (2)";94;
2003011;"Bielsk Podlaski (1)";108;
2003021;"Brańsk (1)";98;
2003032;"Bielsk Podlaski (2)";97;
2003042;"Boćki (2)";95;
2003052;"Brańsk (2)";92;
2003062;"Orla (2)";109;
2003072;"Rudka (2)";94;
2003082;"Wyszki (2)";96;
2004011;"Grajewo (1)";106;
2004022;"Grajewo (2)";98;
2004032;"Radziłów (2)";97;
2004043;"Rajgród (3)";100;
2004053;"Szczuczyn (3)";98;
2004062;"Wąsosz (2)";95;
2005011;"Hajnówka (1)";111;
2005022;"Białowieża (2)";100;
2005032;"Czeremcha (2)";107;
2005042;"Czyże (2)";103;
2005052;"Dubicze Cerkiewne (2)";102;
2005062;"Hajnówka (2)";99;
2005073;"Kleszczele (3)";104;
2005082;"Narew (2)";108;
2005092;"Narewka (2)";96;
2006011;"Kolno (1)";105;
2006022;"Grabowo (2)";101;
2006032;"Kolno (2)";100;
2006042;"Mały Płock (2)";98;
2006053;"Stawiski (3)";100;
2006062;"Turośl (2)";90;
2007013;"Jedwabne (3)";97;
2007022;"Łomża (2)";97;
2007032;"Miastkowo (2)";98;
2007043;"Nowogród (3)";103;
2007052;"Piątnica (2)";96;
2007062;"Przytuły (2)";100;
2007072;"Śniadowo (2)";97;
2007082;"Wizna (2)";99;
2007092;"Zbójna (2)";97;
2008013;"Goniądz (3)";105;
2008022;"Jasionówka (2)";99;
2008032;"Jaświły (2)";94;
2008043;"Knyszyn (3)";100;
2008052;"Krypno (2)";101;
2008063;"Mońki (3)";105;
2008072;"Trzcianne (2)";96;
2009011;"Sejny (1)";112;
2009022;"Giby (2)";100;
2009032;"Krasnopol (2)";95;
2009042;"Puńsk (2)";99;
2009052;"Sejny (2)";94;
2010011;"Siemiatycze (1)";111;
2010023;"Drohiczyn (3)";102;
2010032;"Dziadkowice (2)";97;
2010042;"Grodzisk (2)";95;
2010052;"Mielnik (2)";108;
2010062;"Milejczyce (2)";113;
2010072;"Nurzec-Stacja (2)";102;
2010082;"Perlejewo (2)";100;
2010092;"Siemiatycze (2)";100;
2011013;"Dąbrowa Białostocka (3)";102;
2011022;"Janów (2)";102;
2011032;"Korycin (2)";98;
2011043;"Krynki (3)";107;
2011052;"Kuźnica (2)";99;
2011062;"Nowy Dwór (2)";99;
2011072;"Sidra (2)";96;
2011083;"Sokółka (3)";104;
2011093;"Suchowola (3)";101;
2011102;"Szudziałowo (2)";100;
2012012;"Bakałarzewo (2)";94;
2012022;"Filipów (2)";96;
2012032;"Jeleniewo (2)";93;
2012042;"Przerośl (2)";96;
2012052;"Raczki (2)";96;
2012062;"Rutka-Tartak (2)";98;
2012072;"Suwałki (2)";96;
2012082;"Szypliszki (2)";96;
2012092;"Wiżajny (2)";95;
2013011;"Wysokie Mazowieckie (1)";109;
2013023;"Ciechanowiec (3)";96;
2013033;"Czyżew (3)";98;
2013042;"Klukowo (2)";93;
2013052;"Kobylin-Borzymy (2)";92;
2013062;"Kulesze Kościelne (2)";97;
2013072;"Nowe Piekuty (2)";96;
2013082;"Sokoły (2)";99;
2013093;"Szepietowo (3)";95;
2013102;"Wysokie Mazowieckie (2)";95;
2014011;"Zambrów (1)";108;
2014022;"Kołaki Kościelne (2)";95;
2014032;"Rutki (2)";95;
2014042;"Szumowo (2)";96;
2014052;"Zambrów (2)";96;
2061011;"Białystok (1)";113;
2062011;"Łomża (1)";110;
2063011;"Suwałki (1)";109;
2201012;"Borzytuchom (2)";96;
2201023;"Bytów (3)";104;
2201032;"Czarna Dąbrówka (2)";98;
2201042;"Kołczygłowy (2)";98;
2201052;"Lipnica (2)";95;
2201063;"Miastko (3)";102;
2201072;"Parchowo (2)";102;
2201082;"Studzienice (2)";100;
2201092;"Trzebielino (2)";99;
2201102;"Tuchomie (2)";96;
2202011;"Chojnice (1)";107;
2202023;"Brusy (3)";100;
2202032;"Chojnice (2)";97;
2202043;"Czersk (3)";102;
2202052;"Konarzyny (2)";99;
2203011;"Człuchów (1)";110;
2203023;"Czarne (3)";105;
2203032;"Człuchów (2)";95;
2203043;"Debrzno (3)";103;
2203052;"Koczała (2)";102;
2203062;"Przechlewo (2)";97;
2203072;"Rzeczenica (2)";101;
2204011;"Pruszcz Gdański (1)";110;
2204022;"Cedry Wielkie (2)";100;
2204032;"Kolbudy (2)";105;
2204042;"Pruszcz Gdański (2)";104;
2204052;"Przywidz (2)";96;
2204062;"Pszczółki (2)";101;
2204072;"Suchy Dąb (2)";96;
2204082;"Trąbki Wielkie (2)";98;
2205012;"Chmielno (2)";100;
2205023;"Kartuzy (3)";104;
2205032;"Przodkowo (2)";100;
2205042;"Sierakowice (2)";98;
2205052;"Somonino (2)";96;
2205062;"Stężyca (2)";97;
2205072;"Sulęczyno (2)";99;
2205083;"Żukowo (3)";101;
2206011;"Kościerzyna (1)";106;
2206022;"Dziemiany (2)";101;
2206032;"Karsin (2)";99;
2206042;"Kościerzyna (2)";98;
2206052;"Liniewo (2)";98;
2206062;"Lipusz (2)";93;
2206072;"Nowa Karczma (2)";98;
2206082;"Stara Kiszewa (2)";91;
2207011;"Kwidzyn (1)";106;
2207022;"Gardeja (2)";99;
2207032;"Kwidzyn (2)";95;
2207043;"Prabuty (3)";101;
2207052;"Ryjewo (2)";95;
2207062;"Sadlinki (2)";99;
2208011;"Lębork (1)";107;
2208021;"Łeba (1)";107;
2208032;"Cewice (2)";99;
2208042;"Nowa Wieś Lęborska (2)";97;
2208052;"Wicko (2)";99;
2209011;"Malbork (1)";109;
2209032;"Lichnowy (2)";101;
2209042;"Malbork (2)";97;
2209062;"Miłoradz (2)";99;
2209073;"Nowy Staw (3)";101;
2209082;"Stare Pole (2)";102;
2210011;"Krynica Morska (1)";105;
2210023;"Nowy Dwór Gdański (3)";103;
2210032;"Ostaszewo (2)";93;
2210042;"Stegna (2)";100;
2210052;"Sztutowo (2)";101;
2211011;"Hel (1)";102;
2211023;"Jastarnia (3)";106;
2211031;"Puck (1)";108;
2211043;"Władysławowo (3)";105;
2211052;"Kosakowo (2)";102;
2211062;"Krokowa (2)";97;
2211072;"Puck (2)";100;
2212011;"Ustka (1)";109;
2212022;"Damnica (2)";97;
2212032;"Dębnica Kaszubska (2)";100;
2212042;"Główczyce (2)";97;
2212053;"Kępice (3)";95;
2212062;"Kobylnica (2)";100;
2212072;"Potęgowo (2)";98;
2212082;"Słupsk (2)";100;
2212092;"Smołdzino (2)";102;
2212102;"Ustka (2)";98;
2213013;"Czarna Woda (3)";102;
2213021;"Skórcz (1)";104;
2213031;"Starogard Gdański (1)";107;
2213042;"Bobowo (2)";97;
2213052;"Kaliska (2)";99;
2213062;"Lubichowo (2)";98;
2213072;"Osieczna (2)";97;
2213082;"Osiek (2)";96;
2213093;"Skarszewy (3)";103;
2213102;"Skórcz (2)";93;
2213112;"Smętowo Graniczne (2)";98;
2213122;"Starogard Gdański (2)";100;
2213132;"Zblewo (2)";103;
2214011;"Tczew (1)";109;
2214023;"Gniew (3)";101;
2214032;"Morzeszczyn (2)";95;
2214043;"Pelplin (3)";99;
2214052;"Subkowy (2)";96;
2214062;"Tczew (2)";96;
2215011;"Reda (1)";104;
2215021;"Rumia (1)";106;
2215031;"Wejherowo (1)";106;
2215042;"Choczewo (2)";95;
2215052;"Gniewino (2)";90;
2215062;"Linia (2)";101;
2215072;"Luzino (2)";99;
2215082;"Łęczyce (2)";99;
2215092;"Szemud (2)";96;
2215102;"Wejherowo (2)";99;
2216013;"Dzierzgoń (3)";100;
2216022;"Mikołajki Pomorskie (2)";97;
2216032;"Stary Dzierzgoń (2)";98;
2216042;"Stary Targ (2)";96;
2216053;"Sztum (3)";104;
2261011;"Gdańsk (1)";111;
2262011;"Gdynia (1)";112;
2263011;"Słupsk (1)";112;
2264011;"Sopot (1)";115;
2401011;"Będzin (1)";111;
2401021;"Czeladź (1)";111;
2401031;"Wojkowice (1)";110;
2401042;"Bobrowniki (2)";110;
2401052;"Mierzęcice (2)";106;
2401062;"Psary (2)";108;
2401073;"Siewierz (3)";108;
2401081;"Sławków (1)";110;
2402011;"Szczyrk (1)";111;
2402022;"Bestwina (2)";103;
2402032;"Buczkowice (2)";104;
2402043;"Czechowice-Dziedzice (3)";106;
2402052;"Jasienica (2)";103;
2402062;"Jaworze (2)";104;
2402072;"Kozy (2)";109;
2402082;"Porąbka (2)";103;
2402093;"Wilamowice (3)";103;
2402102;"Wilkowice (2)";106;
2403011;"Cieszyn (1)";111;
2403021;"Ustroń (1)";111;
2403031;"Wisła (1)";107;
2403042;"Brenna (2)";102;
2403052;"Chybie (2)";102;
2403062;"Dębowiec (2)";102;
2403072;"Goleszów (2)";106;
2403082;"Hażlach (2)";103;
2403092;"Istebna (2)";100;
2403103;"Skoczów (3)";108;
2403113;"Strumień (3)";100;
2403122;"Zebrzydowice (2)";104;
2404013;"Blachownia (3)";111;
2404022;"Dąbrowa Zielona (2)";102;
2404032;"Janów (2)";99;
2404042;"Kamienica Polska (2)";107;
2404052;"Kłomnice (2)";107;
2404063;"Koniecpol (3)";101;
2404072;"Konopiska (2)";107;
2404082;"Kruszyna (2)";102;
2404092;"Lelów (2)";99;
2404102;"Mstów (2)";105;
2404112;"Mykanów (2)";102;
2404122;"Olsztyn (2)";100;
2404132;"Poczesna (2)";104;
2404142;"Przyrów (2)";102;
2404152;"Rędziny (2)";104;
2404162;"Starcza (2)";106;
2405011;"Knurów (1)";106;
2405021;"Pyskowice (1)";108;
2405032;"Gierałtowice (2)";107;
2405042;"Pilchowice (2)";104;
2405052;"Rudziniec (2)";105;
2405063;"Sośnicowice (3)";109;
2405073;"Toszek (3)";105;
2405082;"Wielowieś (2)";105;
2406013;"Kłobuck (3)";105;
2406023;"Krzepice (3)";102;
2406032;"Lipie (2)";102;
2406042;"Miedźno (2)";102;
2406052;"Opatów (2)";102;
2406062;"Panki (2)";103;
2406072;"Popów (2)";102;
2406082;"Przystajń (2)";102;
2406092;"Wręczyca Wielka (2)";103;
2407011;"Lubliniec (1)";105;
2407022;"Boronów (2)";104;
2407032;"Ciasna (2)";103;
2407042;"Herby (2)";101;
2407052;"Kochanowice (2)";104;
2407062;"Koszęcin (2)";104;
2407072;"Pawonków (2)";102;
2407083;"Woźniki (3)";102;
2408011;"Łaziska Górne (1)";107;
2408021;"Mikołów (1)";108;
2408031;"Orzesze (1)";101;
2408042;"Ornontowice (2)";103;
2408052;"Wyry (2)";104;
2409011;"Myszków (1)";109;
2409023;"Koziegłowy (3)";107;
2409032;"Niegowa (2)";100;
2409042;"Poraj (2)";109;
2409053;"Żarki (3)";105;
2410012;"Goczałkowice-Zdrój (2)";107;
2410022;"Kobiór (2)";102;
2410032;"Miedźna (2)";100;
2410042;"Pawłowice (2)";103;
2410053;"Pszczyna (3)";107;
2410062;"Suszec (2)";102;
2411011;"Racibórz (1)";111;
2411022;"Kornowac (2)";104;
2411033;"Krzanowice (3)";105;
2411042;"Krzyżanowice (2)";106;
2411053;"Kuźnia Raciborska (3)";103;
2411062;"Nędza (2)";106;
2411072;"Pietrowice Wielkie (2)";110;
2411082;"Rudnik (2)";109;
2412013;"Czerwionka-Leszczyny (3)";104;
2412022;"Gaszowice (2)";101;
2412032;"Jejkowice (2)";100;
2412042;"Lyski (2)";104;
2412052;"Świerklany (2)";103;
2413011;"Kalety (1)";105;
2413021;"Miasteczko Śląskie (1)";107;
2413031;"Radzionków (1)";105;
2413041;"Tarnowskie Góry (1)";108;
2413052;"Krupski Młyn (2)";99;
2413062;"Ożarowice (2)";107;
2413072;"Świerklaniec (2)";104;
2413082;"Tworóg (2)";101;
2413092;"Zbrosławice (2)";101;
2414011;"Bieruń (1)";102;
2414021;"Imielin (1)";105;
2414031;"Lędziny (1)";101;
2414042;"Bojszowy (2)";104;
2414052;"Chełm Śląski (2)";109;
2415011;"Pszów (1)";103;
2415021;"Radlin (1)";107;
2415031;"Rydułtowy (1)";106;
2415041;"Wodzisław Śląski (1)";108;
2415052;"Godów (2)";105;
2415062;"Gorzyce (2)";103;
2415072;"Lubomia (2)";107;
2415082;"Marklowice (2)";104;
2415092;"Mszana (2)";101;
2416011;"Poręba (1)";109;
2416021;"Zawiercie (1)";111;
2416032;"Irządze (2)";98;
2416042;"Kroczyce (2)";98;
2416053;"Łazy (3)";107;
2416063;"Ogrodzieniec (3)";107;
2416073;"Pilica (3)";99;
2416083;"Szczekociny (3)";102;
2416092;"Włodowice (2)";105;
2416102;"Żarnowiec (2)";102;
2417011;"Żywiec (1)";108;
2417022;"Czernichów (2)";107;
2417032;"Gilowice (2)";105;
2417042;"Jeleśnia (2)";101;
2417052;"Koszarawa (2)";95;
2417062;"Lipowa (2)";107;
2417072;"Łękawica (2)";102;
2417082;"Łodygowice (2)";104;
2417092;"Milówka (2)";105;
2417102;"Radziechowy-Wieprz (2)";103;
2417112;"Rajcza (2)";105;
2417122;"Ślemień (2)";104;
2417132;"Świnna (2)";105;
2417142;"Ujsoły (2)";99;
2417152;"Węgierska Górka (2)";103;
2461011;"Bielsko-Biała (1)";112;
2462011;"Bytom (1)";110;
2463011;"Chorzów (1)";110;
2464011;"Częstochowa (1)";113;
2465011;"Dąbrowa Górnicza (1)";109;
2466011;"Gliwice (1)";108;
2467011;"Jastrzębie-Zdrój (1)";105;
2468011;"Jaworzno (1)";106;
2469011;"Katowice (1)";110;
2470011;"Mysłowice (1)";107;
2471011;"Piekary Śląskie (1)";108;
2472011;"Ruda Śląska (1)";107;
2473011;"Rybnik (1)";105;
2474011;"Siemianowice Śląskie (1)";110;
2475011;"Sosnowiec (1)";111;
2476011;"Świętochłowice (1)";109;
2477011;"Tychy (1)";108;
2478011;"Zabrze (1)";107;
2479011;"Żory (1)";105;
2601013;"Busko-Zdrój (3)";108;
2601022;"Gnojno (2)";96;
2601033;"Nowy Korczyn (3)";103;
2601043;"Pacanów (3)";104;
2601052;"Solec-Zdrój (2)";106;
2601063;"Stopnica (3)";102;
2601072;"Tuczępy (2)";100;
2601083;"Wiślica (3)";102;
2602012;"Imielno (2)";98;
2602023;"Jędrzejów (3)";107;
2602033;"Małogoszcz (3)";99;
2602042;"Nagłowice (2)";100;
2602052;"Oksa (2)";99;
2602063;"Sędziszów (3)";102;
2602072;"Słupia (2)";102;
2602082;"Sobków (2)";99;
2602092;"Wodzisław (2)";98;
2603012;"Bejsce (2)";106;
2603022;"Czarnocin (2)";103;
2603033;"Kazimierza Wielka (3)";104;
2603043;"Opatowiec (3)";100;
2603053;"Skalbmierz (3)";99;
2604012;"Bieliny (2)";101;
2604023;"Bodzentyn (3)";101;
2604033;"Chęciny (3)";103;
2604043;"Chmielnik (3)";99;
2604053;"Daleszyce (3)";100;
2604062;"Górno (2)";101;
2604073;"Łagów (3)";96;
2604082;"Łopuszno (2)";98;
2604092;"Masłów (2)";98;
2604102;"Miedziana Góra (2)";105;
2604112;"Mniów (2)";104;
2604123;"Morawica (3)";98;
2604133;"Nowa Słupia (3)";100;
2604142;"Piekoszów (2)";104;
2604153;"Pierzchnica (3)";99;
2604162;"Raków (2)";97;
2604172;"Nowiny (2)";103;
2604182;"Strawczyn (2)";100;
2604192;"Zagnańsk (2)";102;
2605012;"Fałków (2)";100;
2605022;"Gowarczów (2)";98;
2605033;"Końskie (3)";106;
2605043;"Radoszyce (3)";99;
2605052;"Ruda Maleniecka (2)";102;
2605062;"Słupia Konecka (2)";92;
2605072;"Smyków (2)";98;
2605083;"Stąporków (3)";104;
2606012;"Baćkowice (2)";96;
2606022;"Iwaniska (2)";96;
2606032;"Lipnik (2)";99;
2606043;"Opatów (3)";106;
2606053;"Ożarów (3)";102;
2606062;"Sadowie (2)";105;
2606072;"Tarłów (2)";101;
2606082;"Wojciechowice (2)";99;
2607011;"Ostrowiec Świętokrzyski (1)";113;
2607022;"Bałtów (2)";103;
2607032;"Bodzechów (2)";103;
2607043;"Ćmielów (3)";105;
2607053;"Kunów (3)";102;
2607062;"Waśniów (2)";98;
2608013;"Działoszyce (3)";102;
2608022;"Kije (2)";102;
2608032;"Michałów (2)";99;
2608043;"Pińczów (3)";104;
2608052;"Złota (2)";104;
2609011;"Sandomierz (1)";114;
2609022;"Dwikozy (2)";101;
2609032;"Klimontów (2)";101;
2609043;"Koprzywnica (3)";102;
2609052;"Łoniów (2)";99;
2609062;"Obrazów (2)";105;
2609072;"Samborzec (2)";101;
2609082;"Wilczyce (2)";100;
2609093;"Zawichost (3)";107;
2610011;"Skarżysko-Kamienna (1)";110;
2610022;"Bliżyn (2)";102;
2610032;"Łączna (2)";101;
2610042;"Skarżysko Kościelne (2)";102;
2610053;"Suchedniów (3)";107;
2611011;"Starachowice (1)";111;
2611022;"Brody (2)";104;
2611032;"Mirzec (2)";99;
2611042;"Pawłów (2)";100;
2611053;"Wąchock (3)";105;
2612012;"Bogoria (2)";100;
2612022;"Łubnice (2)";103;
2612033;"Oleśnica (3)";102;
2612043;"Osiek (3)";98;
2612053;"Połaniec (3)";102;
2612062;"Rytwiany (2)";102;
2612073;"Staszów (3)";104;
2612083;"Szydłów (3)";100;
2613012;"Kluczewsko (2)";97;
2613022;"Krasocin (2)";98;
2613032;"Moskorzew (2)";98;
2613042;"Radków (2)";100;
2613052;"Secemin (2)";100;
2613063;"Włoszczowa (3)";102;
2661011;"Kielce (1)";113;
2801011;"Bartoszyce (1)";113;
2801021;"Górowo Iławeckie (1)";105;
2801032;"Bartoszyce (2)";96;
2801043;"Bisztynek (3)";104;
2801052;"Górowo Iławeckie (2)";100;
2801063;"Sępopol (3)";98;
2802011;"Braniewo (1)";105;
2802022;"Braniewo (2)";93;
2802033;"Frombork (3)";105;
2802042;"Lelkowo (2)";103;
2802053;"Pieniężno (3)";95;
2802062;"Płoskinia (2)";96;
2802072;"Wilczęta (2)";95;
2803011;"Działdowo (1)";108;
2803022;"Działdowo (2)";95;
2803032;"Iłowo-Osada (2)";105;
2803043;"Lidzbark (3)";102;
2803052;"Płośnica (2)";99;
2803062;"Rybno (2)";100;
2804012;"Elbląg (2)";95;
2804022;"Godkowo (2)";102;
2804032;"Gronowo Elbląskie (2)";99;
2804042;"Markusy (2)";95;
2804052;"Milejewo (2)";98;
2804063;"Młynary (3)";99;
2804073;"Pasłęk (3)";103;
2804082;"Rychliki (2)";96;
2804093;"Tolkmicko (3)";99;
2805011;"Ełk (1)";108;
2805022;"Ełk (2)";94;
2805032;"Kalinowo (2)";93;
2805042;"Prostki (2)";96;
2805052;"Stare Juchy (2)";97;
2806011;"Giżycko (1)";111;
2806042;"Giżycko (2)";99;
2806052;"Kruklanki (2)";97;
2806062;"Miłki (2)";95;
2806083;"Ryn (3)";100;
2806102;"Wydminy (2)";99;
2807011;"Iława (1)";109;
2807021;"Lubawa (1)";107;
2807032;"Iława (2)";96;
2807043;"Kisielice (3)";94;
2807052;"Lubawa (2)";96;
2807063;"Susz (3)";98;
2807073;"Zalewo (3)";98;
2808011;"Kętrzyn (1)";111;
2808022;"Barciany (2)";96;
2808032;"Kętrzyn (2)";95;
2808043;"Korsze (3)";100;
2808053;"Reszel (3)";106;
2808062;"Srokowo (2)";98;
2809011;"Lidzbark Warmiński (1)";109;
2809022;"Kiwity (2)";95;
2809032;"Lidzbark Warmiński (2)";94;
2809042;"Lubomino (2)";97;
2809053;"Orneta (3)";105;
2810011;"Mrągowo (1)";108;
2810023;"Mikołajki (3)";103;
2810032;"Mrągowo (2)";103;
2810042;"Piecki (2)";98;
2810052;"Sorkwity (2)";100;
2811012;"Janowiec Kościelny (2)";98;
2811022;"Janowo (2)";97;
2811032;"Kozłowo (2)";95;
2811043;"Nidzica (3)";104;
2812011;"Nowe Miasto Lubawskie (1)";110;
2812022;"Biskupiec (2)";96;
2812032;"Grodziczno (2)";98;
2812042;"Kurzętnik (2)";99;
2812052;"Nowe Miasto Lubawskie (2)";97;
2813032;"Kowale Oleckie (2)";93;
2813043;"Olecko (3)";104;
2813052;"Świętajno (2)";91;
2813062;"Wieliczki (2)";94;
2814013;"Barczewo (3)";102;
2814023;"Biskupiec (3)";108;
2814033;"Dobre Miasto (3)";104;
2814042;"Dywity (2)";101;
2814052;"Gietrzwałd (2)";100;
2814063;"Jeziorany (3)";103;
2814072;"Jonkowo (2)";97;
2814082;"Kolno (2)";102;
2814093;"Olsztynek (3)";103;
2814102;"Purda (2)";100;
2814112;"Stawiguda (2)";104;
2814122;"Świątki (2)";97;
2815011;"Ostróda (1)";112;
2815022;"Dąbrówno (2)";91;
2815032;"Grunwald (2)";97;
2815042;"Łukta (2)";98;
2815052;"Małdyty (2)";100;
2815063;"Miłakowo (3)";98;
2815073;"Miłomłyn (3)";100;
2815083;"Morąg (3)";103;
2815092;"Ostróda (2)";97;
2816013;"Biała Piska (3)";98;
2816023;"Orzysz (3)";98;
2816033;"Pisz (3)";102;
2816043;"Ruciane-Nida (3)";103;
2817011;"Szczytno (1)";110;
2817022;"Dźwierzuty (2)";100;
2817032;"Jedwabno (2)";102;
2817043;"Pasym (3)";100;
2817052;"Rozogi (2)";94;
2817062;"Szczytno (2)";99;
2817072;"Świętajno (2)";99;
2817083;"Wielbark (3)";95;
2818012;"Banie Mazurskie (2)";97;
2818022;"Dubeninki (2)";98;
2818033;"Gołdap (3)";103;
2819012;"Budry (2)";98;
2819022;"Pozezdrze (2)";98;
2819033;"Węgorzewo (3)";102;
2861011;"Elbląg (1)";109;
2862011;"Olsztyn (1)";115;
3001011;"Chodzież (1)";111;
3001022;"Budzyń (2)";99;
3001032;"Chodzież (2)";99;
3001043;"Margonin (3)";99;
3001053;"Szamocin (3)";101;
3002011;"Czarnków (1)";106;
3002022;"Czarnków (2)";97;
3002032;"Drawsko (2)";100;
3002043;"Krzyż Wielkopolski (3)";103;
3002052;"Lubasz (2)";100;
3002062;"Połajewo (2)";97;
3002073;"Trzcianka (3)";104;
3002083;"Wieleń (3)";101;
3003011;"Gniezno (1)";109;
3003023;"Czerniejewo (3)";98;
3003032;"Gniezno (2)";101;
3003042;"Kiszkowo (2)";100;
3003053;"Kłecko (3)";100;
3003062;"Łubowo (2)";102;
3003072;"Mieleszyn (2)";102;
3003082;"Niechanowo (2)";101;
3003093;"Trzemeszno (3)";100;
3003103;"Witkowo (3)";101;
3004013;"Borek Wielkopolski (3)";97;
3004023;"Gostyń (3)";105;
3004033;"Krobia (3)";101;
3004042;"Pępowo (2)";96;
3004052;"Piaski (2)";101;
3004063;"Pogorzela (3)";98;
3004073;"Poniec (3)";103;
3005012;"Granowo (2)";98;
3005023;"Grodzisk Wielkopolski (3)";103;
3005032;"Kamieniec (2)";99;
3005043;"Rakoniewice (3)";101;
3005053;"Wielichowo (3)";100;
3006013;"Jaraczewo (3)";106;
3006023;"Jarocin (3)";107;
3006032;"Kotlin (2)";103;
3006043;"Żerków (3)";99;
3007012;"Blizanów (2)";105;
3007022;"Brzeziny (2)";103;
3007032;"Ceków-Kolonia (2)";103;
3007042;"Godziesze Wielkie (2)";102;
3007052;"Koźminek (2)";100;
3007062;"Lisków (2)";107;
3007072;"Mycielin (2)";99;
3007083;"Opatówek (3)";104;
3007093;"Stawiszyn (3)";107;
3007102;"Szczytniki (2)";100;
3007112;"Żelazków (2)";104;
3008012;"Baranów (2)";100;
3008022;"Bralin (2)";96;
3008033;"Kępno (3)";104;
3008042;"Łęka Opatowska (2)";102;
3008052;"Perzów (2)";101;
3008062;"Rychtal (2)";99;
3008072;"Trzcinica (2)";102;
3009011;"Koło (1)";113;
3009022;"Babiak (2)";101;
3009032;"Chodów (2)";98;
3009043;"Dąbie (3)";101;
3009052;"Grzegorzew (2)";103;
3009063;"Kłodawa (3)";104;
3009072;"Koło (2)";99;
3009082;"Kościelec (2)";99;
3009092;"Olszówka (2)";101;
3009102;"Osiek Mały (2)";100;
3009113;"Przedecz (3)";102;
3010013;"Golina (3)";100;
3010022;"Grodziec (2)";98;
3010032;"Kazimierz Biskupi (2)";101;
3010043;"Kleczew (3)";105;
3010052;"Kramsk (2)";102;
3010062;"Krzymów (2)";103;
3010073;"Rychwał (3)";101;
3010082;"Rzgów (2)";101;
3010092;"Skulsk (2)";98;
3010103;"Sompolno (3)";102;
3010112;"Stare Miasto (2)";101;
3010123;"Ślesin (3)";100;
3010132;"Wierzbinek (2)";97;
3010142;"Wilczyn (2)";100;
3011011;"Kościan (1)";109;
3011023;"Czempiń (3)";105;
3011032;"Kościan (2)";101;
3011043;"Krzywiń (3)";99;
3011053;"Śmigiel (3)";102;
3012011;"Sulmierzyce (1)";100;
3012023;"Kobylin (3)";99;
3012033;"Koźmin Wielkopolski (3)";104;
3012043;"Krotoszyn (3)";106;
3012052;"Rozdrażew (2)";100;
3012063;"Zduny (3)";101;
3013012;"Krzemieniewo (2)";99;
3013022;"Lipno (2)";102;
3013033;"Osieczna (3)";102;
3013043;"Rydzyna (3)";100;
3013052;"Święciechowa (2)";101;
3013062;"Wijewo (2)";95;
3013072;"Włoszakowice (2)";103;
3014012;"Chrzypsko Wielkie (2)";96;
3014022;"Kwilcz (2)";99;
3014033;"Międzychód (3)";103;
3014043;"Sieraków (3)";103;
3015012;"Kuślin (2)";99;
3015023;"Lwówek (3)";103;
3015032;"Miedzichowo (2)";101;
3015043;"Nowy Tomyśl (3)";105;
3015053;"Opalenica (3)";104;
3015063;"Zbąszyń (3)";104;
3016013;"Oborniki (3)";104;
3016023;"Rogoźno (3)";100;
3016032;"Ryczywół (2)";100;
3017011;"Ostrów Wielkopolski (1)";110;
3017023;"Nowe Skalmierzyce (3)";102;
3017033;"Odolanów (3)";100;
3017042;"Ostrów Wielkopolski (2)";101;
3017052;"Przygodzice (2)";101;
3017063;"Raszków (3)";100;
3017072;"Sieroszewice (2)";98;
3017082;"Sośnie (2)";99;
3018012;"Czajków (2)";100;
3018022;"Doruchów (2)";99;
3018033;"Grabów nad Prosną (3)";105;
3018042;"Kobyla Góra (2)";97;
3018052;"Kraszewice (2)";102;
3018063;"Mikstat (3)";100;
3018073;"Ostrzeszów (3)";106;
3019011;"Piła (1)";109;
3019022;"Białośliwie (2)";101;
3019032;"Kaczory (2)";100;
3019043;"Łobżenica (3)";94;
3019052;"Miasteczko Krajeńskie (2)";99;
3019062;"Szydłowo (2)";97;
3019073;"Ujście (3)";98;
3019083;"Wyrzysk (3)";104;
3019093;"Wysoka (3)";98;
3020013;"Chocz (3)";100;
3020022;"Czermin (2)";97;
3020033;"Dobrzyca (3)";102;
3020042;"Gizałki (2)";100;
3020052;"Gołuchów (2)";102;
3020063;"Pleszew (3)";104;
3021011;"Luboń (1)";110;
3021021;"Puszczykowo (1)";111;
3021033;"Buk (3)";106;
3021042;"Czerwonak (2)";106;
3021052;"Dopiewo (2)";104;
3021062;"Kleszczewo (2)";104;
3021072;"Komorniki (2)";105;
3021083;"Kostrzyn (3)";106;
3021093;"Kórnik (3)";103;
3021103;"Mosina (3)";105;
3021113;"Murowana Goślina (3)";102;
3021123;"Pobiedziska (3)";104;
3021132;"Rokietnica (2)";104;
3021143;"Stęszew (3)";104;
3021152;"Suchy Las (2)";104;
3021163;"Swarzędz (3)";106;
3021172;"Tarnowo Podgórne (2)";106;
3022013;"Bojanowo (3)";99;
3022023;"Jutrosin (3)";98;
3022033;"Miejska Górka (3)";100;
3022042;"Pakosław (2)";95;
3022053;"Rawicz (3)";107;
3023011;"Słupca (1)";108;
3023022;"Lądek (2)";100;
3023032;"Orchowo (2)";102;
3023042;"Ostrowite (2)";97;
3023052;"Powidz (2)";97;
3023062;"Słupca (2)";100;
3023072;"Strzałkowo (2)";97;
3023083;"Zagórów (3)";99;
3024011;"Obrzycko (1)";105;
3024022;"Duszniki (2)";100;
3024032;"Kaźmierz (2)";104;
3024042;"Obrzycko (2)";97;
3024053;"Ostroróg (3)";99;
3024063;"Pniewy (3)";106;
3024073;"Szamotuły (3)";107;
3024083;"Wronki (3)";103;
3025012;"Dominowo (2)";102;
3025022;"Krzykosy (2)";100;
3025032;"Nowe Miasto nad Wartą (2)";100;
3025043;"Środa Wielkopolska (3)";105;
3025052;"Zaniemyśl (2)";102;
3026012;"Brodnica (2)";97;
3026023;"Dolsk (3)";100;
3026033;"Książ Wielkopolski (3)";98;
3026043;"Śrem (3)";106;
3027011;"Turek (1)";112;
3027022;"Brudzew (2)";104;
3027033;"Dobra (3)";102;
3027042;"Kawęczyn (2)";99;
3027052;"Malanów (2)";101;
3027062;"Przykona (2)";100;
3027073;"Tuliszków (3)";101;
3027082;"Turek (2)";99;
3027092;"Władysławów (2)";99;
3028011;"Wągrowiec (1)";108;
3028022;"Damasławek (2)";103;
3028033;"Gołańcz (3)";96;
3028042;"Mieścisko (2)";97;
3028053;"Skoki (3)";99;
3028062;"Wapno (2)";102;
3028072;"Wągrowiec (2)";97;
3029012;"Przemęt (2)";99;
3029022;"Siedlec (2)";103;
3029033;"Wolsztyn (3)";105;
3030012;"Kołaczkowo (2)";102;
3030023;"Miłosław (3)";101;
3030033;"Nekla (3)";102;
3030043;"Pyzdry (3)";102;
3030053;"Września (3)";107;
3031011;"Złotów (1)";109;
3031023;"Jastrowie (3)";101;
3031033;"Krajenka (3)";102;
3031042;"Lipka (2)";99;
3031053;"Okonek (3)";101;
3031062;"Tarnówka (2)";96;
3031072;"Zakrzewo (2)";98;
3031082;"Złotów (2)";96;
3061011;"Kalisz (1)";115;
3062011;"Konin (1)";112;
3063011;"Leszno (1)";109;
3064011;"Poznań (1)";114;
3201011;"Białogard (1)";109;
3201022;"Białogard (2)";94;
3201033;"Karlino (3)";102;
3201043;"Tychowo (3)";100;
3202012;"Bierzwnik (2)";96;
3202023;"Choszczno (3)";105;
3202033;"Drawno (3)";99;
3202042;"Krzęcin (2)";99;
3202053;"Pełczyce (3)";95;
3202063;"Recz (3)";99;
3203013;"Czaplinek (3)";103;
3203023;"Drawsko Pomorskie (3)";105;
3203033;"Kalisz Pomorski (3)";106;
3203052;"Wierzchowo (2)";97;
3203063;"Złocieniec (3)";105;
3204023;"Goleniów (3)";104;
3204033;"Maszewo (3)";99;
3204043;"Nowogard (3)";104;
3204052;"Osina (2)";95;
3204062;"Przybiernów (2)";98;
3204073;"Stepnica (3)";99;
3205012;"Brojce (2)";94;
3205023;"Gryfice (3)";105;
3205032;"Karnice (2)";100;
3205043;"Płoty (3)";101;
3205072;"Rewal (2)";106;
3205083;"Trzebiatów (3)";99;
3206012;"Banie (2)";99;
3206023;"Cedynia (3)";100;
3206033;"Chojna (3)";104;
3206043;"Gryfino (3)";105;
3206053;"Mieszkowice (3)";98;
3206063;"Moryń (3)";105;
3206072;"Stare Czarnowo (2)";94;
3206083;"Trzcińsko-Zdrój (3)";102;
3206092;"Widuchowa (2)";99;
3207013;"Dziwnów (3)";106;
3207023;"Golczewo (3)";99;
3207033;"Kamień Pomorski (3)";105;
3207043;"Międzyzdroje (3)";114;
3207052;"Świerzno (2)";101;
3207063;"Wolin (3)";102;
3208011;"Kołobrzeg (1)";113;
3208022;"Dygowo (2)";101;
3208033;"Gościno (3)";100;
3208042;"Kołobrzeg (2)";104;
3208052;"Rymań (2)";100;
3208062;"Siemyśl (2)";96;
3208072;"Ustronie Morskie (2)";110;
3209012;"Będzino (2)";102;
3209022;"Biesiekierz (2)";99;
3209033;"Bobolice (3)";98;
3209042;"Manowo (2)";100;
3209053;"Mielno (3)";106;
3209063;"Polanów (3)";98;
3209073;"Sianów (3)";103;
3209082;"Świeszyno (2)";100;
3210013;"Barlinek (3)";105;
3210022;"Boleszkowice (2)";96;
3210033;"Dębno (3)";104;
3210043;"Myślibórz (3)";105;
3210052;"Nowogródek Pomorski (2)";95;
3211012;"Dobra (Szczecińska) (2)";104;
3211022;"Kołbaskowo (2)";104;
3211033;"Nowe Warpno (3)";95;
3211043;"Police (3)";104;
3212012;"Bielice (2)";96;
3212022;"Kozielice (2)";98;
3212033;"Lipiany (3)";99;
3212042;"Przelewice (2)";95;
3212053;"Pyrzyce (3)";103;
3212062;"Warnice (2)";96;
3213011;"Darłowo (1)";108;
3213021;"Sławno (1)";109;
3213032;"Darłowo (2)";100;
3213042;"Malechowo (2)";100;
3213052;"Postomino (2)";100;
3213062;"Sławno (2)";99;
3214011;"Stargard (1)";108;
3214023;"Chociwel (3)";98;
3214033;"Dobrzany (3)";98;
3214042;"Dolice (2)";98;
3214053;"Ińsko (3)";101;
3214062;"Kobylanka (2)";102;
3214082;"Marianowo (2)";104;
3214092;"Stara Dąbrowa (2)";95;
3214102;"Stargard (2)";97;
3214113;"Suchań (3)";99;
3215011;"Szczecinek (1)";111;
3215023;"Barwice (3)";99;
3215033;"Biały Bór (3)";102;
3215043;"Borne Sulinowo (3)";105;
3215052;"Grzmiąca (2)";96;
3215062;"Szczecinek (2)";98;
3216011;"Świdwin (1)";107;
3216022;"Brzeżno (2)";96;
3216033;"Połczyn-Zdrój (3)";104;
3216042;"Rąbino (2)";93;
3216052;"Sławoborze (2)";100;
3216062;"Świdwin (2)";96;
3217011;"Wałcz (1)";110;
3217023;"Człopa (3)";102;
3217033;"Mirosławiec (3)";105;
3217043;"Tuczno (3)";101;
3217052;"Wałcz (2)";100;
3218013;"Dobra (3)";99;
3218023;"Łobez (3)";104;
3218032;"Radowo Małe (2)";98;
3218043;"Resko (3)";99;
3218053;"Węgorzyno (3)";98;
3261011;"Koszalin (1)";112;
3262011;"Szczecin (1)";111;
3263011;"Świnoujście (1)";108;
