"Kod";"Nazwa";"ogółem w km2;2019;[km2]";
0201011;"Bolesławiec (1)";24;
0201022;"Bolesławiec (2)";289;
0201032;"Gromadka (2)";268;
0201043;"Nowogrodziec (3)";176;
0201052;"Osiecznica (2)";437;
0201062;"Warta Bolesławiecka (2)";110;
0202011;"Bielawa (1)";36;
0202021;"Dzierżoniów (1)";20;
0202033;"Pieszyce (3)";64;
0202041;"Piława Górna (1)";21;
0202052;"Dzierżoniów (2)";141;
0202062;"Łagiewniki (2)";125;
0202073;"Niemcza (3)";72;
0203011;"Głogów (1)";35;
0203022;"Głogów (2)";85;
0203032;"Jerzmanowa (2)";63;
0203042;"Kotla (2)";128;
0203052;"Pęcław (2)";64;
0203062;"Żukowice (2)";68;
0204013;"Góra (3)";266;
0204022;"Jemielno (2)";124;
0204032;"Niechlów (2)";151;
0204043;"Wąsosz (3)";197;
0205011;"Jawor (1)";19;
0205023;"Bolków (3)";153;
0205032;"Męcinka (2)";148;
0205042;"Mściwojów (2)";72;
0205052;"Paszowice (2)";101;
0205062;"Wądroże Wielkie (2)";89;
0206011;"Karpacz (1)";38;
0206021;"Kowary (1)";37;
0206031;"Piechowice (1)";43;
0206041;"Szklarska Poręba (1)";75;
0206052;"Janowice Wielkie (2)";58;
0206062;"Jeżów Sudecki (2)";94;
0206072;"Mysłakowice (2)";88;
0206082;"Podgórzyn (2)";83;
0206092;"Stara Kamienica (2)";111;
0207011;"Kamienna Góra (1)";18;
0207022;"Kamienna Góra (2)";158;
0207033;"Lubawka (3)";138;
0207042;"Marciszów (2)";82;
0208011;"Duszniki-Zdrój (1)";22;
0208021;"Kłodzko (1)";25;
0208031;"Kudowa-Zdrój (1)";34;
0208041;"Nowa Ruda (1)";37;
0208051;"Polanica-Zdrój (1)";17;
0208063;"Bystrzyca Kłodzka (3)";339;
0208072;"Kłodzko (2)";252;
0208083;"Lądek-Zdrój (3)";117;
0208092;"Lewin Kłodzki (2)";52;
0208103;"Międzylesie (3)";189;
0208112;"Nowa Ruda (2)";140;
0208123;"Radków (3)";140;
0208133;"Stronie Śląskie (3)";146;
0208143;"Szczytna (3)";132;
0209011;"Chojnów (1)";5;
0209022;"Chojnów (2)";231;
0209032;"Krotoszyce (2)";67;
0209042;"Kunice (2)";93;
0209052;"Legnickie Pole (2)";85;
0209062;"Miłkowice (2)";87;
0209073;"Prochowice (3)";103;
0209082;"Ruja (2)";73;
0210011;"Lubań (1)";16;
0210021;"Świeradów-Zdrój (1)";21;
0210033;"Leśna (3)";105;
0210042;"Lubań (2)";142;
0210053;"Olszyna (3)";47;
0210062;"Platerówka (2)";48;
0210072;"Siekierczyn (2)";49;
0211011;"Lubin (1)";41;
0211022;"Lubin (2)";290;
0211032;"Rudna (2)";217;
0211043;"Ścinawa (3)";164;
0212013;"Gryfów Śląski (3)";67;
0212023;"Lubomierz (3)";130;
0212033;"Lwówek Śląski (3)";240;
0212043;"Mirsk (3)";187;
0212053;"Wleń (3)";86;
0213012;"Cieszków (2)";101;
0213022;"Krośnice (2)";178;
0213033;"Milicz (3)";436;
0214011;"Oleśnica (1)";21;
0214023;"Bierutów (3)";147;
0214032;"Dobroszyce (2)";132;
0214042;"Dziadowa Kłoda (2)";106;
0214053;"Międzybórz (3)";88;
0214062;"Oleśnica (2)";242;
0214073;"Syców (3)";145;
0214083;"Twardogóra (3)";168;
0215011;"Oława (1)";27;
0215022;"Domaniów (2)";94;
0215033;"Jelcz-Laskowice (3)";168;
0215042;"Oława (2)";235;
0216013;"Chocianów (3)";222;
0216022;"Gaworzyce (2)";77;
0216032;"Grębocice (2)";121;
0216043;"Polkowice (3)";168;
0216053;"Przemków (3)";107;
0216062;"Radwanice (2)";84;
0217012;"Borów (2)";99;
0217022;"Kondratowice (2)";98;
0217032;"Przeworno (2)";112;
0217043;"Strzelin (3)";171;
0217053;"Wiązów (3)";142;
0218012;"Kostomłoty (2)";145;
0218022;"Malczyce (2)";53;
0218032;"Miękinia (2)";179;
0218043;"Środa Śląska (3)";216;
0218052;"Udanin (2)";111;
0219011;"Świdnica (1)";22;
0219021;"Świebodzice (1)";30;
0219032;"Dobromierz (2)";86;
0219043;"Jaworzyna Śląska (3)";67;
0219052;"Marcinowice (2)";95;
0219063;"Strzegom (3)";145;
0219072;"Świdnica (2)";208;
0219083;"Żarów (3)";88;
0220013;"Oborniki Śląskie (3)";154;
0220023;"Prusice (3)";158;
0220033;"Trzebnica (3)";200;
0220042;"Wisznia Mała (2)";103;
0220052;"Zawonia (2)";118;
0220063;"Żmigród (3)";292;
0221011;"Boguszów-Gorce (1)";27;
0221021;"Jedlina-Zdrój (1)";17;
0221031;"Szczawno-Zdrój (1)";15;
0221042;"Czarny Bór (2)";66;
0221053;"Głuszyca (3)";62;
0221063;"Mieroszów (3)";76;
0221072;"Stare Bogaczowice (2)";88;
0221082;"Walim (2)";79;
0222013;"Brzeg Dolny (3)";94;
0222022;"Wińsko (2)";250;
0222033;"Wołów (3)";331;
0223012;"Czernica (2)";84;
0223022;"Długołęka (2)";213;
0223032;"Jordanów Śląski (2)";57;
0223043;"Kąty Wrocławskie (3)";177;
0223052;"Kobierzyce (2)";149;
0223062;"Mietków (2)";83;
0223073;"Sobótka (3)";136;
0223083;"Siechnice (3)";99;
0223092;"Żórawina (2)";120;
0224013;"Bardo (3)";73;
0224022;"Ciepłowody (2)";77;
0224032;"Kamieniec Ząbkowicki (2)";97;
0224042;"Stoszowice (2)";112;
0224053;"Ząbkowice Śląskie (3)";146;
0224063;"Ziębice (3)";222;
0224073;"Złoty Stok (3)";75;
0225011;"Zawidów (1)";6;
0225021;"Zgorzelec (1)";16;
0225033;"Bogatynia (3)";136;
0225043;"Pieńsk (3)";111;
0225052;"Sulików (2)";95;
0225063;"Węgliniec (3)";338;
0225072;"Zgorzelec (2)";137;
0226011;"Wojcieszów (1)";32;
0226021;"Złotoryja (1)";12;
0226032;"Pielgrzymka (2)";105;
0226043;"Świerzawa (3)";160;
0226052;"Zagrodno (2)";122;
0226062;"Złotoryja (2)";145;
0261011;"Jelenia Góra (1)";109;
0262011;"Legnica (1)";56;
0264011;"Wrocław (1)";293;
0265011;"Wałbrzych od 2013 (1)";85;
0401011;"Aleksandrów Kujawski (1)";7;
0401021;"Ciechocinek (1)";15;
0401031;"Nieszawa (1)";10;
0401042;"Aleksandrów Kujawski (2)";131;
0401052;"Bądkowo (2)";80;
0401062;"Koneck (2)";68;
0401072;"Raciążek (2)";33;
0401082;"Waganiec (2)";55;
0401092;"Zakrzewo (2)";76;
0402011;"Brodnica (1)";23;
0402022;"Bobrowo (2)";145;
0402032;"Brodnica (2)";127;
0402042;"Brzozie (2)";94;
0402053;"Górzno (3)";120;
0402062;"Bartniczka (2)";83;
0402073;"Jabłonowo Pomorskie (3)";135;
0402082;"Osiek (2)";75;
0402092;"Świedziebnia (2)";104;
0402102;"Zbiczno (2)";134;
0403012;"Białe Błota (2)";122;
0403022;"Dąbrowa Chełmińska (2)";125;
0403032;"Dobrcz (2)";130;
0403043;"Koronowo (3)";412;
0403052;"Nowa Wieś Wielka (2)";148;
0403062;"Osielsko (2)";102;
0403072;"Sicienko (2)";180;
0403083;"Solec Kujawski (3)";175;
0404011;"Chełmno (1)";14;
0404022;"Chełmno (2)";114;
0404032;"Kijewo Królewskie (2)";72;
0404042;"Lisewo (2)";86;
0404052;"Papowo Biskupie (2)";70;
0404062;"Stolno (2)";98;
0404072;"Unisław (2)";73;
0405011;"Golub-Dobrzyń (1)";8;
0405022;"Ciechocin (2)";101;
0405032;"Golub-Dobrzyń (2)";198;
0405043;"Kowalewo Pomorskie (3)";141;
0405052;"Radomin (2)";81;
0405062;"Zbójno (2)";84;
0406012;"Grudziądz (2)";165;
0406022;"Gruta (2)";124;
0406033;"Łasin (3)";137;
0406043;"Radzyń Chełmiński (3)";91;
0406052;"Rogóźno (2)";116;
0406062;"Świecie nad Osą (2)";95;
0407011;"Inowrocław (1)";30;
0407022;"Dąbrowa Biskupia (2)";147;
0407033;"Gniewkowo (3)";180;
0407042;"Inowrocław (2)";172;
0407053;"Janikowo (3)";92;
0407063;"Kruszwica (3)";262;
0407073;"Pakość (3)";86;
0407082;"Rojewo (2)";120;
0407092;"Złotniki Kujawskie (2)";136;
0408011;"Lipno (1)";11;
0408022;"Bobrowniki (2)";96;
0408032;"Chrostkowo (2)";74;
0408043;"Dobrzyń nad Wisłą (3)";115;
0408052;"Kikół (2)";98;
0408062;"Lipno (2)";210;
0408073;"Skępe (3)";179;
0408082;"Tłuchowo (2)";99;
0408092;"Wielgie (2)";134;
0409012;"Dąbrowa (2)";110;
0409022;"Jeziora Wielkie (2)";124;
0409033;"Mogilno (3)";256;
0409043;"Strzelno (3)";185;
0410013;"Kcynia (3)";297;
0410023;"Mrocza (3)";150;
0410033;"Nakło nad Notecią (3)";187;
0410042;"Sadki (2)";154;
0410053;"Szubin (3)";332;
0411011;"Radziejów (1)";6;
0411022;"Bytoń (2)";73;
0411032;"Dobre (2)";71;
0411042;"Osięciny (2)";122;
0411053;"Piotrków Kujawski (3)";139;
0411062;"Radziejów (2)";93;
0411072;"Topólka (2)";103;
0412011;"Rypin (1)";10;
0412022;"Brzuze (2)";87;
0412032;"Rogowo (2)";141;
0412042;"Rypin (2)";132;
0412052;"Skrwilno (2)";123;
0412062;"Wąpielsk (2)";93;
0413013;"Kamień Krajeński (3)";163;
0413023;"Sępólno Krajeńskie (3)";229;
0413032;"Sośno (2)";163;
0413043;"Więcbork (3)";236;
0414012;"Bukowiec (2)";111;
0414022;"Dragacz (2)";112;
0414032;"Drzycim (2)";108;
0414042;"Jeżewo (2)";156;
0414052;"Lniano (2)";88;
0414063;"Nowe (3)";107;
0414072;"Osie (2)";209;
0414082;"Pruszcz (2)";143;
0414093;"Świecie (3)";175;
0414102;"Świekatowo (2)";64;
0414112;"Warlubie (2)";201;
0415011;"Chełmża (1)";7;
0415022;"Chełmża (2)";180;
0415032;"Czernikowo (2)";170;
0415042;"Lubicz (2)";106;
0415052;"Łubianka (2)";84;
0415062;"Łysomice (2)";127;
0415072;"Obrowo (2)";162;
0415082;"Wielka Nieszawka (2)";216;
0415092;"Zławieś Wielka (2)";178;
0416012;"Cekcyn (2)";252;
0416022;"Gostycyn (2)";136;
0416032;"Kęsowo (2)";109;
0416042;"Lubiewo (2)";163;
0416052;"Śliwice (2)";175;
0416063;"Tuchola (3)";240;
0417011;"Wąbrzeźno (1)";9;
0417022;"Dębowa Łąka (2)";86;
0417032;"Książki (2)";86;
0417042;"Płużnica (2)";120;
0417052;"Ryńsk (2)";201;
0418011;"Kowal (1)";5;
0418022;"Baruchowo (2)";107;
0418032;"Boniewo (2)";78;
0418043;"Brześć Kujawski (3)";151;
0418052;"Choceń (2)";100;
0418063;"Chodecz (3)";122;
0418072;"Fabianki (2)";76;
0418083;"Izbica Kujawska (3)";132;
0418092;"Kowal (2)";115;
0418102;"Lubanie (2)";69;
0418113;"Lubień Kujawski (3)";151;
0418123;"Lubraniec (3)";148;
0418132;"Włocławek (2)";220;
0419013;"Barcin (3)";121;
0419022;"Gąsawa (2)";136;
0419033;"Janowiec Wielkopolski (3)";131;
0419043;"Łabiszyn (3)";167;
0419052;"Rogowo (2)";179;
0419063;"Żnin (3)";251;
0461011;"Bydgoszcz (1)";176;
0462011;"Grudziądz (1)";58;
0463011;"Toruń (1)";116;
0464011;"Włocławek (1)";84;
0601011;"Międzyrzec Podlaski (1)";20;
0601021;"Terespol (1)";10;
0601032;"Biała Podlaska (2)";325;
0601042;"Drelów (2)";228;
0601052;"Janów Podlaski (2)";136;
0601062;"Kodeń (2)";151;
0601072;"Konstantynów (2)";87;
0601082;"Leśna Podlaska (2)";98;
0601092;"Łomazy (2)";199;
0601102;"Międzyrzec Podlaski (2)";261;
0601112;"Piszczac (2)";170;
0601122;"Rokitno (2)";141;
0601132;"Rossosz (2)";76;
0601142;"Sławatycze (2)";72;
0601152;"Sosnówka (2)";148;
0601162;"Terespol (2)";142;
0601172;"Tuczna (2)";170;
0601182;"Wisznice (2)";173;
0601192;"Zalesie (2)";147;
0602011;"Biłgoraj (1)";21;
0602022;"Aleksandrów (2)";54;
0602032;"Biłgoraj (2)";263;
0602042;"Biszcza (2)";106;
0602053;"Frampol (3)";108;
0602062;"Goraj (2)";68;
0602073;"Józefów (3)";127;
0602082;"Księżpol (2)";141;
0602092;"Łukowa (2)";149;
0602102;"Obsza (2)";113;
0602112;"Potok Górny (2)";111;
0602123;"Tarnogród (3)";114;
0602132;"Tereszpol (2)";144;
0602142;"Turobin (2)";162;
0603011;"Rejowiec Fabryczny (1)";15;
0603022;"Białopole (2)";103;
0603032;"Chełm (2)";223;
0603042;"Dorohusk (2)";192;
0603052;"Dubienka (2)";96;
0603062;"Kamień (2)";97;
0603072;"Leśniowice (2)";118;
0603082;"Rejowiec Fabryczny (2)";88;
0603092;"Ruda-Huta (2)";112;
0603102;"Sawin (2)";190;
0603113;"Siedliszcze (3)";154;
0603122;"Wierzbica (2)";146;
0603132;"Wojsławice (2)";110;
0603142;"Żmudź (2)";136;
0603153;"Rejowiec (3)";106;
0604011;"Hrubieszów (1)";33;
0604022;"Dołhobyczów (2)";213;
0604032;"Horodło (2)";130;
0604042;"Hrubieszów (2)";259;
0604052;"Mircze (2)";235;
0604062;"Trzeszczany (2)";90;
0604072;"Uchanie (2)";121;
0604082;"Werbkowice (2)";187;
0605012;"Batorz (2)";71;
0605022;"Chrzanów (2)";72;
0605032;"Dzwola (2)";200;
0605042;"Godziszów (2)";102;
0605053;"Janów Lubelski (3)";179;
0605063;"Modliborzyce (3)";153;
0605072;"Potok Wielki (2)";99;
0606011;"Krasnystaw (1)";42;
0606022;"Fajsławice (2)";71;
0606032;"Gorzków (2)";97;
0606042;"Izbica (2)";138;
0606052;"Krasnystaw (2)";151;
0606062;"Kraśniczyn (2)";110;
0606072;"Łopiennik Górny (2)";106;
0606092;"Rudnik (2)";89;
0606102;"Siennica Różana (2)";98;
0606112;"Żółkiewka (2)";130;
0607011;"Kraśnik (1)";26;
0607023;"Annopol (3)";151;
0607032;"Dzierzkowice (2)";87;
0607042;"Gościeradów (2)";159;
0607052;"Kraśnik (2)";105;
0607062;"Szastarka (2)";73;
0607072;"Trzydnik Duży (2)";104;
0607083;"Urzędów (3)";119;
0607092;"Wilkołaz (2)";82;
0607102;"Zakrzówek (2)";99;
0608011;"Lubartów (1)";14;
0608022;"Abramów (2)";85;
0608032;"Firlej (2)";126;
0608042;"Jeziorzany (2)";66;
0608052;"Kamionka (2)";112;
0608063;"Kock (3)";101;
0608072;"Lubartów (2)";158;
0608082;"Michów (2)";136;
0608092;"Niedźwiada (2)";96;
0608103;"Ostrów Lubelski (3)";122;
0608112;"Ostrówek (2)";90;
0608122;"Serniki (2)";76;
0608132;"Uścimów (2)";107;
0609013;"Bełżyce (3)";134;
0609022;"Borzechów (2)";68;
0609033;"Bychawa (3)";146;
0609042;"Garbów (2)";103;
0609052;"Głusk (2)";64;
0609062;"Jabłonna (2)";131;
0609072;"Jastków (2)";113;
0609082;"Konopnica (2)";93;
0609092;"Krzczonów (2)";128;
0609102;"Niedrzwica Duża (2)";107;
0609112;"Niemce (2)";141;
0609122;"Strzyżewice (2)";109;
0609132;"Wojciechów (2)";81;
0609142;"Wólka (2)";73;
0609152;"Wysokie (2)";114;
0609162;"Zakrzew (2)";75;
0610012;"Cyców (2)";148;
0610022;"Ludwin (2)";122;
0610033;"Łęczna (3)";75;
0610042;"Milejów (2)";117;
0610052;"Puchaczów (2)";92;
0610062;"Spiczyn (2)";83;
0611011;"Łuków (1)";36;
0611021;"Stoczek Łukowski (1)";9;
0611032;"Adamów (2)";99;
0611042;"Krzywda (2)";161;
0611052;"Łuków (2)";307;
0611062;"Serokomla (2)";77;
0611072;"Stanin (2)";161;
0611082;"Stoczek Łukowski (2)";173;
0611092;"Trzebieszów (2)";141;
0611102;"Wojcieszków (2)";109;
0611112;"Wola Mysłowska (2)";121;
0612012;"Chodel (2)";108;
0612023;"Józefów nad Wisłą (3)";141;
0612032;"Karczmiska (2)";95;
0612042;"Łaziska (2)";109;
0612053;"Opole Lubelskie (3)";194;
0612063;"Poniatowa (3)";85;
0612072;"Wilków (2)";78;
0613012;"Dębowa Kłoda (2)";188;
0613022;"Jabłoń (2)";110;
0613032;"Milanów (2)";117;
0613043;"Parczew (3)";147;
0613052;"Podedwórze (2)";107;
0613062;"Siemień (2)";111;
0613072;"Sosnowica (2)";172;
0614011;"Puławy (1)";51;
0614022;"Baranów (2)";85;
0614032;"Janowiec (2)";79;
0614043;"Kazimierz Dolny (3)";72;
0614052;"Końskowola (2)";90;
0614062;"Kurów (2)";101;
0614072;"Markuszów (2)";40;
0614083;"Nałęczów (3)";63;
0614092;"Puławy (2)";161;
0614102;"Wąwolnica (2)";63;
0614112;"Żyrzyn (2)";129;
0615011;"Radzyń Podlaski (1)";19;
0615022;"Borki (2)";112;
0615032;"Czemierniki (2)";107;
0615042;"Kąkolewnica (2)";148;
0615052;"Komarówka Podlaska (2)";138;
0615062;"Radzyń Podlaski (2)";155;
0615072;"Ulan-Majorat (2)";108;
0615082;"Wohyń (2)";178;
0616011;"Dęblin (1)";38;
0616022;"Kłoczew (2)";143;
0616032;"Nowodwór (2)";72;
0616043;"Ryki (3)";162;
0616052;"Stężyca (2)";116;
0616062;"Ułęż (2)";84;
0617011;"Świdnik (1)";20;
0617022;"Mełgiew (2)";95;
0617033;"Piaski (3)";170;
0617042;"Rybczewice (2)";99;
0617052;"Trawniki (2)";84;
0618011;"Tomaszów Lubelski (1)";13;
0618022;"Bełżec (2)";33;
0618032;"Jarczów (2)";107;
0618042;"Krynice (2)";74;
0618053;"Lubycza Królewska (3)";208;
0618063;"Łaszczów (3)";128;
0618072;"Rachanie (2)";94;
0618082;"Susiec (2)";191;
0618092;"Tarnawatka (2)";83;
0618102;"Telatyn (2)";112;
0618112;"Tomaszów Lubelski (2)";171;
0618123;"Tyszowce (3)";128;
0618132;"Ulhówek (2)";147;
0619011;"Włodawa (1)";18;
0619022;"Hanna (2)";139;
0619032;"Hańsk (2)";176;
0619042;"Stary Brus (2)";132;
0619052;"Urszulin (2)";172;
0619062;"Włodawa (2)";245;
0619072;"Wola Uhruska (2)";154;
0619082;"Wyryki (2)";220;
0620012;"Adamów (2)";111;
0620022;"Grabowiec (2)";128;
0620032;"Komarów-Osada (2)";124;
0620043;"Krasnobród (3)";127;
0620052;"Łabunie (2)";87;
0620062;"Miączyn (2)";156;
0620072;"Nielisz (2)";112;
0620082;"Radecznica (2)";110;
0620092;"Sitno (2)";112;
0620102;"Skierbieszów (2)";139;
0620112;"Stary Zamość (2)";98;
0620122;"Sułów (2)";93;
0620133;"Szczebrzeszyn (3)";123;
0620142;"Zamość (2)";196;
0620153;"Zwierzyniec (3)";154;
0661011;"Biała Podlaska (1)";49;
0662011;"Chełm (1)";35;
0663011;"Lublin (1)";148;
0664011;"Zamość (1)";30;
0801011;"Kostrzyn nad Odrą (1)";46;
0801022;"Bogdaniec (2)";112;
0801032;"Deszczno (2)";168;
0801042;"Kłodawa (2)";235;
0801052;"Lubiszyn (2)";205;
0801062;"Santok (2)";169;
0801073;"Witnica (3)";279;
0802011;"Gubin (1)";21;
0802022;"Bobrowice (2)";185;
0802032;"Bytnica (2)";209;
0802042;"Dąbie (2)";171;
0802052;"Gubin (2)";379;
0802063;"Krosno Odrzańskie (3)";212;
0802072;"Maszewo (2)";214;
0803012;"Bledzew (2)";247;
0803023;"Międzyrzecz (3)";315;
0803032;"Przytoczna (2)";185;
0803042;"Pszczew (2)";178;
0803053;"Skwierzyna (3)";285;
0803063;"Trzciel (3)";178;
0804011;"Nowa Sól (1)";22;
0804023;"Bytom Odrzański (3)";52;
0804032;"Kolsko (2)";81;
0804043;"Kożuchów (3)";179;
0804052;"Nowa Sól (2)";176;
0804063;"Nowe Miasteczko (3)";77;
0804073;"Otyń (3)";92;
0804082;"Siedlisko (2)";92;
0805013;"Cybinka (3)";280;
0805022;"Górzyca (2)";144;
0805033;"Ośno Lubuskie (3)";198;
0805043;"Rzepin (3)";191;
0805053;"Słubice (3)";186;
0806013;"Dobiegniew (3)";351;
0806023;"Drezdenko (3)";400;
0806032;"Stare Kurowo (2)";78;
0806043;"Strzelce Krajeńskie (3)";319;
0806052;"Zwierzyn (2)";100;
0807012;"Krzeszyce (2)";194;
0807023;"Lubniewice (3)";130;
0807032;"Słońsk (2)";159;
0807043;"Sulęcin (3)";320;
0807053;"Torzym (3)";375;
0808012;"Lubrza (2)";122;
0808022;"Łagów (2)";200;
0808032;"Skąpe (2)";182;
0808042;"Szczaniec (2)";113;
0808053;"Świebodzin (3)";226;
0808063;"Zbąszynek (3)";94;
0809013;"Babimost (3)";93;
0809022;"Bojadła (2)";102;
0809033;"Czerwieńsk (3)";195;
0809043;"Kargowa (3)";129;
0809053;"Nowogród Bobrzański (3)";260;
0809063;"Sulechów (3)";237;
0809072;"Świdnica (2)";160;
0809082;"Trzebiechów (2)";81;
0809092;"Zabór (2)";93;
0810011;"Gozdnica (1)";24;
0810021;"Żagań (1)";40;
0810032;"Brzeźnica (2)";122;
0810043;"Iłowa (3)";153;
0810053;"Małomice (3)";80;
0810062;"Niegosławice (2)";136;
0810073;"Szprotawa (3)";233;
0810082;"Wymiarki (2)";63;
0810092;"Żagań (2)";281;
0811011;"Łęknica (1)";16;
0811021;"Żary (1)";33;
0811032;"Brody (2)";241;
0811043;"Jasień (3)";127;
0811052;"Lipinki Łużyckie (2)";89;
0811063;"Lubsko (3)";183;
0811072;"Przewóz (2)";178;
0811082;"Trzebiel (2)";166;
0811092;"Tuplice (2)";66;
0811102;"Żary (2)";294;
0812013;"Sława (3)";327;
0812023;"Szlichtyngowa (3)";100;
0812033;"Wschowa (3)";197;
0861011;"Gorzów Wielkopolski (1)";86;
0862011;"Zielona Góra (1)";277;
1001011;"Bełchatów (1)";35;
1001022;"Bełchatów (2)";180;
1001032;"Drużbice (2)";113;
1001042;"Kleszczów (2)";125;
1001052;"Kluki (2)";119;
1001062;"Rusiec (2)";100;
1001072;"Szczerców (2)";129;
1001083;"Zelów (3)";167;
1002011;"Kutno (1)";34;
1002022;"Bedlno (2)";125;
1002032;"Dąbrowice (2)";46;
1002043;"Krośniewice (3)";95;
1002052;"Krzyżanów (2)";103;
1002062;"Kutno (2)";122;
1002072;"Łanięta (2)";55;
1002082;"Nowe Ostrowy (2)";72;
1002092;"Oporów (2)";68;
1002102;"Strzelce (2)";90;
1002113;"Żychlin (3)";77;
1003012;"Buczek (2)";92;
1003023;"Łask (3)";145;
1003032;"Sędziejowice (2)";120;
1003042;"Widawa (2)";179;
1003052;"Wodzierady (2)";82;
1004011;"Łęczyca (1)";9;
1004022;"Daszyna (2)";81;
1004032;"Góra Świętej Małgorzaty (2)";90;
1004042;"Grabów (2)";156;
1004052;"Łęczyca (2)";151;
1004062;"Piątek (2)";133;
1004072;"Świnice Warckie (2)";93;
1004082;"Witonia (2)";60;
1005011;"Łowicz (1)";23;
1005022;"Bielawy (2)";164;
1005032;"Chąśno (2)";72;
1005042;"Domaniewice (2)";86;
1005052;"Kiernozia (2)";76;
1005062;"Kocierzew Południowy (2)";94;
1005072;"Łowicz (2)";133;
1005082;"Łyszkowice (2)";107;
1005092;"Nieborów (2)";104;
1005102;"Zduny (2)";129;
1006022;"Andrespol (2)";25;
1006032;"Brójce (2)";70;
1006073;"Koluszki (3)";155;
1006082;"Nowosolna (2)";54;
1006103;"Rzgów (3)";66;
1006113;"Tuszyn (3)";130;
1007012;"Białaczów (2)";115;
1007023;"Drzewica (3)";118;
1007032;"Mniszków (2)";124;
1007043;"Opoczno (3)";191;
1007052;"Paradyż (2)";81;
1007062;"Poświętne (2)";141;
1007072;"Sławno (2)";129;
1007082;"Żarnów (2)";141;
1008011;"Konstantynów Łódzki (1)";27;
1008021;"Pabianice (1)";33;
1008032;"Dłutów (2)";101;
1008042;"Dobroń (2)";95;
1008052;"Ksawerów (2)";14;
1008062;"Lutomiersk (2)";134;
1008072;"Pabianice (2)";88;
1009013;"Działoszyn (3)";121;
1009022;"Kiełczygłów (2)";87;
1009032;"Nowa Brzeźnica (2)";135;
1009043;"Pajęczno (3)";114;
1009052;"Rząśnia (2)";86;
1009062;"Siemkowice (2)";100;
1009072;"Strzelce Wielkie (2)";78;
1009082;"Sulmierzyce (2)";83;
1010012;"Aleksandrów (2)";144;
1010022;"Czarnocin (2)";72;
1010032;"Gorzkowice (2)";102;
1010042;"Grabica (2)";128;
1010052;"Łęki Szlacheckie (2)";109;
1010062;"Moszczenica (2)";111;
1010072;"Ręczno (2)";89;
1010082;"Rozprza (2)";163;
1010093;"Sulejów (3)";188;
1010102;"Wola Krzysztoporska (2)";171;
1010113;"Wolbórz (3)";152;
1011012;"Dalików (2)";115;
1011022;"Pęczniew (2)";128;
1011033;"Poddębice (3)";225;
1011043;"Uniejów (3)";129;
1011052;"Wartkowice (2)";140;
1011062;"Zadzim (2)";144;
1012011;"Radomsko (1)";51;
1012022;"Dobryszyce (2)";51;
1012032;"Gidle (2)";116;
1012042;"Gomunice (2)";62;
1012053;"Kamieńsk (3)";96;
1012062;"Kobiele Wielkie (2)";102;
1012072;"Kodrąb (2)";106;
1012082;"Lgota Wielka (2)";63;
1012092;"Ładzice (2)";83;
1012102;"Masłowice (2)";116;
1012113;"Przedbórz (3)";190;
1012122;"Radomsko (2)";86;
1012132;"Wielgomłyny (2)";123;
1012142;"Żytno (2)";198;
1013011;"Rawa Mazowiecka (1)";14;
1013023;"Biała Rawska (3)";208;
1013032;"Cielądz (2)";93;
1013042;"Rawa Mazowiecka (2)";164;
1013052;"Regnów (2)";46;
1013062;"Sadkowice (2)";121;
1014011;"Sieradz (1)";51;
1014023;"Błaszki (3)";201;
1014032;"Brąszewice (2)";107;
1014042;"Brzeźnio (2)";129;
1014052;"Burzenin (2)";120;
1014062;"Goszczanów (2)";122;
1014072;"Klonowa (2)";95;
1014082;"Sieradz (2)";182;
1014093;"Warta (3)";254;
1014102;"Wróblew (2)";113;
1014113;"Złoczew (3)";117;
1015012;"Bolimów (2)";112;
1015022;"Głuchów (2)";111;
1015032;"Godzianów (2)";44;
1015042;"Kowiesy (2)";86;
1015052;"Lipce Reymontowskie (2)";43;
1015062;"Maków (2)";81;
1015072;"Nowy Kawęczyn (2)";104;
1015082;"Skierniewice (2)";131;
1015092;"Słupia (2)";41;
1016011;"Tomaszów Mazowiecki (1)";42;
1016022;"Będków (2)";57;
1016032;"Budziszewice (2)";30;
1016042;"Czerniewice (2)";128;
1016052;"Inowłódz (2)";98;
1016062;"Lubochnia (2)";131;
1016072;"Rokiciny (2)";91;
1016082;"Rzeczyca (2)";109;
1016092;"Tomaszów Mazowiecki (2)";150;
1016102;"Ujazd (2)";97;
1016112;"Żelechlinek (2)";92;
1017012;"Biała (2)";74;
1017022;"Czarnożyły (2)";70;
1017032;"Konopnica (2)";83;
1017042;"Mokrsko (2)";78;
1017052;"Osjaków (2)";101;
1017062;"Ostrówek (2)";101;
1017072;"Pątnów (2)";115;
1017082;"Skomlin (2)";55;
1017093;"Wieluń (3)";131;
1017102;"Wierzchlas (2)";118;
1018012;"Bolesławiec (2)";64;
1018022;"Czastary (2)";63;
1018032;"Galewice (2)";136;
1018042;"Lututów (2)";76;
1018052;"Łubnice (2)";61;
1018062;"Sokolniki (2)";80;
1018073;"Wieruszów (3)";97;
1019011;"Zduńska Wola (1)";25;
1019023;"Szadek (3)";152;
1019032;"Zapolice (2)";81;
1019042;"Zduńska Wola (2)";111;
1020011;"Głowno (1)";20;
1020021;"Ozorków (1)";15;
1020031;"Zgierz (1)";42;
1020043;"Aleksandrów Łódzki (3)";116;
1020052;"Głowno (2)";105;
1020062;"Ozorków (2)";96;
1020072;"Parzęczew (2)";104;
1020083;"Stryków (3)";158;
1020092;"Zgierz (2)";199;
1021011;"Brzeziny (1)";22;
1021022;"Brzeziny (2)";107;
1021032;"Dmosin (2)";100;
1021042;"Jeżów (2)";64;
1021052;"Rogów (2)";66;
1061011;"Łódź (1)";293;
1062011;"Piotrków Trybunalski (1)";67;
1063011;"Skierniewice (1)";35;
1201011;"Bochnia (1)";30;
1201022;"Bochnia (2)";132;
1201032;"Drwinia (2)";108;
1201042;"Lipnica Murowana (2)";60;
1201052;"Łapanów (2)";72;
1201063;"Nowy Wiśnicz (3)";82;
1201072;"Rzezawa (2)";86;
1201082;"Trzciana (2)";44;
1201092;"Żegocina (2)";35;
1202012;"Borzęcin (2)";103;
1202023;"Brzesko (3)";103;
1202033;"Czchów (3)";66;
1202042;"Dębno (2)";82;
1202052;"Gnojnik (2)";55;
1202062;"Iwkowa (2)";47;
1202072;"Szczurowa (2)";135;
1203013;"Alwernia (3)";74;
1203022;"Babice (2)";55;
1203033;"Chrzanów (3)";79;
1203043;"Libiąż (3)";57;
1203053;"Trzebinia (3)";105;
1204012;"Bolesław (2)";36;
1204023;"Dąbrowa Tarnowska (3)";116;
1204032;"Gręboszów (2)";49;
1204042;"Mędrzechów (2)";44;
1204052;"Olesno (2)";78;
1204062;"Radgoszcz (2)";88;
1204073;"Szczucin (3)";119;
1205011;"Gorlice (1)";24;
1205023;"Biecz (3)";98;
1205033;"Bobowa (3)";50;
1205042;"Gorlice (2)";103;
1205052;"Lipinki (2)";66;
1205062;"Łużna (2)";56;
1205072;"Moszczenica (2)";38;
1205082;"Ropa (2)";49;
1205092;"Sękowa (2)";195;
1205102;"Uście Gorlickie (2)";287;
1206012;"Czernichów (2)";85;
1206022;"Igołomia-Wawrzeńczyce (2)";63;
1206032;"Iwanowice (2)";71;
1206042;"Jerzmanowice-Przeginia (2)";68;
1206052;"Kocmyrzów-Luborzyca (2)";81;
1206063;"Krzeszowice (3)";139;
1206072;"Liszki (2)";72;
1206082;"Michałowice (2)";51;
1206092;"Mogilany (2)";44;
1206103;"Skała (3)";75;
1206113;"Skawina (3)";100;
1206123;"Słomniki (3)";113;
1206132;"Sułoszowa (2)";53;
1206143;"Świątniki Górne (3)";20;
1206152;"Wielka Wieś (2)";48;
1206162;"Zabierzów (2)";99;
1206172;"Zielonki (2)";49;
1207011;"Limanowa (1)";19;
1207021;"Mszana Dolna (1)";27;
1207032;"Dobra (2)";110;
1207042;"Jodłownik (2)";72;
1207052;"Kamienica (2)";95;
1207062;"Laskowa (2)";72;
1207072;"Limanowa (2)";152;
1207082;"Łukowica (2)";70;
1207092;"Mszana Dolna (2)";170;
1207102;"Niedźwiedź (2)";74;
1207112;"Słopnice (2)";57;
1207122;"Tymbark (2)";33;
1208012;"Charsznica (2)";78;
1208022;"Gołcza (2)";90;
1208032;"Kozłów (2)";86;
1208042;"Książ Wielki (2)";138;
1208053;"Miechów (3)";148;
1208062;"Racławice (2)";59;
1208072;"Słaboszów (2)";77;
1209013;"Dobczyce (3)";66;
1209022;"Lubień (2)";75;
1209033;"Myślenice (3)";154;
1209042;"Pcim (2)";89;
1209052;"Raciechowice (2)";61;
1209062;"Siepraw (2)";32;
1209073;"Sułkowice (3)";60;
1209082;"Tokarnia (2)";69;
1209092;"Wiśniowa (2)";67;
1210011;"Grybów (1)";17;
1210022;"Chełmiec (2)";112;
1210032;"Gródek nad Dunajcem (2)";88;
1210042;"Grybów (2)";154;
1210052;"Kamionka Wielka (2)";65;
1210062;"Korzenna (2)";107;
1210073;"Krynica-Zdrój (3)";145;
1210082;"Łabowa (2)";119;
1210092;"Łącko (2)";132;
1210102;"Łososina Dolna (2)";85;
1210113;"Muszyna (3)";141;
1210122;"Nawojowa (2)";50;
1210133;"Piwniczna-Zdrój (3)";126;
1210142;"Podegrodzie (2)";65;
1210152;"Rytro (2)";42;
1210163;"Stary Sącz (3)";101;
1211011;"Nowy Targ (1)";51;
1211023;"Szczawnica (3)";88;
1211032;"Czarny Dunajec (2)";218;
1211042;"Czorsztyn (2)";62;
1211052;"Jabłonka (2)";212;
1211062;"Krościenko nad Dunajcem (2)";57;
1211072;"Lipnica Wielka (2)";67;
1211082;"Łapsze Niżne (2)";126;
1211092;"Nowy Targ (2)";208;
1211102;"Ochotnica Dolna (2)";141;
1211112;"Raba Wyżna (2)";89;
1211123;"Rabka-Zdrój (3)";69;
1211132;"Spytkowice (2)";32;
1211142;"Szaflary (2)";54;
1212011;"Bukowno (1)";65;
1212032;"Bolesław (2)";41;
1212042;"Klucze (2)";119;
1212053;"Olkusz (3)";151;
1212062;"Trzyciąż (2)";95;
1212073;"Wolbrom (3)";147;
1213011;"Oświęcim (1)";30;
1213023;"Brzeszcze (3)";46;
1213033;"Chełmek (3)";27;
1213043;"Kęty (3)";76;
1213052;"Osiek (2)";41;
1213062;"Oświęcim (2)";75;
1213072;"Polanka Wielka (2)";24;
1213082;"Przeciszów (2)";35;
1213093;"Zator (3)";52;
1214012;"Koniusza (2)";89;
1214023;"Koszyce (3)";66;
1214033;"Nowe Brzesko (3)";54;
1214042;"Pałecznica (2)";48;
1214053;"Proszowice (3)";100;
1214062;"Radziemice (2)";58;
1215011;"Jordanów (1)";21;
1215021;"Sucha Beskidzka (1)";28;
1215032;"Budzów (2)";74;
1215042;"Bystra-Sidzina (2)";81;
1215052;"Jordanów (2)";92;
1215063;"Maków Podhalański (3)";109;
1215072;"Stryszawa (2)";114;
1215082;"Zawoja (2)";128;
1215092;"Zembrzyce (2)";39;
1216013;"Ciężkowice (3)";103;
1216022;"Gromnik (2)";70;
1216032;"Lisia Góra (2)";105;
1216042;"Pleśna (2)";83;
1216053;"Radłów (3)";86;
1216063;"Ryglice (3)";117;
1216072;"Rzepiennik Strzyżewski (2)";71;
1216082;"Skrzyszów (2)";86;
1216092;"Tarnów (2)";83;
1216103;"Tuchów (3)";100;
1216112;"Wierzchosławice (2)";75;
1216122;"Wietrzychowice (2)";48;
1216133;"Wojnicz (3)";79;
1216143;"Zakliczyn (3)";122;
1216153;"Żabno (3)";102;
1216162;"Szerzyny (2)";82;
1217011;"Zakopane (1)";84;
1217022;"Biały Dunajec (2)";35;
1217032;"Bukowina Tatrzańska (2)";132;
1217042;"Kościelisko (2)";137;
1217052;"Poronin (2)";84;
1218013;"Andrychów (3)";100;
1218022;"Brzeźnica (2)";66;
1218033;"Kalwaria Zebrzydowska (3)";75;
1218042;"Lanckorona (2)";40;
1218052;"Mucharz (2)";37;
1218062;"Spytkowice (2)";52;
1218072;"Stryszów (2)";46;
1218082;"Tomice (2)";42;
1218093;"Wadowice (3)";113;
1218102;"Wieprz (2)";75;
1219012;"Biskupice (2)";41;
1219022;"Gdów (2)";109;
1219032;"Kłaj (2)";65;
1219043;"Niepołomice (3)";96;
1219053;"Wieliczka (3)";100;
1261011;"Kraków (1)";327;
1262011;"Nowy Sącz (1)";58;
1263011;"Tarnów (1)";72;
1401013;"Białobrzegi (3)";78;
1401022;"Promna (2)";120;
1401032;"Radzanów (2)";83;
1401042;"Stara Błotnica (2)";96;
1401052;"Stromiec (2)";156;
1401063;"Wyśmierzyce (3)";106;
1402011;"Ciechanów (1)";33;
1402022;"Ciechanów (2)";141;
1402033;"Glinojeck (3)";154;
1402042;"Gołymin-Ośrodek (2)";111;
1402052;"Grudusk (2)";97;
1402062;"Ojrzeń (2)";120;
1402072;"Opinogóra Górna (2)";139;
1402082;"Regimin (2)";111;
1402092;"Sońsk (2)";154;
1403011;"Garwolin (1)";22;
1403021;"Łaskarzew (1)";15;
1403032;"Borowie (2)";80;
1403042;"Garwolin (2)";136;
1403052;"Górzno (2)";91;
1403062;"Łaskarzew (2)";88;
1403072;"Maciejowice (2)";175;
1403082;"Miastków Kościelny (2)";85;
1403092;"Parysów (2)";64;
1403103;"Pilawa (3)";77;
1403112;"Sobolew (2)";95;
1403122;"Trojanów (2)";152;
1403132;"Wilga (2)";118;
1403143;"Żelechów (3)";87;
1404011;"Gostynin (1)";32;
1404022;"Gostynin (2)";271;
1404032;"Pacyna (2)";90;
1404043;"Sanniki (3)";95;
1404052;"Szczawin Kościelny (2)";127;
1405011;"Milanówek (1)";13;
1405021;"Podkowa Leśna (1)";10;
1405032;"Baranów (2)";76;
1405043;"Grodzisk Mazowiecki (3)";107;
1405052;"Jaktorów (2)";55;
1405062;"Żabia Wola (2)";106;
1406012;"Belsk Duży (2)";108;
1406022;"Błędów (2)";134;
1406032;"Chynów (2)";135;
1406042;"Goszczyn (2)";58;
1406053;"Grójec (3)";121;
1406062;"Jasieniec (2)";108;
1406073;"Mogielnica (3)";141;
1406083;"Nowe Miasto nad Pilicą (3)";159;
1406092;"Pniewy (2)";102;
1406113;"Warka (3)";202;
1407012;"Garbatka-Letnisko (2)";74;
1407022;"Głowaczów (2)";186;
1407032;"Gniewoszów (2)";84;
1407042;"Grabów nad Pilicą (2)";125;
1407053;"Kozienice (3)";244;
1407062;"Magnuszew (2)";141;
1407072;"Sieciechów (2)";62;
1408011;"Legionowo (1)";14;
1408022;"Jabłonna (2)";65;
1408032;"Nieporęt (2)";96;
1408043;"Serock (3)";110;
1408052;"Wieliszew (2)";106;
1409012;"Chotcza (2)";90;
1409022;"Ciepielów (2)";135;
1409033;"Lipsko (3)";135;
1409042;"Rzeczniów (2)";103;
1409052;"Sienno (2)";147;
1409062;"Solec nad Wisłą (2)";130;
1410012;"Huszlew (2)";118;
1410023;"Łosice (3)";121;
1410032;"Olszanka (2)";88;
1410042;"Platerów (2)";129;
1410052;"Sarnaki (2)";197;
1410062;"Stara Kornica (2)";119;
1411011;"Maków Mazowiecki (1)";10;
1411022;"Czerwonka (2)";110;
1411032;"Karniewo (2)";129;
1411042;"Krasnosielc (2)";168;
1411052;"Młynarze (2)";75;
1411062;"Płoniawy-Bramura (2)";135;
1411073;"Różan (3)";85;
1411082;"Rzewnie (2)";112;
1411092;"Sypniewo (2)";128;
1411102;"Szelków (2)";113;
1412011;"Mińsk Mazowiecki (1)";13;
1412042;"Cegłów (2)";96;
1412052;"Dębe Wielkie (2)";78;
1412062;"Dobre (2)";125;
1412073;"Halinów (3)";63;
1412082;"Jakubów (2)";87;
1412093;"Kałuszyn (3)";94;
1412102;"Latowicz (2)";114;
1412112;"Mińsk Mazowiecki (2)";112;
1412123;"Mrozy (3)";145;
1412132;"Siennica (2)";111;
1412142;"Stanisławów (2)";107;
1412151;"Sulejówek (1)";19;
1413011;"Mława (1)";35;
1413022;"Dzierzgowo (2)";151;
1413032;"Lipowiec Kościelny (2)";114;
1413042;"Radzanów (2)";99;
1413052;"Strzegowo (2)";214;
1413062;"Stupsk (2)";118;
1413072;"Szreńsk (2)";109;
1413082;"Szydłowo (2)";123;
1413092;"Wieczfnia Kościelna (2)";120;
1413102;"Wiśniewo (2)";99;
1414011;"Nowy Dwór Mazowiecki (1)";28;
1414022;"Czosnów (2)";128;
1414032;"Leoncin (2)";158;
1414043;"Nasielsk (3)";206;
1414052;"Pomiechówek (2)";103;
1414063;"Zakroczym (3)";72;
1415012;"Baranowo (2)";197;
1415022;"Czarnia (2)";94;
1415032;"Czerwin (2)";170;
1415042;"Goworowo (2)";219;
1415052;"Kadzidło (2)";259;
1415062;"Lelis (2)";196;
1415072;"Łyse (2)";247;
1415083;"Myszyniec (3)";227;
1415092;"Olszewo-Borki (2)";197;
1415102;"Rzekuń (2)";131;
1415112;"Troszyn (2)";156;
1416011;"Ostrów Mazowiecka (1)";22;
1416022;"Andrzejewo (2)";119;
1416032;"Boguty-Pianki (2)";89;
1416043;"Brok (3)";110;
1416052;"Małkinia Górna (2)";134;
1416062;"Nur (2)";96;
1416072;"Ostrów Mazowiecka (2)";283;
1416082;"Stary Lubotyń (2)";110;
1416092;"Szulborze Wielkie (2)";47;
1416102;"Wąsewo (2)";119;
1416112;"Zaręby Kościelne (2)";89;
1417011;"Józefów (1)";24;
1417021;"Otwock (1)";47;
1417032;"Celestynów (2)";89;
1417043;"Karczew (3)";81;
1417052;"Kołbiel (2)";107;
1417062;"Osieck (2)";68;
1417072;"Sobienie-Jeziory (2)";98;
1417082;"Wiązowna (2)";102;
1418013;"Góra Kalwaria (3)";144;
1418023;"Konstancin-Jeziorna (3)";79;
1418032;"Lesznowola (2)";69;
1418043;"Piaseczno (3)";128;
1418052;"Prażmów (2)";87;
1418063;"Tarczyn (3)";114;
1419012;"Bielsk (2)";125;
1419022;"Bodzanów (2)";136;
1419032;"Brudzeń Duży (2)";159;
1419042;"Bulkowo (2)";117;
1419053;"Drobin (3)";144;
1419063;"Gąbin (3)";146;
1419072;"Łąck (2)";94;
1419082;"Mała Wieś (2)";109;
1419092;"Nowy Duninów (2)";146;
1419102;"Radzanowo (2)";104;
1419112;"Słubice (2)";96;
1419122;"Słupno (2)";75;
1419132;"Stara Biała (2)";111;
1419142;"Staroźreby (2)";138;
1419153;"Wyszogród (3)";96;
1420011;"Płońsk (1)";12;
1420021;"Raciąż (1)";8;
1420032;"Baboszewo (2)";162;
1420042;"Czerwińsk nad Wisłą (2)";144;
1420052;"Dzierzążnia (2)";102;
1420062;"Joniec (2)";73;
1420072;"Naruszewo (2)";160;
1420082;"Nowe Miasto (2)";118;
1420092;"Płońsk (2)";127;
1420102;"Raciąż (2)";244;
1420112;"Sochocin (2)";122;
1420122;"Załuski (2)";108;
1421011;"Piastów (1)";6;
1421021;"Pruszków (1)";19;
1421033;"Brwinów (3)";69;
1421042;"Michałowice (2)";35;
1421052;"Nadarzyn (2)";73;
1421062;"Raszyn (2)";44;
1422011;"Przasnysz (1)";25;
1422023;"Chorzele (3)";371;
1422032;"Czernice Borowe (2)";120;
1422042;"Jednorożec (2)";233;
1422052;"Krasne (2)";101;
1422062;"Krzynowłoga Mała (2)";185;
1422072;"Przasnysz (2)";184;
1423012;"Borkowice (2)";86;
1423022;"Gielniów (2)";79;
1423032;"Klwów (2)";87;
1423042;"Odrzywół (2)";99;
1423052;"Potworów (2)";82;
1423063;"Przysucha (3)";182;
1423072;"Rusinów (2)";83;
1423082;"Wieniawa (2)";103;
1424012;"Gzy (2)";104;
1424022;"Obryte (2)";140;
1424032;"Pokrzywnica (2)";121;
1424043;"Pułtusk (3)";134;
1424052;"Świercze (2)";93;
1424062;"Winnica (2)";115;
1424072;"Zatory (2)";120;
1425011;"Pionki (1)";18;
1425022;"Gózd (2)";78;
1425033;"Iłża (3)";256;
1425042;"Jastrzębia (2)";90;
1425052;"Jedlińsk (2)";139;
1425062;"Jedlnia-Letnisko (2)";66;
1425072;"Kowala (2)";75;
1425082;"Pionki (2)";230;
1425092;"Przytyk (2)";134;
1425103;"Skaryszew (3)";171;
1425112;"Wierzbica (2)";94;
1425122;"Wolanów (2)";83;
1425132;"Zakrzew (2)";96;
1426012;"Domanice (2)";47;
1426022;"Korczew (2)";105;
1426032;"Kotuń (2)";151;
1426042;"Mokobody (2)";119;
1426053;"Mordy (3)";170;
1426062;"Paprotnia (2)";81;
1426072;"Przesmyki (2)";117;
1426082;"Siedlce (2)";141;
1426092;"Skórzec (2)";119;
1426102;"Suchożebry (2)";101;
1426112;"Wiśniew (2)";126;
1426122;"Wodynie (2)";115;
1426132;"Zbuczyn (2)";211;
1427011;"Sierpc (1)";19;
1427022;"Gozdowo (2)";126;
1427032;"Mochowo (2)";144;
1427042;"Rościszewo (2)";115;
1427052;"Sierpc (2)";150;
1427062;"Szczutowo (2)";113;
1427072;"Zawidz (2)";185;
1428011;"Sochaczew (1)";26;
1428022;"Brochów (2)";120;
1428032;"Iłów (2)";129;
1428042;"Młodzieszyn (2)";118;
1428052;"Nowa Sucha (2)";90;
1428062;"Rybno (2)";73;
1428072;"Sochaczew (2)";91;
1428082;"Teresin (2)";88;
1429011;"Sokołów Podlaski (1)";18;
1429022;"Bielany (2)";110;
1429032;"Ceranów (2)";111;
1429042;"Jabłonna Lacka (2)";149;
1429053;"Kosów Lacki (3)";200;
1429062;"Repki (2)";168;
1429072;"Sabnie (2)";108;
1429082;"Sokołów Podlaski (2)";137;
1429092;"Sterdyń (2)";130;
1430012;"Chlewiska (2)";124;
1430022;"Jastrząb (2)";55;
1430032;"Mirów (2)";53;
1430042;"Orońsko (2)";82;
1430053;"Szydłowiec (3)";138;
1432013;"Błonie (3)";86;
1432022;"Izabelin (2)";65;
1432032;"Kampinos (2)";85;
1432042;"Leszno (2)";125;
1432053;"Łomianki (3)";39;
1432063;"Ożarów Mazowiecki (3)";71;
1432072;"Stare Babice (2)";63;
1433011;"Węgrów (1)";36;
1433022;"Grębków (2)";131;
1433032;"Korytnica (2)";180;
1433042;"Liw (2)";169;
1433053;"Łochów (3)";196;
1433062;"Miedzna (2)";116;
1433072;"Sadowne (2)";145;
1433082;"Stoczek (2)";145;
1433092;"Wierzbno (2)";103;
1434011;"Kobyłka (1)";20;
1434021;"Marki (1)";26;
1434031;"Ząbki (1)";11;
1434041;"Zielonka (1)";79;
1434052;"Dąbrówka (2)";109;
1434062;"Jadów (2)";117;
1434072;"Klembów (2)";86;
1434082;"Poświętne (2)";104;
1434093;"Radzymin (3)";129;
1434102;"Strachówka (2)";108;
1434113;"Tłuszcz (3)";103;
1434123;"Wołomin (3)";62;
1435012;"Brańszczyk (2)";167;
1435022;"Długosiodło (2)";167;
1435032;"Rząśnik (2)";167;
1435042;"Somianka (2)";118;
1435053;"Wyszków (3)";165;
1435062;"Zabrodzie (2)";92;
1436012;"Kazanów (2)";95;
1436022;"Policzna (2)";113;
1436032;"Przyłęk (2)";131;
1436042;"Tczów (2)";72;
1436053;"Zwoleń (3)";162;
1437013;"Bieżuń (3)";121;
1437022;"Kuczbork-Osada (2)";122;
1437033;"Lubowidz (3)";192;
1437042;"Lutocin (2)";126;
1437052;"Siemiątkowo (2)";113;
1437063;"Żuromin (3)";133;
1438011;"Żyrardów (1)";14;
1438023;"Mszczonów (3)";152;
1438032;"Puszcza Mariańska (2)";143;
1438042;"Radziejowice (2)";73;
1438052;"Wiskitki (2)";151;
1461011;"Ostrołęka (1)";33;
1462011;"Płock (1)";88;
1463011;"Radom (1)";112;
1464011;"Siedlce (1)";32;
1465011;"M.st.Warszawa od 2002 (1)";517;
1601011;"Brzeg (1)";15;
1601022;"Skarbimierz (2)";110;
1601033;"Grodków (3)";286;
1601043;"Lewin Brzeski (3)";160;
1601052;"Lubsza (2)";212;
1601062;"Olszanka (2)";93;
1602013;"Baborów (3)";117;
1602022;"Branice (2)";122;
1602033;"Głubczyce (3)";294;
1602043;"Kietrz (3)";140;
1603011;"Kędzierzyn-Koźle (1)";124;
1603022;"Bierawa (2)";119;
1603032;"Cisek (2)";71;
1603042;"Pawłowiczki (2)";153;
1603052;"Polska Cerekiew (2)";60;
1603062;"Reńska Wieś (2)";98;
1604013;"Byczyna (3)";183;
1604023;"Kluczbork (3)";217;
1604032;"Lasowice Wielkie (2)";211;
1604043;"Wołczyn (3)";241;
1605013;"Gogolin (3)";101;
1605023;"Krapkowice (3)";97;
1605032;"Strzeleczki (2)";118;
1605042;"Walce (2)";69;
1605053;"Zdzieszowice (3)";57;
1606012;"Domaszowice (2)";114;
1606023;"Namysłów (3)";290;
1606032;"Pokój (2)";133;
1606042;"Świerczów (2)";110;
1606052;"Wilków (2)";101;
1607013;"Głuchołazy (3)";168;
1607022;"Kamiennik (2)";89;
1607033;"Korfantów (3)";180;
1607042;"Łambinowice (2)";124;
1607053;"Nysa (3)";218;
1607063;"Otmuchów (3)";187;
1607073;"Paczków (3)";80;
1607082;"Pakosławice (2)";74;
1607092;"Skoroszyce (2)";104;
1608013;"Dobrodzień (3)";163;
1608023;"Gorzów Śląski (3)";154;
1608033;"Olesno (3)";241;
1608043;"Praszka (3)";103;
1608052;"Radłów (2)";116;
1608062;"Rudniki (2)";100;
1608072;"Zębowice (2)";96;
1609012;"Chrząstowice (2)";82;
1609022;"Dąbrowa (2)";114;
1609032;"Dobrzeń Wielki (2)";64;
1609042;"Komprachcice (2)";51;
1609052;"Łubniany (2)";126;
1609062;"Murów (2)";160;
1609073;"Niemodlin (3)";183;
1609083;"Ozimek (3)";126;
1609092;"Popielów (2)";176;
1609103;"Prószków (3)";118;
1609112;"Tarnów Opolski (2)";82;
1609123;"Tułowice (3)";81;
1609132;"Turawa (2)";171;
1610013;"Biała (3)";196;
1610023;"Głogówek (3)";170;
1610032;"Lubrza (2)";84;
1610043;"Prudnik (3)";122;
1611012;"Izbicko (2)";85;
1611022;"Jemielnica (2)";112;
1611033;"Kolonowskie (3)";84;
1611043;"Leśnica (3)";95;
1611053;"Strzelce Opolskie (3)";203;
1611063;"Ujazd (3)";83;
1611073;"Zawadzkie (3)";82;
1661011;"Opole (1)";149;
1801032;"Czarna (2)";185;
1801052;"Lutowiska (2)";475;
1801083;"Ustrzyki Dolne (3)";479;
1802013;"Brzozów (3)";103;
1802022;"Domaradz (2)";56;
1802032;"Dydnia (2)";130;
1802042;"Haczów (2)";72;
1802052;"Jasienica Rosielna (2)";57;
1802062;"Nozdrzec (2)";121;
1803011;"Dębica (1)";34;
1803023;"Brzostek (3)";122;
1803032;"Czarna (2)";148;
1803042;"Dębica (2)";138;
1803052;"Jodłowa (2)";60;
1803063;"Pilzno (3)";165;
1803072;"Żyraków (2)";110;
1804011;"Jarosław (1)";35;
1804021;"Radymno (1)";14;
1804032;"Chłopice (2)";49;
1804042;"Jarosław (2)";113;
1804052;"Laszki (2)";138;
1804062;"Pawłosiów (2)";47;
1804073;"Pruchnik (3)";80;
1804082;"Radymno (2)";182;
1804092;"Rokietnica (2)";57;
1804102;"Roźwienica (2)";69;
1804112;"Wiązownica (2)";245;
1805011;"Jasło (1)";37;
1805022;"Brzyska (2)";45;
1805032;"Dębowiec (2)";86;
1805042;"Jasło (2)";93;
1805053;"Kołaczyce (3)";61;
1805062;"Krempna (2)";205;
1805072;"Nowy Żmigród (2)";104;
1805082;"Osiek Jasielski (2)";60;
1805092;"Skołyszyn (2)";78;
1805112;"Tarnowiec (2)";62;
1806012;"Cmolas (2)";134;
1806023;"Kolbuszowa (3)";171;
1806032;"Majdan Królewski (2)";155;
1806042;"Niwiska (2)";95;
1806052;"Raniżów (2)";97;
1806062;"Dzikowiec (2)";122;
1807012;"Chorkówka (2)";77;
1807023;"Dukla (3)";235;
1807033;"Iwonicz-Zdrój (3)";46;
1807043;"Jedlicze (3)";59;
1807052;"Korczyna (2)";93;
1807062;"Krościenko Wyżne (2)";16;
1807072;"Miejsce Piastowe (2)";51;
1807083;"Rymanów (3)";167;
1807092;"Wojaszówka (2)";83;
1807102;"Jaśliska (2)";166;
1808011;"Leżajsk (1)";21;
1808022;"Grodzisko Dolne (2)";79;
1808032;"Kuryłówka (2)";142;
1808042;"Leżajsk (2)";198;
1808053;"Nowa Sarzyna (3)";144;
1809011;"Lubaczów (1)";26;
1809023;"Cieszanów (3)";219;
1809032;"Horyniec-Zdrój (2)";203;
1809042;"Lubaczów (2)";203;
1809053;"Narol (3)";203;
1809063;"Oleszyce (3)";152;
1809072;"Stary Dzików (2)";156;
1809082;"Wielkie Oczy (2)";146;
1810011;"Łańcut (1)";19;
1810022;"Białobrzegi (2)";56;
1810032;"Czarna (2)";78;
1810042;"Łańcut (2)";107;
1810052;"Markowa (2)";69;
1810062;"Rakszawa (2)";66;
1810072;"Żołynia (2)";57;
1811011;"Mielec (1)";47;
1811022;"Borowa (2)";56;
1811032;"Czermin (2)";80;
1811042;"Gawłuszowice (2)";34;
1811052;"Mielec (2)";123;
1811062;"Padew Narodowa (2)";71;
1811073;"Przecław (3)";134;
1811083;"Radomyśl Wielki (3)";160;
1811092;"Tuszów Narodowy (2)";89;
1811102;"Wadowice Górne (2)";87;
1812012;"Harasiuki (2)";169;
1812022;"Jarocin (2)";91;
1812032;"Jeżowe (2)";124;
1812042;"Krzeszów (2)";62;
1812053;"Nisko (3)";142;
1812063;"Rudnik nad Sanem (3)";79;
1812073;"Ulanów (3)";119;
1813012;"Bircza (2)";254;
1813022;"Dubiecko (2)";154;
1813032;"Fredropol (2)";160;
1813042;"Krasiczyn (2)";124;
1813052;"Krzywcza (2)";95;
1813062;"Medyka (2)";61;
1813072;"Orły (2)";70;
1813082;"Przemyśl (2)";108;
1813092;"Stubno (2)";89;
1813102;"Żurawica (2)";96;
1814011;"Przeworsk (1)";22;
1814022;"Adamówka (2)";134;
1814032;"Gać (2)";36;
1814042;"Jawornik Polski (2)";63;
1814053;"Kańczuga (3)";105;
1814062;"Przeworsk (2)";91;
1814073;"Sieniawa (3)";128;
1814082;"Tryńcza (2)";70;
1814092;"Zarzecze (2)";49;
1815012;"Iwierzyce (2)";66;
1815022;"Ostrów (2)";96;
1815033;"Ropczyce (3)";139;
1815043;"Sędziszów Małopolski (3)";154;
1815052;"Wielopole Skrzyńskie (2)";93;
1816011;"Dynów (1)";25;
1816023;"Błażowa (3)";113;
1816033;"Boguchwała (3)";89;
1816042;"Chmielnik (2)";53;
1816052;"Dynów (2)";118;
1816063;"Głogów Małopolski (3)";144;
1816072;"Hyżne (2)";51;
1816082;"Kamień (2)";74;
1816092;"Krasne (2)";39;
1816102;"Lubenia (2)";55;
1816113;"Sokołów Małopolski (3)";134;
1816122;"Świlcza (2)";108;
1816132;"Trzebownisko (2)";90;
1816143;"Tyczyn (3)";54;
1817011;"Sanok (1)";38;
1817022;"Besko (2)";27;
1817032;"Bukowsko (2)";137;
1817042;"Komańcza (2)";388;
1817052;"Sanok (2)";232;
1817062;"Tyrawa Wołoska (2)";69;
1817073;"Zagórz (3)";160;
1817082;"Zarszyn (2)";105;
1818011;"Stalowa Wola (1)";83;
1818022;"Bojanów (2)";179;
1818032;"Pysznica (2)";147;
1818042;"Radomyśl nad Sanem (2)";134;
1818053;"Zaklików (3)";202;
1818062;"Zaleszany (2)";87;
1819012;"Czudec (2)";85;
1819022;"Frysztak (2)";91;
1819032;"Niebylec (2)";105;
1819043;"Strzyżów (3)";140;
1819052;"Wiśniowa (2)";83;
1820013;"Baranów Sandomierski (3)";122;
1820022;"Gorzyce (2)";69;
1820032;"Grębów (2)";187;
1820043;"Nowa Dęba (3)";143;
1821012;"Baligród (2)";158;
1821022;"Cisna (2)";287;
1821033;"Lesko (3)";111;
1821042;"Olszanica (2)";94;
1821052;"Solina (2)";185;
1861011;"Krosno (1)";44;
1862011;"Przemyśl (1)";46;
1863011;"Rzeszów (1)";126;
1864011;"Tarnobrzeg (1)";85;
2001011;"Augustów (1)";81;
2001022;"Augustów (2)";267;
2001032;"Bargłów Kościelny (2)";188;
2001043;"Lipsk (3)";184;
2001052;"Nowinka (2)";204;
2001062;"Płaska (2)";372;
2001072;"Sztabin (2)";363;
2002013;"Choroszcz (3)";164;
2002023;"Czarna Białostocka (3)";206;
2002032;"Dobrzyniewo Duże (2)";161;
2002042;"Gródek (2)";429;
2002052;"Juchnowiec Kościelny (2)";171;
2002063;"Łapy (3)";128;
2002073;"Michałowo (3)";409;
2002082;"Poświętne (2)";115;
2002093;"Supraśl (3)";189;
2002103;"Suraż (3)";77;
2002112;"Turośń Kościelna (2)";140;
2002123;"Tykocin (3)";207;
2002133;"Wasilków (3)";127;
2002143;"Zabłudów (3)";340;
2002152;"Zawady (2)";112;
2003011;"Bielsk Podlaski (1)";27;
2003021;"Brańsk (1)";32;
2003032;"Bielsk Podlaski (2)";431;
2003042;"Boćki (2)";232;
2003052;"Brańsk (2)";227;
2003062;"Orla (2)";160;
2003072;"Rudka (2)";70;
2003082;"Wyszki (2)";206;
2004011;"Grajewo (1)";19;
2004022;"Grajewo (2)";308;
2004032;"Radziłów (2)";200;
2004043;"Rajgród (3)";207;
2004053;"Szczuczyn (3)";116;
2004062;"Wąsosz (2)";118;
2005011;"Hajnówka (1)";21;
2005022;"Białowieża (2)";203;
2005032;"Czeremcha (2)";97;
2005042;"Czyże (2)";135;
2005052;"Dubicze Cerkiewne (2)";151;
2005062;"Hajnówka (2)";293;
2005073;"Kleszczele (3)";143;
2005082;"Narew (2)";242;
2005092;"Narewka (2)";339;
2006011;"Kolno (1)";25;
2006022;"Grabowo (2)";129;
2006032;"Kolno (2)";281;
2006042;"Mały Płock (2)";140;
2006053;"Stawiski (3)";166;
2006062;"Turośl (2)";199;
2007013;"Jedwabne (3)";159;
2007022;"Łomża (2)";207;
2007032;"Miastkowo (2)";115;
2007043;"Nowogród (3)";101;
2007052;"Piątnica (2)";220;
2007062;"Przytuły (2)";71;
2007072;"Śniadowo (2)";163;
2007082;"Wizna (2)";133;
2007092;"Zbójna (2)";186;
2008013;"Goniądz (3)";377;
2008022;"Jasionówka (2)";97;
2008032;"Jaświły (2)";175;
2008043;"Knyszyn (3)";127;
2008052;"Krypno (2)";112;
2008063;"Mońki (3)";162;
2008072;"Trzcianne (2)";332;
2009011;"Sejny (1)";4;
2009022;"Giby (2)";323;
2009032;"Krasnopol (2)";172;
2009042;"Puńsk (2)";139;
2009052;"Sejny (2)";217;
2010011;"Siemiatycze (1)";36;
2010023;"Drohiczyn (3)";208;
2010032;"Dziadkowice (2)";116;
2010042;"Grodzisk (2)";203;
2010052;"Mielnik (2)";196;
2010062;"Milejczyce (2)";151;
2010072;"Nurzec-Stacja (2)";215;
2010082;"Perlejewo (2)";107;
2010092;"Siemiatycze (2)";227;
2011013;"Dąbrowa Białostocka (3)";264;
2011022;"Janów (2)";208;
2011032;"Korycin (2)";117;
2011043;"Krynki (3)";166;
2011052;"Kuźnica (2)";133;
2011062;"Nowy Dwór (2)";121;
2011072;"Sidra (2)";174;
2011083;"Sokółka (3)";314;
2011093;"Suchowola (3)";256;
2011102;"Szudziałowo (2)";302;
2012012;"Bakałarzewo (2)";123;
2012022;"Filipów (2)";151;
2012032;"Jeleniewo (2)";131;
2012042;"Przerośl (2)";124;
2012052;"Raczki (2)";142;
2012062;"Rutka-Tartak (2)";103;
2012072;"Suwałki (2)";265;
2012082;"Szypliszki (2)";156;
2012092;"Wiżajny (2)";112;
2013011;"Wysokie Mazowieckie (1)";15;
2013023;"Ciechanowiec (3)";201;
2013033;"Czyżew (3)";130;
2013042;"Klukowo (2)";124;
2013052;"Kobylin-Borzymy (2)";119;
2013062;"Kulesze Kościelne (2)";115;
2013072;"Nowe Piekuty (2)";110;
2013082;"Sokoły (2)";156;
2013093;"Szepietowo (3)";152;
2013102;"Wysokie Mazowieckie (2)";167;
2014011;"Zambrów (1)";19;
2014022;"Kołaki Kościelne (2)";74;
2014032;"Rutki (2)";200;
2014042;"Szumowo (2)";141;
2014052;"Zambrów (2)";299;
2061011;"Białystok (1)";102;
2062011;"Łomża (1)";33;
2063011;"Suwałki (1)";66;
2201012;"Borzytuchom (2)";109;
2201023;"Bytów (3)";197;
2201032;"Czarna Dąbrówka (2)";298;
2201042;"Kołczygłowy (2)";170;
2201052;"Lipnica (2)";308;
2201063;"Miastko (3)";466;
2201072;"Parchowo (2)";131;
2201082;"Studzienice (2)";176;
2201092;"Trzebielino (2)";226;
2201102;"Tuchomie (2)";111;
2202011;"Chojnice (1)";21;
2202023;"Brusy (3)";400;
2202032;"Chojnice (2)";458;
2202043;"Czersk (3)";380;
2202052;"Konarzyny (2)";105;
2203011;"Człuchów (1)";13;
2203023;"Czarne (3)";235;
2203032;"Człuchów (2)";361;
2203043;"Debrzno (3)";224;
2203052;"Koczała (2)";223;
2203062;"Przechlewo (2)";244;
2203072;"Rzeczenica (2)";275;
2204011;"Pruszcz Gdański (1)";16;
2204022;"Cedry Wielkie (2)";124;
2204032;"Kolbudy (2)";83;
2204042;"Pruszcz Gdański (2)";144;
2204052;"Przywidz (2)";129;
2204062;"Pszczółki (2)";50;
2204072;"Suchy Dąb (2)";85;
2204082;"Trąbki Wielkie (2)";163;
2205012;"Chmielno (2)";79;
2205023;"Kartuzy (3)";206;
2205032;"Przodkowo (2)";85;
2205042;"Sierakowice (2)";183;
2205052;"Somonino (2)";112;
2205062;"Stężyca (2)";161;
2205072;"Sulęczyno (2)";131;
2205083;"Żukowo (3)";164;
2206011;"Kościerzyna (1)";16;
2206022;"Dziemiany (2)";125;
2206032;"Karsin (2)";169;
2206042;"Kościerzyna (2)";311;
2206052;"Liniewo (2)";110;
2206062;"Lipusz (2)";109;
2206072;"Nowa Karczma (2)";113;
2206082;"Stara Kiszewa (2)";213;
2207011;"Kwidzyn (1)";22;
2207022;"Gardeja (2)";193;
2207032;"Kwidzyn (2)";207;
2207043;"Prabuty (3)";197;
2207052;"Ryjewo (2)";104;
2207062;"Sadlinki (2)";112;
2208011;"Lębork (1)";18;
2208021;"Łeba (1)";17;
2208032;"Cewice (2)";188;
2208042;"Nowa Wieś Lęborska (2)";270;
2208052;"Wicko (2)";215;
2209011;"Malbork (1)";17;
2209032;"Lichnowy (2)";89;
2209042;"Malbork (2)";101;
2209062;"Miłoradz (2)";94;
2209073;"Nowy Staw (3)";114;
2209082;"Stare Pole (2)";79;
2210011;"Krynica Morska (1)";118;
2210023;"Nowy Dwór Gdański (3)";213;
2210032;"Ostaszewo (2)";61;
2210042;"Stegna (2)";170;
2210052;"Sztutowo (2)";112;
2211011;"Hel (1)";23;
2211023;"Jastarnia (3)";10;
2211031;"Puck (1)";5;
2211043;"Władysławowo (3)";42;
2211052;"Kosakowo (2)";50;
2211062;"Krokowa (2)";214;
2211072;"Puck (2)";237;
2212011;"Ustka (1)";10;
2212022;"Damnica (2)";168;
2212032;"Dębnica Kaszubska (2)";300;
2212042;"Główczyce (2)";322;
2212053;"Kępice (3)";293;
2212062;"Kobylnica (2)";244;
2212072;"Potęgowo (2)";228;
2212082;"Słupsk (2)";262;
2212092;"Smołdzino (2)";260;
2212102;"Ustka (2)";217;
2213013;"Czarna Woda (3)";28;
2213021;"Skórcz (1)";4;
2213031;"Starogard Gdański (1)";25;
2213042;"Bobowo (2)";52;
2213052;"Kaliska (2)";111;
2213062;"Lubichowo (2)";160;
2213072;"Osieczna (2)";123;
2213082;"Osiek (2)";156;
2213093;"Skarszewy (3)";170;
2213102;"Skórcz (2)";97;
2213112;"Smętowo Graniczne (2)";86;
2213122;"Starogard Gdański (2)";195;
2213132;"Zblewo (2)";138;
2214011;"Tczew (1)";22;
2214023;"Gniew (3)";194;
2214032;"Morzeszczyn (2)";91;
2214043;"Pelplin (3)";141;
2214052;"Subkowy (2)";78;
2214062;"Tczew (2)";171;
2215011;"Reda (1)";34;
2215021;"Rumia (1)";30;
2215031;"Wejherowo (1)";27;
2215042;"Choczewo (2)";183;
2215052;"Gniewino (2)";176;
2215062;"Linia (2)";120;
2215072;"Luzino (2)";111;
2215082;"Łęczyce (2)";233;
2215092;"Szemud (2)";177;
2215102;"Wejherowo (2)";194;
2216013;"Dzierzgoń (3)";131;
2216022;"Mikołajki Pomorskie (2)";92;
2216032;"Stary Dzierzgoń (2)";186;
2216042;"Stary Targ (2)";141;
2216053;"Sztum (3)";181;
2261011;"Gdańsk (1)";262;
2262011;"Gdynia (1)";135;
2263011;"Słupsk (1)";43;
2264011;"Sopot (1)";17;
2401011;"Będzin (1)";37;
2401021;"Czeladź (1)";16;
2401031;"Wojkowice (1)";13;
2401042;"Bobrowniki (2)";52;
2401052;"Mierzęcice (2)";49;
2401062;"Psary (2)";46;
2401073;"Siewierz (3)";114;
2401081;"Sławków (1)";37;
2402011;"Szczyrk (1)";39;
2402022;"Bestwina (2)";38;
2402032;"Buczkowice (2)";19;
2402043;"Czechowice-Dziedzice (3)";66;
2402052;"Jasienica (2)";93;
2402062;"Jaworze (2)";21;
2402072;"Kozy (2)";27;
2402082;"Porąbka (2)";65;
2402093;"Wilamowice (3)";57;
2402102;"Wilkowice (2)";34;
2403011;"Cieszyn (1)";29;
2403021;"Ustroń (1)";59;
2403031;"Wisła (1)";109;
2403042;"Brenna (2)";95;
2403052;"Chybie (2)";32;
2403062;"Dębowiec (2)";43;
2403072;"Goleszów (2)";66;
2403082;"Hażlach (2)";49;
2403092;"Istebna (2)";84;
2403103;"Skoczów (3)";64;
2403113;"Strumień (3)";59;
2403122;"Zebrzydowice (2)";41;
2404013;"Blachownia (3)";67;
2404022;"Dąbrowa Zielona (2)";100;
2404032;"Janów (2)";146;
2404042;"Kamienica Polska (2)";46;
2404052;"Kłomnice (2)";147;
2404063;"Koniecpol (3)";147;
2404072;"Konopiska (2)";79;
2404082;"Kruszyna (2)";94;
2404092;"Lelów (2)";124;
2404102;"Mstów (2)";120;
2404112;"Mykanów (2)";141;
2404122;"Olsztyn (2)";109;
2404132;"Poczesna (2)";60;
2404142;"Przyrów (2)";80;
2404152;"Rędziny (2)";41;
2404162;"Starcza (2)";20;
2405011;"Knurów (1)";34;
2405021;"Pyskowice (1)";31;
2405032;"Gierałtowice (2)";38;
2405042;"Pilchowice (2)";70;
2405052;"Rudziniec (2)";159;
2405063;"Sośnicowice (3)";116;
2405073;"Toszek (3)";100;
2405082;"Wielowieś (2)";116;
2406013;"Kłobuck (3)";130;
2406023;"Krzepice (3)";79;
2406032;"Lipie (2)";99;
2406042;"Miedźno (2)";113;
2406052;"Opatów (2)";73;
2406062;"Panki (2)";55;
2406072;"Popów (2)";102;
2406082;"Przystajń (2)";89;
2406092;"Wręczyca Wielka (2)";149;
2407011;"Lubliniec (1)";89;
2407022;"Boronów (2)";57;
2407032;"Ciasna (2)";134;
2407042;"Herby (2)";86;
2407052;"Kochanowice (2)";80;
2407062;"Koszęcin (2)";129;
2407072;"Pawonków (2)";119;
2407083;"Woźniki (3)";128;
2408011;"Łaziska Górne (1)";20;
2408021;"Mikołów (1)";79;
2408031;"Orzesze (1)";84;
2408042;"Ornontowice (2)";15;
2408052;"Wyry (2)";35;
2409011;"Myszków (1)";74;
2409023;"Koziegłowy (3)";160;
2409032;"Niegowa (2)";87;
2409042;"Poraj (2)";57;
2409053;"Żarki (3)";101;
2410012;"Goczałkowice-Zdrój (2)";47;
2410022;"Kobiór (2)";48;
2410032;"Miedźna (2)";50;
2410042;"Pawłowice (2)";76;
2410053;"Pszczyna (3)";175;
2410062;"Suszec (2)";75;
2411011;"Racibórz (1)";75;
2411022;"Kornowac (2)";26;
2411033;"Krzanowice (3)";47;
2411042;"Krzyżanowice (2)";70;
2411053;"Kuźnia Raciborska (3)";127;
2411062;"Nędza (2)";57;
2411072;"Pietrowice Wielkie (2)";68;
2411082;"Rudnik (2)";74;
2412013;"Czerwionka-Leszczyny (3)";115;
2412022;"Gaszowice (2)";20;
2412032;"Jejkowice (2)";8;
2412042;"Lyski (2)";57;
2412052;"Świerklany (2)";24;
2413011;"Kalety (1)";76;
2413021;"Miasteczko Śląskie (1)";68;
2413031;"Radzionków (1)";13;
2413041;"Tarnowskie Góry (1)";84;
2413052;"Krupski Młyn (2)";39;
2413062;"Ożarowice (2)";46;
2413072;"Świerklaniec (2)";45;
2413082;"Tworóg (2)";125;
2413092;"Zbrosławice (2)";148;
2414011;"Bieruń (1)";40;
2414021;"Imielin (1)";28;
2414031;"Lędziny (1)";32;
2414042;"Bojszowy (2)";35;
2414052;"Chełm Śląski (2)";23;
2415011;"Pszów (1)";20;
2415021;"Radlin (1)";13;
2415031;"Rydułtowy (1)";15;
2415041;"Wodzisław Śląski (1)";50;
2415052;"Godów (2)";38;
2415062;"Gorzyce (2)";64;
2415072;"Lubomia (2)";42;
2415082;"Marklowice (2)";14;
2415092;"Mszana (2)";31;
2416011;"Poręba (1)";40;
2416021;"Zawiercie (1)";85;
2416032;"Irządze (2)";71;
2416042;"Kroczyce (2)";110;
2416053;"Łazy (3)";133;
2416063;"Ogrodzieniec (3)";85;
2416073;"Pilica (3)";143;
2416083;"Szczekociny (3)";134;
2416092;"Włodowice (2)";77;
2416102;"Żarnowiec (2)";125;
2417011;"Żywiec (1)";51;
2417022;"Czernichów (2)";56;
2417032;"Gilowice (2)";28;
2417042;"Jeleśnia (2)";170;
2417052;"Koszarawa (2)";32;
2417062;"Lipowa (2)";59;
2417072;"Łękawica (2)";43;
2417082;"Łodygowice (2)";36;
2417092;"Milówka (2)";99;
2417102;"Radziechowy-Wieprz (2)";65;
2417112;"Rajcza (2)";131;
2417122;"Ślemień (2)";45;
2417132;"Świnna (2)";39;
2417142;"Ujsoły (2)";110;
2417152;"Węgierska Górka (2)";76;
2461011;"Bielsko-Biała (1)";125;
2462011;"Bytom (1)";69;
2463011;"Chorzów (1)";33;
2464011;"Częstochowa (1)";160;
2465011;"Dąbrowa Górnicza (1)";189;
2466011;"Gliwice (1)";134;
2467011;"Jastrzębie-Zdrój (1)";85;
2468011;"Jaworzno (1)";153;
2469011;"Katowice (1)";165;
2470011;"Mysłowice (1)";66;
2471011;"Piekary Śląskie (1)";40;
2472011;"Ruda Śląska (1)";78;
2473011;"Rybnik (1)";148;
2474011;"Siemianowice Śląskie (1)";25;
2475011;"Sosnowiec (1)";91;
2476011;"Świętochłowice (1)";13;
2477011;"Tychy (1)";82;
2478011;"Zabrze (1)";80;
2479011;"Żory (1)";65;
2601013;"Busko-Zdrój (3)";236;
2601022;"Gnojno (2)";96;
2601033;"Nowy Korczyn (3)";117;
2601043;"Pacanów (3)";125;
2601052;"Solec-Zdrój (2)";85;
2601063;"Stopnica (3)";125;
2601072;"Tuczępy (2)";84;
2601083;"Wiślica (3)";100;
2602012;"Imielno (2)";101;
2602023;"Jędrzejów (3)";227;
2602033;"Małogoszcz (3)";146;
2602042;"Nagłowice (2)";117;
2602052;"Oksa (2)";91;
2602063;"Sędziszów (3)";146;
2602072;"Słupia (2)";108;
2602082;"Sobków (2)";144;
2602092;"Wodzisław (2)";177;
2603012;"Bejsce (2)";57;
2603022;"Czarnocin (2)";70;
2603033;"Kazimierza Wielka (3)";140;
2603043;"Opatowiec (3)";69;
2603053;"Skalbmierz (3)";86;
2604012;"Bieliny (2)";88;
2604023;"Bodzentyn (3)";160;
2604033;"Chęciny (3)";127;
2604043;"Chmielnik (3)";142;
2604053;"Daleszyce (3)";222;
2604062;"Górno (2)";83;
2604073;"Łagów (3)";113;
2604082;"Łopuszno (2)";177;
2604092;"Masłów (2)";86;
2604102;"Miedziana Góra (2)";71;
2604112;"Mniów (2)";95;
2604123;"Morawica (3)";140;
2604133;"Nowa Słupia (3)";86;
2604142;"Piekoszów (2)";103;
2604153;"Pierzchnica (3)";105;
2604162;"Raków (2)";191;
2604172;"Nowiny (2)";46;
2604182;"Strawczyn (2)";86;
2604192;"Zagnańsk (2)";125;
2605012;"Fałków (2)";132;
2605022;"Gowarczów (2)";101;
2605033;"Końskie (3)";250;
2605043;"Radoszyce (3)";146;
2605052;"Ruda Maleniecka (2)";110;
2605062;"Słupia Konecka (2)";106;
2605072;"Smyków (2)";62;
2605083;"Stąporków (3)";232;
2606012;"Baćkowice (2)";96;
2606022;"Iwaniska (2)";105;
2606032;"Lipnik (2)";81;
2606043;"Opatów (3)";114;
2606053;"Ożarów (3)";183;
2606062;"Sadowie (2)";82;
2606072;"Tarłów (2)";164;
2606082;"Wojciechowice (2)";86;
2607011;"Ostrowiec Świętokrzyski (1)";46;
2607022;"Bałtów (2)";105;
2607032;"Bodzechów (2)";122;
2607043;"Ćmielów (3)";118;
2607053;"Kunów (3)";114;
2607062;"Waśniów (2)";112;
2608013;"Działoszyce (3)";106;
2608022;"Kije (2)";100;
2608032;"Michałów (2)";112;
2608043;"Pińczów (3)";213;
2608052;"Złota (2)";82;
2609011;"Sandomierz (1)";29;
2609022;"Dwikozy (2)";85;
2609032;"Klimontów (2)";99;
2609043;"Koprzywnica (3)";69;
2609052;"Łoniów (2)";87;
2609062;"Obrazów (2)";72;
2609072;"Samborzec (2)";85;
2609082;"Wilczyce (2)";70;
2609093;"Zawichost (3)";80;
2610011;"Skarżysko-Kamienna (1)";64;
2610022;"Bliżyn (2)";141;
2610032;"Łączna (2)";62;
2610042;"Skarżysko Kościelne (2)";53;
2610053;"Suchedniów (3)";75;
2611011;"Starachowice (1)";32;
2611022;"Brody (2)";161;
2611032;"Mirzec (2)";111;
2611042;"Pawłów (2)";137;
2611053;"Wąchock (3)";82;
2612012;"Bogoria (2)";123;
2612022;"Łubnice (2)";84;
2612033;"Oleśnica (3)";53;
2612043;"Osiek (3)";129;
2612053;"Połaniec (3)";75;
2612062;"Rytwiany (2)";125;
2612073;"Staszów (3)";228;
2612083;"Szydłów (3)";108;
2613012;"Kluczewsko (2)";137;
2613022;"Krasocin (2)";193;
2613032;"Moskorzew (2)";73;
2613042;"Radków (2)";88;
2613052;"Secemin (2)";163;
2613063;"Włoszczowa (3)";254;
2661011;"Kielce (1)";110;
2801011;"Bartoszyce (1)";11;
2801021;"Górowo Iławeckie (1)";3;
2801032;"Bartoszyce (2)";428;
2801043;"Bisztynek (3)";203;
2801052;"Górowo Iławeckie (2)";416;
2801063;"Sępopol (3)";246;
2802011;"Braniewo (1)";12;
2802022;"Braniewo (2)";307;
2802033;"Frombork (3)";124;
2802042;"Lelkowo (2)";198;
2802053;"Pieniężno (3)";243;
2802062;"Płoskinia (2)";170;
2802072;"Wilczęta (2)";148;
2803011;"Działdowo (1)";11;
2803022;"Działdowo (2)";273;
2803032;"Iłowo-Osada (2)";104;
2803043;"Lidzbark (3)";255;
2803052;"Płośnica (2)";163;
2803062;"Rybno (2)";148;
2804012;"Elbląg (2)";192;
2804022;"Godkowo (2)";167;
2804032;"Gronowo Elbląskie (2)";89;
2804042;"Markusy (2)";110;
2804052;"Milejewo (2)";96;
2804063;"Młynary (3)";158;
2804073;"Pasłęk (3)";264;
2804082;"Rychliki (2)";132;
2804093;"Tolkmicko (3)";208;
2805011;"Ełk (1)";21;
2805022;"Ełk (2)";380;
2805032;"Kalinowo (2)";284;
2805042;"Prostki (2)";231;
2805052;"Stare Juchy (2)";197;
2806011;"Giżycko (1)";14;
2806042;"Giżycko (2)";296;
2806052;"Kruklanki (2)";202;
2806062;"Miłki (2)";170;
2806083;"Ryn (3)";205;
2806102;"Wydminy (2)";233;
2807011;"Iława (1)";22;
2807021;"Lubawa (1)";17;
2807032;"Iława (2)";424;
2807043;"Kisielice (3)";173;
2807052;"Lubawa (2)";236;
2807063;"Susz (3)";259;
2807073;"Zalewo (3)";254;
2808011;"Kętrzyn (1)";10;
2808022;"Barciany (2)";295;
2808032;"Kętrzyn (2)";285;
2808043;"Korsze (3)";250;
2808053;"Reszel (3)";179;
2808062;"Srokowo (2)";194;
2809011;"Lidzbark Warmiński (1)";14;
2809022;"Kiwity (2)";145;
2809032;"Lidzbark Warmiński (2)";373;
2809042;"Lubomino (2)";149;
2809053;"Orneta (3)";244;
2810011;"Mrągowo (1)";15;
2810023;"Mikołajki (3)";256;
2810032;"Mrągowo (2)";295;
2810042;"Piecki (2)";314;
2810052;"Sorkwity (2)";185;
2811012;"Janowiec Kościelny (2)";136;
2811022;"Janowo (2)";192;
2811032;"Kozłowo (2)";254;
2811043;"Nidzica (3)";379;
2812011;"Nowe Miasto Lubawskie (1)";11;
2812022;"Biskupiec (2)";242;
2812032;"Grodziczno (2)";154;
2812042;"Kurzętnik (2)";149;
2812052;"Nowe Miasto Lubawskie (2)";138;
2813032;"Kowale Oleckie (2)";251;
2813043;"Olecko (3)";267;
2813052;"Świętajno (2)";215;
2813062;"Wieliczki (2)";141;
2814013;"Barczewo (3)";320;
2814023;"Biskupiec (3)";290;
2814033;"Dobre Miasto (3)";259;
2814042;"Dywity (2)";161;
2814052;"Gietrzwałd (2)";172;
2814063;"Jeziorany (3)";211;
2814072;"Jonkowo (2)";169;
2814082;"Kolno (2)";179;
2814093;"Olsztynek (3)";372;
2814102;"Purda (2)";317;
2814112;"Stawiguda (2)";223;
2814122;"Świątki (2)";164;
2815011;"Ostróda (1)";14;
2815022;"Dąbrówno (2)";166;
2815032;"Grunwald (2)";180;
2815042;"Łukta (2)";186;
2815052;"Małdyty (2)";189;
2815063;"Miłakowo (3)";158;
2815073;"Miłomłyn (3)";161;
2815083;"Morąg (3)";311;
2815092;"Ostróda (2)";401;
2816013;"Biała Piska (3)";420;
2816023;"Orzysz (3)";363;
2816033;"Pisz (3)";634;
2816043;"Ruciane-Nida (3)";358;
2817011;"Szczytno (1)";11;
2817022;"Dźwierzuty (2)";263;
2817032;"Jedwabno (2)";312;
2817043;"Pasym (3)";149;
2817052;"Rozogi (2)";224;
2817062;"Szczytno (2)";346;
2817072;"Świętajno (2)";280;
2817083;"Wielbark (3)";348;
2818012;"Banie Mazurskie (2)";205;
2818022;"Dubeninki (2)";205;
2818033;"Gołdap (3)";362;
2819012;"Budry (2)";175;
2819022;"Pozezdrze (2)";177;
2819033;"Węgorzewo (3)";341;
2861011;"Elbląg (1)";80;
2862011;"Olsztyn (1)";88;
3001011;"Chodzież (1)";13;
3001022;"Budzyń (2)";209;
3001032;"Chodzież (2)";213;
3001043;"Margonin (3)";123;
3001053;"Szamocin (3)";127;
3002011;"Czarnków (1)";10;
3002022;"Czarnków (2)";346;
3002032;"Drawsko (2)";163;
3002043;"Krzyż Wielkopolski (3)";174;
3002052;"Lubasz (2)";167;
3002062;"Połajewo (2)";142;
3002073;"Trzcianka (3)";374;
3002083;"Wieleń (3)";430;
3003011;"Gniezno (1)";41;
3003023;"Czerniejewo (3)";112;
3003032;"Gniezno (2)";178;
3003042;"Kiszkowo (2)";114;
3003053;"Kłecko (3)";132;
3003062;"Łubowo (2)";114;
3003072;"Mieleszyn (2)";99;
3003082;"Niechanowo (2)";105;
3003093;"Trzemeszno (3)";175;
3003103;"Witkowo (3)";185;
3004013;"Borek Wielkopolski (3)";128;
3004023;"Gostyń (3)";137;
3004033;"Krobia (3)";130;
3004042;"Pępowo (2)";86;
3004052;"Piaski (2)";100;
3004063;"Pogorzela (3)";97;
3004073;"Poniec (3)";132;
3005012;"Granowo (2)";67;
3005023;"Grodzisk Wielkopolski (3)";133;
3005032;"Kamieniec (2)";133;
3005043;"Rakoniewice (3)";201;
3005053;"Wielichowo (3)";108;
3006013;"Jaraczewo (3)";133;
3006023;"Jarocin (3)";200;
3006032;"Kotlin (2)";84;
3006043;"Żerków (3)";170;
3007012;"Blizanów (2)";158;
3007022;"Brzeziny (2)";127;
3007032;"Ceków-Kolonia (2)";88;
3007042;"Godziesze Wielkie (2)";105;
3007052;"Koźminek (2)";89;
3007062;"Lisków (2)";76;
3007072;"Mycielin (2)";111;
3007083;"Opatówek (3)";104;
3007093;"Stawiszyn (3)";78;
3007102;"Szczytniki (2)";110;
3007112;"Żelazków (2)";114;
3008012;"Baranów (2)";74;
3008022;"Bralin (2)";85;
3008033;"Kępno (3)";124;
3008042;"Łęka Opatowska (2)";78;
3008052;"Perzów (2)";75;
3008062;"Rychtal (2)";97;
3008072;"Trzcinica (2)";75;
3009011;"Koło (1)";14;
3009022;"Babiak (2)";134;
3009032;"Chodów (2)";78;
3009043;"Dąbie (3)";130;
3009052;"Grzegorzew (2)";73;
3009063;"Kłodawa (3)";129;
3009072;"Koło (2)";103;
3009082;"Kościelec (2)";105;
3009092;"Olszówka (2)";82;
3009102;"Osiek Mały (2)";87;
3009113;"Przedecz (3)";76;
3010013;"Golina (3)";99;
3010022;"Grodziec (2)";118;
3010032;"Kazimierz Biskupi (2)";108;
3010043;"Kleczew (3)";110;
3010052;"Kramsk (2)";132;
3010062;"Krzymów (2)";92;
3010073;"Rychwał (3)";118;
3010082;"Rzgów (2)";105;
3010092;"Skulsk (2)";85;
3010103;"Sompolno (3)";137;
3010112;"Stare Miasto (2)";98;
3010123;"Ślesin (3)";146;
3010132;"Wierzbinek (2)";147;
3010142;"Wilczyn (2)";83;
3011011;"Kościan (1)";9;
3011023;"Czempiń (3)";142;
3011032;"Kościan (2)";202;
3011043;"Krzywiń (3)";179;
3011053;"Śmigiel (3)";190;
3012011;"Sulmierzyce (1)";29;
3012023;"Kobylin (3)";112;
3012033;"Koźmin Wielkopolski (3)";152;
3012043;"Krotoszyn (3)";256;
3012052;"Rozdrażew (2)";80;
3012063;"Zduny (3)";85;
3013012;"Krzemieniewo (2)";113;
3013022;"Lipno (2)";104;
3013033;"Osieczna (3)";129;
3013043;"Rydzyna (3)";136;
3013052;"Święciechowa (2)";134;
3013062;"Wijewo (2)";62;
3013072;"Włoszakowice (2)";128;
3014012;"Chrzypsko Wielkie (2)";85;
3014022;"Kwilcz (2)";141;
3014033;"Międzychód (3)";307;
3014043;"Sieraków (3)";203;
3015012;"Kuślin (2)";106;
3015023;"Lwówek (3)";184;
3015032;"Miedzichowo (2)";209;
3015043;"Nowy Tomyśl (3)";186;
3015053;"Opalenica (3)";149;
3015063;"Zbąszyń (3)";180;
3016013;"Oborniki (3)";340;
3016023;"Rogoźno (3)";216;
3016032;"Ryczywół (2)";155;
3017011;"Ostrów Wielkopolski (1)";42;
3017023;"Nowe Skalmierzyce (3)";125;
3017033;"Odolanów (3)";136;
3017042;"Ostrów Wielkopolski (2)";208;
3017052;"Przygodzice (2)";163;
3017063;"Raszków (3)";135;
3017072;"Sieroszewice (2)";163;
3017082;"Sośnie (2)";188;
3018012;"Czajków (2)";71;
3018022;"Doruchów (2)";99;
3018033;"Grabów nad Prosną (3)";124;
3018042;"Kobyla Góra (2)";130;
3018052;"Kraszewice (2)";75;
3018063;"Mikstat (3)";87;
3018073;"Ostrzeszów (3)";187;
3019011;"Piła (1)";103;
3019022;"Białośliwie (2)";76;
3019032;"Kaczory (2)";151;
3019043;"Łobżenica (3)";191;
3019052;"Miasteczko Krajeńskie (2)";71;
3019062;"Szydłowo (2)";266;
3019073;"Ujście (3)";128;
3019083;"Wyrzysk (3)";159;
3019093;"Wysoka (3)";123;
3020013;"Chocz (3)";74;
3020022;"Czermin (2)";98;
3020033;"Dobrzyca (3)";117;
3020042;"Gizałki (2)";108;
3020052;"Gołuchów (2)";136;
3020063;"Pleszew (3)";180;
3021011;"Luboń (1)";14;
3021021;"Puszczykowo (1)";16;
3021033;"Buk (3)";91;
3021042;"Czerwonak (2)";82;
3021052;"Dopiewo (2)";108;
3021062;"Kleszczewo (2)";74;
3021072;"Komorniki (2)";66;
3021083;"Kostrzyn (3)";155;
3021093;"Kórnik (3)";186;
3021103;"Mosina (3)";172;
3021113;"Murowana Goślina (3)";172;
3021123;"Pobiedziska (3)";189;
3021132;"Rokietnica (2)";79;
3021143;"Stęszew (3)";175;
3021152;"Suchy Las (2)";117;
3021163;"Swarzędz (3)";102;
3021172;"Tarnowo Podgórne (2)";102;
3022013;"Bojanowo (3)";124;
3022023;"Jutrosin (3)";115;
3022033;"Miejska Górka (3)";103;
3022042;"Pakosław (2)";78;
3022053;"Rawicz (3)";134;
3023011;"Słupca (1)";10;
3023022;"Lądek (2)";99;
3023032;"Orchowo (2)";98;
3023042;"Ostrowite (2)";104;
3023052;"Powidz (2)";81;
3023062;"Słupca (2)";144;
3023072;"Strzałkowo (2)";142;
3023083;"Zagórów (3)";160;
3024011;"Obrzycko (1)";4;
3024022;"Duszniki (2)";155;
3024032;"Kaźmierz (2)";128;
3024042;"Obrzycko (2)";111;
3024053;"Ostroróg (3)";85;
3024063;"Pniewy (3)";158;
3024073;"Szamotuły (3)";176;
3024083;"Wronki (3)";302;
3025012;"Dominowo (2)";79;
3025022;"Krzykosy (2)";111;
3025032;"Nowe Miasto nad Wartą (2)";120;
3025043;"Środa Wielkopolska (3)";207;
3025052;"Zaniemyśl (2)";107;
3026012;"Brodnica (2)";96;
3026023;"Dolsk (3)";124;
3026033;"Książ Wielkopolski (3)";148;
3026043;"Śrem (3)";206;
3027011;"Turek (1)";16;
3027022;"Brudzew (2)";112;
3027033;"Dobra (3)";132;
3027042;"Kawęczyn (2)";101;
3027052;"Malanów (2)";107;
3027062;"Przykona (2)";111;
3027073;"Tuliszków (3)";150;
3027082;"Turek (2)";109;
3027092;"Władysławów (2)";91;
3028011;"Wągrowiec (1)";18;
3028022;"Damasławek (2)";105;
3028033;"Gołańcz (3)";192;
3028042;"Mieścisko (2)";135;
3028053;"Skoki (3)";198;
3028062;"Wapno (2)";44;
3028072;"Wągrowiec (2)";348;
3029012;"Przemęt (2)";225;
3029022;"Siedlec (2)";205;
3029033;"Wolsztyn (3)";250;
3030012;"Kołaczkowo (2)";116;
3030023;"Miłosław (3)";132;
3030033;"Nekla (3)";96;
3030043;"Pyzdry (3)";138;
3030053;"Września (3)";222;
3031011;"Złotów (1)";12;
3031023;"Jastrowie (3)";353;
3031033;"Krajenka (3)";191;
3031042;"Lipka (2)";191;
3031053;"Okonek (3)";326;
3031062;"Tarnówka (2)";132;
3031072;"Zakrzewo (2)";162;
3031082;"Złotów (2)";293;
3061011;"Kalisz (1)";69;
3062011;"Konin (1)";82;
3063011;"Leszno (1)";32;
3064011;"Poznań (1)";262;
3201011;"Białogard (1)";26;
3201022;"Białogard (2)";328;
3201033;"Karlino (3)";141;
3201043;"Tychowo (3)";350;
3202012;"Bierzwnik (2)";240;
3202023;"Choszczno (3)";246;
3202033;"Drawno (3)";321;
3202042;"Krzęcin (2)";140;
3202053;"Pełczyce (3)";201;
3202063;"Recz (3)";180;
3203013;"Czaplinek (3)";365;
3203023;"Drawsko Pomorskie (3)";409;
3203033;"Kalisz Pomorski (3)";481;
3203052;"Wierzchowo (2)";229;
3203063;"Złocieniec (3)";280;
3204023;"Goleniów (3)";443;
3204033;"Maszewo (3)";210;
3204043;"Nowogard (3)";339;
3204052;"Osina (2)";102;
3204062;"Przybiernów (2)";229;
3204073;"Stepnica (3)";293;
3205012;"Brojce (2)";118;
3205023;"Gryfice (3)";261;
3205032;"Karnice (2)";133;
3205043;"Płoty (3)";239;
3205072;"Rewal (2)";43;
3205083;"Trzebiatów (3)";227;
3206012;"Banie (2)";206;
3206023;"Cedynia (3)";181;
3206033;"Chojna (3)";332;
3206043;"Gryfino (3)";254;
3206053;"Mieszkowice (3)";239;
3206063;"Moryń (3)";125;
3206072;"Stare Czarnowo (2)";153;
3206083;"Trzcińsko-Zdrój (3)";170;
3206092;"Widuchowa (2)";210;
3207013;"Dziwnów (3)";40;
3207023;"Golczewo (3)";175;
3207033;"Kamień Pomorski (3)";209;
3207043;"Międzyzdroje (3)";116;
3207052;"Świerzno (2)";140;
3207063;"Wolin (3)";327;
3208011;"Kołobrzeg (1)";26;
3208022;"Dygowo (2)";129;
3208033;"Gościno (3)";116;
3208042;"Kołobrzeg (2)";144;
3208052;"Rymań (2)";146;
3208062;"Siemyśl (2)";107;
3208072;"Ustronie Morskie (2)";57;
3209012;"Będzino (2)";166;
3209022;"Biesiekierz (2)";116;
3209033;"Bobolice (3)";368;
3209042;"Manowo (2)";188;
3209053;"Mielno (3)";62;
3209063;"Polanów (3)";393;
3209073;"Sianów (3)";227;
3209082;"Świeszyno (2)";133;
3210013;"Barlinek (3)";259;
3210022;"Boleszkowice (2)";130;
3210033;"Dębno (3)";318;
3210043;"Myślibórz (3)";329;
3210052;"Nowogródek Pomorski (2)";146;
3211012;"Dobra (Szczecińska) (2)";110;
3211022;"Kołbaskowo (2)";105;
3211033;"Nowe Warpno (3)";198;
3211043;"Police (3)";252;
3212012;"Bielice (2)";84;
3212022;"Kozielice (2)";95;
3212033;"Lipiany (3)";95;
3212042;"Przelewice (2)";162;
3212053;"Pyrzyce (3)";204;
3212062;"Warnice (2)";86;
3213011;"Darłowo (1)";20;
3213021;"Sławno (1)";16;
3213032;"Darłowo (2)";269;
3213042;"Malechowo (2)";227;
3213052;"Postomino (2)";227;
3213062;"Sławno (2)";284;
3214011;"Stargard (1)";48;
3214023;"Chociwel (3)";161;
3214033;"Dobrzany (3)";135;
3214042;"Dolice (2)";237;
3214053;"Ińsko (3)";151;
3214062;"Kobylanka (2)";122;
3214082;"Marianowo (2)";102;
3214092;"Stara Dąbrowa (2)";113;
3214102;"Stargard (2)";318;
3214113;"Suchań (3)";133;
3215011;"Szczecinek (1)";48;
3215023;"Barwice (3)";259;
3215033;"Biały Bór (3)";270;
3215043;"Borne Sulinowo (3)";484;
3215052;"Grzmiąca (2)";205;
3215062;"Szczecinek (2)";500;
3216011;"Świdwin (1)";22;
3216022;"Brzeżno (2)";111;
3216033;"Połczyn-Zdrój (3)";344;
3216042;"Rąbino (2)";180;
3216052;"Sławoborze (2)";189;
3216062;"Świdwin (2)";247;
3217011;"Wałcz (1)";38;
3217023;"Człopa (3)";349;
3217033;"Mirosławiec (3)";203;
3217043;"Tuczno (3)";250;
3217052;"Wałcz (2)";575;
3218013;"Dobra (3)";116;
3218023;"Łobez (3)";227;
3218032;"Radowo Małe (2)";181;
3218043;"Resko (3)";285;
3218053;"Węgorzyno (3)";256;
3261011;"Koszalin (1)";98;
3262011;"Szczecin (1)";301;
3263011;"Świnoujście (1)";202;
