"Kod";"Nazwa";"przeciętna miesięczna liczba rodzin pobierających świadczenie;2018;[-]";
0201011;"Bolesławiec (1)";1885;
0201022;"Bolesławiec (2)";866;
0201032;"Gromadka (2)";301;
0201043;"Nowogrodziec (3)";926;
0201052;"Osiecznica (2)";489;
0201062;"Warta Bolesławiecka (2)";588;
0202011;"Bielawa (1)";1459;
0202021;"Dzierżoniów (1)";1645;
0202033;"Pieszyce (3)";539;
0202041;"Piława Górna (1)";349;
0202052;"Dzierżoniów (2)";536;
0202062;"Łagiewniki (2)";434;
0202073;"Niemcza (3)";289;
0203011;"Głogów (1)";3561;
0203022;"Głogów (2)";496;
0203032;"Jerzmanowa (2)";397;
0203042;"Kotla (2)";307;
0203052;"Pęcław (2)";163;
0203062;"Żukowice (2)";230;
0204013;"Góra (3)";1334;
0204022;"Jemielno (2)";216;
0204032;"Niechlów (2)";320;
0204043;"Wąsosz (3)";516;
0205011;"Jawor (1)";1144;
0205023;"Bolków (3)";573;
0205032;"Męcinka (2)";300;
0205042;"Mściwojów (2)";244;
0205052;"Paszowice (2)";240;
0205062;"Wądroże Wielkie (2)";262;
0206011;"Karpacz (1)";184;
0206021;"Kowary (1)";551;
0206031;"Piechowice (1)";297;
0206041;"Szklarska Poręba (1)";253;
0206052;"Janowice Wielkie (2)";228;
0206062;"Jeżów Sudecki (2)";435;
0206072;"Mysłakowice (2)";544;
0206082;"Podgórzyn (2)";463;
0206092;"Stara Kamienica (2)";313;
0207011;"Kamienna Góra (1)";865;
0207022;"Kamienna Góra (2)";574;
0207033;"Lubawka (3)";424;
0207042;"Marciszów (2)";236;
0208011;"Duszniki-Zdrój (1)";188;
0208021;"Kłodzko (1)";1204;
0208031;"Kudowa-Zdrój (1)";342;
0208041;"Nowa Ruda (1)";890;
0208051;"Polanica-Zdrój (1)";257;
0208063;"Bystrzyca Kłodzka (3)";922;
0208072;"Kłodzko (2)";969;
0208083;"Lądek-Zdrój (3)";370;
0208092;"Lewin Kłodzki (2)";81;
0208103;"Międzylesie (3)";273;
0208112;"Nowa Ruda (2)";527;
0208123;"Radków (3)";419;
0208133;"Stronie Śląskie (3)";353;
0208143;"Szczytna (3)";367;
0209011;"Chojnów (1)";718;
0209022;"Chojnów (2)";635;
0209032;"Krotoszyce (2)";209;
0209042;"Kunice (2)";481;
0209052;"Legnickie Pole (2)";315;
0209062;"Miłkowice (2)";424;
0209073;"Prochowice (3)";502;
0209082;"Ruja (2)";168;
0210011;"Lubań (1)";847;
0210021;"Świeradów-Zdrój (1)";216;
0210033;"Leśna (3)";531;
0210042;"Lubań (2)";381;
0210053;"Olszyna (3)";329;
0210062;"Platerówka (2)";77;
0210072;"Siekierczyn (2)";236;
0211011;"Lubin (1)";3705;
0211022;"Lubin (2)";1097;
0211032;"Rudna (2)";525;
0211043;"Ścinawa (3)";565;
0212013;"Gryfów Śląski (3)";453;
0212023;"Lubomierz (3)";333;
0212033;"Lwówek Śląski (3)";863;
0212043;"Mirsk (3)";463;
0212053;"Wleń (3)";223;
0213012;"Cieszków (2)";364;
0213022;"Krośnice (2)";530;
0213033;"Milicz (3)";1676;
0214011;"Oleśnica (1)";2139;
0214023;"Bierutów (3)";572;
0214032;"Dobroszyce (2)";465;
0214042;"Dziadowa Kłoda (2)";381;
0214053;"Międzybórz (3)";378;
0214062;"Oleśnica (2)";1001;
0214073;"Syców (3)";1152;
0214083;"Twardogóra (3)";853;
0215011;"Oława (1)";1831;
0215022;"Domaniów (2)";341;
0215033;"Jelcz-Laskowice (3)";1444;
0215042;"Oława (2)";1026;
0216013;"Chocianów (3)";786;
0216022;"Gaworzyce (2)";265;
0216032;"Grębocice (2)";377;
0216043;"Polkowice (3)";1714;
0216053;"Przemków (3)";467;
0216062;"Radwanice (2)";321;
0217012;"Borów (2)";296;
0217022;"Kondratowice (2)";295;
0217032;"Przeworno (2)";277;
0217043;"Strzelin (3)";1262;
0217053;"Wiązów (3)";466;
0218012;"Kostomłoty (2)";444;
0218022;"Malczyce (2)";318;
0218032;"Miękinia (2)";1161;
0218043;"Środa Śląska (3)";1159;
0218052;"Udanin (2)";290;
0219011;"Świdnica (1)";2649;
0219021;"Świebodzice (1)";1072;
0219032;"Dobromierz (2)";324;
0219043;"Jaworzyna Śląska (3)";552;
0219052;"Marcinowice (2)";405;
0219063;"Strzegom (3)";1488;
0219072;"Świdnica (2)";1067;
0219083;"Żarów (3)";719;
0220013;"Oborniki Śląskie (3)";1286;
0220023;"Prusice (3)";683;
0220033;"Trzebnica (3)";1651;
0220042;"Wisznia Mała (2)";724;
0220052;"Zawonia (2)";404;
0220063;"Żmigród (3)";934;
0221011;"Boguszów-Gorce (1)";778;
0221021;"Jedlina-Zdrój (1)";274;
0221031;"Szczawno-Zdrój (1)";251;
0221042;"Czarny Bór (2)";286;
0221053;"Głuszyca (3)";404;
0221063;"Mieroszów (3)";258;
0221072;"Stare Bogaczowice (2)";242;
0221082;"Walim (2)";324;
0222013;"Brzeg Dolny (3)";862;
0222022;"Wińsko (2)";505;
0222033;"Wołów (3)";1235;
0223012;"Czernica (2)";1260;
0223022;"Długołęka (2)";2423;
0223032;"Jordanów Śląski (2)";199;
0223043;"Kąty Wrocławskie (3)";1796;
0223052;"Kobierzyce (2)";1701;
0223062;"Mietków (2)";253;
0223073;"Sobótka (3)";757;
0223083;"Siechnice (3)";1699;
0223092;"Żórawina (2)";838;
0224013;"Bardo (3)";276;
0224022;"Ciepłowody (2)";202;
0224032;"Kamieniec Ząbkowicki (2)";434;
0224042;"Stoszowice (2)";310;
0224053;"Ząbkowice Śląskie (3)";1180;
0224063;"Ziębice (3)";931;
0224073;"Złoty Stok (3)";216;
0225011;"Zawidów (1)";125;
0225021;"Zgorzelec (1)";1081;
0225033;"Bogatynia (3)";938;
0225043;"Pieńsk (3)";438;
0225052;"Sulików (2)";277;
0225063;"Węgliniec (3)";409;
0225072;"Zgorzelec (2)";395;
0226011;"Wojcieszów (1)";218;
0226021;"Złotoryja (1)";746;
0226032;"Pielgrzymka (2)";302;
0226043;"Świerzawa (3)";471;
0226052;"Zagrodno (2)";304;
0226062;"Złotoryja (2)";459;
0261011;"Jelenia Góra (1)";3648;
0262011;"Legnica (1)";5212;
0264011;"Wrocław (1)";30719;
0265011;"Wałbrzych od 2013 (1)";5008;
0401011;"Aleksandrów Kujawski (1)";765;
0401021;"Ciechocinek (1)";550;
0401031;"Nieszawa (1)";110;
0401042;"Aleksandrów Kujawski (2)";914;
0401052;"Bądkowo (2)";297;
0401062;"Koneck (2)";244;
0401072;"Raciążek (2)";197;
0401082;"Waganiec (2)";346;
0401092;"Zakrzewo (2)";259;
0402011;"Brodnica (1)";1968;
0402022;"Bobrowo (2)";453;
0402032;"Brodnica (2)";738;
0402042;"Brzozie (2)";313;
0402053;"Górzno (3)";275;
0402062;"Bartniczka (2)";360;
0402073;"Jabłonowo Pomorskie (3)";620;
0402082;"Osiek (2)";266;
0402092;"Świedziebnia (2)";418;
0402102;"Zbiczno (2)";374;
0403012;"Białe Błota (2)";1710;
0403022;"Dąbrowa Chełmińska (2)";607;
0403032;"Dobrcz (2)";845;
0403043;"Koronowo (3)";1669;
0403052;"Nowa Wieś Wielka (2)";664;
0403062;"Osielsko (2)";1055;
0403072;"Sicienko (2)";725;
0403083;"Solec Kujawski (3)";1038;
0404011;"Chełmno (1)";1109;
0404022;"Chełmno (2)";461;
0404032;"Kijewo Królewskie (2)";304;
0404042;"Lisewo (2)";369;
0404052;"Papowo Biskupie (2)";318;
0404062;"Stolno (2)";368;
0404072;"Unisław (2)";530;
0405011;"Golub-Dobrzyń (1)";807;
0405022;"Ciechocin (2)";297;
0405032;"Golub-Dobrzyń (2)";679;
0405043;"Kowalewo Pomorskie (3)";800;
0405052;"Radomin (2)";303;
0405062;"Zbójno (2)";364;
0406012;"Grudziądz (2)";960;
0406022;"Gruta (2)";457;
0406033;"Łasin (3)";578;
0406043;"Radzyń Chełmiński (3)";357;
0406052;"Rogóźno (2)";339;
0406062;"Świecie nad Osą (2)";330;
0407011;"Inowrocław (1)";4024;
0407022;"Dąbrowa Biskupia (2)";414;
0407033;"Gniewkowo (3)";926;
0407042;"Inowrocław (2)";831;
0407053;"Janikowo (3)";775;
0407063;"Kruszwica (3)";1208;
0407073;"Pakość (3)";675;
0407082;"Rojewo (2)";351;
0407092;"Złotniki Kujawskie (2)";581;
0408011;"Lipno (1)";972;
0408022;"Bobrowniki (2)";227;
0408032;"Chrostkowo (2)";218;
0408043;"Dobrzyń nad Wisłą (3)";599;
0408052;"Kikół (2)";524;
0408062;"Lipno (2)";957;
0408073;"Skępe (3)";603;
0408082;"Tłuchowo (2)";415;
0408092;"Wielgie (2)";579;
0409012;"Dąbrowa (2)";338;
0409022;"Jeziora Wielkie (2)";317;
0409033;"Mogilno (3)";1527;
0409043;"Strzelno (3)";761;
0410013;"Kcynia (3)";979;
0410023;"Mrocza (3)";665;
0410033;"Nakło nad Notecią (3)";2046;
0410042;"Sadki (2)";554;
0410053;"Szubin (3)";1778;
0411011;"Radziejów (1)";353;
0411022;"Bytoń (2)";251;
0411032;"Dobre (2)";340;
0411042;"Osięciny (2)";539;
0411053;"Piotrków Kujawski (3)";664;
0411062;"Radziejów (2)";326;
0411072;"Topólka (2)";376;
0412011;"Rypin (1)";1109;
0412022;"Brzuze (2)";392;
0412032;"Rogowo (2)";385;
0412042;"Rypin (2)";580;
0412052;"Skrwilno (2)";486;
0412062;"Wąpielsk (2)";289;
0413013;"Kamień Krajeński (3)";442;
0413023;"Sępólno Krajeńskie (3)";1021;
0413032;"Sośno (2)";356;
0413043;"Więcbork (3)";808;
0414012;"Bukowiec (2)";384;
0414022;"Dragacz (2)";486;
0414032;"Drzycim (2)";384;
0414042;"Jeżewo (2)";575;
0414052;"Lniano (2)";307;
0414063;"Nowe (3)";628;
0414072;"Osie (2)";397;
0414082;"Pruszcz (2)";663;
0414093;"Świecie (3)";2210;
0414102;"Świekatowo (2)";257;
0414112;"Warlubie (2)";438;
0415011;"Chełmża (1)";948;
0415022;"Chełmża (2)";732;
0415032;"Czernikowo (2)";680;
0415042;"Lubicz (2)";1521;
0415052;"Łubianka (2)";573;
0415062;"Łysomice (2)";776;
0415072;"Obrowo (2)";1500;
0415082;"Wielka Nieszawka (2)";334;
0415092;"Zławieś Wielka (2)";1116;
0416012;"Cekcyn (2)";546;
0416022;"Gostycyn (2)";389;
0416032;"Kęsowo (2)";317;
0416042;"Lubiewo (2)";473;
0416052;"Śliwice (2)";460;
0416063;"Tuchola (3)";1357;
0417011;"Wąbrzeźno (1)";871;
0417022;"Dębowa Łąka (2)";213;
0417032;"Książki (2)";263;
0417042;"Płużnica (2)";336;
0417052;"Ryńsk (2)";584;
0418011;"Kowal (1)";206;
0418022;"Baruchowo (2)";266;
0418032;"Boniewo (2)";248;
0418043;"Brześć Kujawski (3)";735;
0418052;"Choceń (2)";559;
0418063;"Chodecz (3)";384;
0418072;"Fabianki (2)";708;
0418083;"Izbica Kujawska (3)";512;
0418092;"Kowal (2)";276;
0418102;"Lubanie (2)";297;
0418113;"Lubień Kujawski (3)";488;
0418123;"Lubraniec (3)";621;
0418132;"Włocławek (2)";495;
0419013;"Barcin (3)";977;
0419022;"Gąsawa (2)";354;
0419033;"Janowiec Wielkopolski (3)";633;
0419043;"Łabiszyn (3)";777;
0419052;"Rogowo (2)";503;
0419063;"Żnin (3)";1568;
0461011;"Bydgoszcz (1)";17531;
0462011;"Grudziądz (1)";5566;
0463011;"Toruń (1)";10677;
0464011;"Włocławek (1)";5621;
0601011;"Międzyrzec Podlaski (1)";1177;
0601021;"Terespol (1)";335;
0601032;"Biała Podlaska (2)";1205;
0601042;"Drelów (2)";436;
0601052;"Janów Podlaski (2)";363;
0601062;"Kodeń (2)";203;
0601072;"Konstantynów (2)";325;
0601082;"Leśna Podlaska (2)";314;
0601092;"Łomazy (2)";340;
0601102;"Międzyrzec Podlaski (2)";884;
0601112;"Piszczac (2)";580;
0601122;"Rokitno (2)";219;
0601132;"Rossosz (2)";173;
0601142;"Sławatycze (2)";171;
0601152;"Sosnówka (2)";149;
0601162;"Terespol (2)";457;
0601172;"Tuczna (2)";200;
0601182;"Wisznice (2)";332;
0601192;"Zalesie (2)";342;
0602011;"Biłgoraj (1)";1664;
0602022;"Aleksandrów (2)";261;
0602032;"Biłgoraj (2)";1048;
0602042;"Biszcza (2)";288;
0602053;"Frampol (3)";393;
0602062;"Goraj (2)";251;
0602073;"Józefów (3)";409;
0602082;"Księżpol (2)";553;
0602092;"Łukowa (2)";313;
0602102;"Obsza (2)";318;
0602112;"Potok Górny (2)";346;
0602123;"Tarnogród (3)";496;
0602132;"Tereszpol (2)";249;
0602142;"Turobin (2)";368;
0603011;"Rejowiec Fabryczny (1)";259;
0603022;"Białopole (2)";185;
0603032;"Chełm (2)";1035;
0603042;"Dorohusk (2)";405;
0603052;"Dubienka (2)";127;
0603062;"Kamień (2)";319;
0603072;"Leśniowice (2)";285;
0603082;"Rejowiec Fabryczny (2)";299;
0603092;"Ruda-Huta (2)";314;
0603102;"Sawin (2)";401;
0603113;"Siedliszcze (3)";508;
0603122;"Wierzbica (2)";328;
0603132;"Wojsławice (2)";225;
0603142;"Żmudź (2)";217;
0603153;"Rejowiec (3)";405;
0604011;"Hrubieszów (1)";979;
0604022;"Dołhobyczów (2)";305;
0604032;"Horodło (2)";339;
0604042;"Hrubieszów (2)";637;
0604052;"Mircze (2)";369;
0604062;"Trzeszczany (2)";237;
0604072;"Uchanie (2)";282;
0604082;"Werbkowice (2)";556;
0605012;"Batorz (2)";256;
0605022;"Chrzanów (2)";206;
0605032;"Dzwola (2)";432;
0605042;"Godziszów (2)";371;
0605053;"Janów Lubelski (3)";1006;
0605063;"Modliborzyce (3)";432;
0605072;"Potok Wielki (2)";320;
0606011;"Krasnystaw (1)";925;
0606022;"Fajsławice (2)";287;
0606032;"Gorzków (2)";180;
0606042;"Izbica (2)";541;
0606052;"Krasnystaw (2)";499;
0606062;"Kraśniczyn (2)";194;
0606072;"Łopiennik Górny (2)";259;
0606092;"Rudnik (2)";183;
0606102;"Siennica Różana (2)";232;
0606112;"Żółkiewka (2)";303;
0607011;"Kraśnik (1)";1778;
0607023;"Annopol (3)";595;
0607032;"Dzierzkowice (2)";353;
0607042;"Gościeradów (2)";499;
0607052;"Kraśnik (2)";477;
0607062;"Szastarka (2)";407;
0607072;"Trzydnik Duży (2)";399;
0607083;"Urzędów (3)";605;
0607092;"Wilkołaz (2)";404;
0607102;"Zakrzówek (2)";418;
0608011;"Lubartów (1)";1317;
0608022;"Abramów (2)";288;
0608032;"Firlej (2)";469;
0608042;"Jeziorzany (2)";207;
0608052;"Kamionka (2)";511;
0608063;"Kock (3)";461;
0608072;"Lubartów (2)";915;
0608082;"Michów (2)";418;
0608092;"Niedźwiada (2)";492;
0608103;"Ostrów Lubelski (3)";332;
0608112;"Ostrówek (2)";321;
0608122;"Serniki (2)";360;
0608132;"Uścimów (2)";222;
0609013;"Bełżyce (3)";914;
0609022;"Borzechów (2)";263;
0609033;"Bychawa (3)";755;
0609042;"Garbów (2)";693;
0609052;"Głusk (2)";993;
0609062;"Jabłonna (2)";568;
0609072;"Jastków (2)";1034;
0609082;"Konopnica (2)";1100;
0609092;"Krzczonów (2)";264;
0609102;"Niedrzwica Duża (2)";941;
0609112;"Niemce (2)";1491;
0609122;"Strzyżewice (2)";554;
0609132;"Wojciechów (2)";471;
0609142;"Wólka (2)";988;
0609152;"Wysokie (2)";247;
0609162;"Zakrzew (2)";162;
0610012;"Cyców (2)";602;
0610022;"Ludwin (2)";473;
0610033;"Łęczna (3)";1445;
0610042;"Milejów (2)";596;
0610052;"Puchaczów (2)";426;
0610062;"Spiczyn (2)";425;
0611011;"Łuków (1)";2134;
0611021;"Stoczek Łukowski (1)";189;
0611032;"Adamów (2)";437;
0611042;"Krzywda (2)";908;
0611052;"Łuków (2)";1673;
0611062;"Serokomla (2)";318;
0611072;"Stanin (2)";871;
0611082;"Stoczek Łukowski (2)";602;
0611092;"Trzebieszów (2)";618;
0611102;"Wojcieszków (2)";616;
0611112;"Wola Mysłowska (2)";383;
0612012;"Chodel (2)";543;
0612023;"Józefów nad Wisłą (3)";532;
0612032;"Karczmiska (2)";369;
0612042;"Łaziska (2)";340;
0612053;"Opole Lubelskie (3)";1259;
0612063;"Poniatowa (3)";872;
0612072;"Wilków (2)";355;
0613012;"Dębowa Kłoda (2)";318;
0613022;"Jabłoń (2)";249;
0613032;"Milanów (2)";307;
0613043;"Parczew (3)";1021;
0613052;"Podedwórze (2)";101;
0613062;"Siemień (2)";314;
0613072;"Sosnowica (2)";157;
0614011;"Puławy (1)";2651;
0614022;"Baranów (2)";252;
0614032;"Janowiec (2)";249;
0614043;"Kazimierz Dolny (3)";402;
0614052;"Końskowola (2)";598;
0614062;"Kurów (2)";513;
0614072;"Markuszów (2)";229;
0614083;"Nałęczów (3)";531;
0614092;"Puławy (2)";775;
0614102;"Wąwolnica (2)";310;
0614112;"Żyrzyn (2)";416;
0615011;"Radzyń Podlaski (1)";1030;
0615022;"Borki (2)";495;
0615032;"Czemierniki (2)";325;
0615042;"Kąkolewnica (2)";675;
0615052;"Komarówka Podlaska (2)";297;
0615062;"Radzyń Podlaski (2)";668;
0615072;"Ulan-Majorat (2)";510;
0615082;"Wohyń (2)";458;
0616011;"Dęblin (1)";895;
0616022;"Kłoczew (2)";629;
0616032;"Nowodwór (2)";353;
0616043;"Ryki (3)";1385;
0616052;"Stężyca (2)";340;
0616062;"Ułęż (2)";189;
0617011;"Świdnik (1)";2224;
0617022;"Mełgiew (2)";682;
0617033;"Piaski (3)";686;
0617042;"Rybczewice (2)";221;
0617052;"Trawniki (2)";604;
0618011;"Tomaszów Lubelski (1)";1116;
0618022;"Bełżec (2)";211;
0618032;"Jarczów (2)";221;
0618042;"Krynice (2)";209;
0618053;"Lubycza Królewska (3)";362;
0618063;"Łaszczów (3)";348;
0618072;"Rachanie (2)";304;
0618082;"Susiec (2)";477;
0618092;"Tarnawatka (2)";307;
0618102;"Telatyn (2)";223;
0618112;"Tomaszów Lubelski (2)";770;
0618123;"Tyszowce (3)";352;
0618132;"Ulhówek (2)";254;
0619011;"Włodawa (1)";815;
0619022;"Hanna (2)";189;
0619032;"Hańsk (2)";267;
0619042;"Stary Brus (2)";166;
0619052;"Urszulin (2)";333;
0619062;"Włodawa (2)";404;
0619072;"Wola Uhruska (2)";263;
0619082;"Wyryki (2)";192;
0620012;"Adamów (2)";289;
0620022;"Grabowiec (2)";224;
0620032;"Komarów-Osada (2)";320;
0620043;"Krasnobród (3)";462;
0620052;"Łabunie (2)";449;
0620062;"Miączyn (2)";365;
0620072;"Nielisz (2)";353;
0620082;"Radecznica (2)";305;
0620092;"Sitno (2)";427;
0620102;"Skierbieszów (2)";311;
0620112;"Stary Zamość (2)";365;
0620122;"Sułów (2)";260;
0620133;"Szczebrzeszyn (3)";687;
0620142;"Zamość (2)";1606;
0620153;"Zwierzyniec (3)";354;
0661011;"Biała Podlaska (1)";3887;
0662011;"Chełm (1)";3329;
0663011;"Lublin (1)";19100;
0664011;"Zamość (1)";3662;
0801011;"Kostrzyn nad Odrą (1)";1018;
0801022;"Bogdaniec (2)";451;
0801032;"Deszczno (2)";685;
0801042;"Kłodawa (2)";625;
0801052;"Lubiszyn (2)";437;
0801062;"Santok (2)";573;
0801073;"Witnica (3)";791;
0802011;"Gubin (1)";768;
0802022;"Bobrowice (2)";152;
0802032;"Bytnica (2)";164;
0802042;"Dąbie (2)";293;
0802052;"Gubin (2)";383;
0802063;"Krosno Odrzańskie (3)";911;
0802072;"Maszewo (2)";148;
0803012;"Bledzew (2)";275;
0803023;"Międzyrzecz (3)";1468;
0803032;"Przytoczna (2)";366;
0803042;"Pszczew (2)";276;
0803053;"Skwierzyna (3)";678;
0803063;"Trzciel (3)";393;
0804011;"Nowa Sól (1)";1899;
0804023;"Bytom Odrzański (3)";347;
0804032;"Kolsko (2)";221;
0804043;"Kożuchów (3)";972;
0804052;"Nowa Sól (2)";466;
0804063;"Nowe Miasteczko (3)";366;
0804073;"Otyń (3)";452;
0804082;"Siedlisko (2)";273;
0805013;"Cybinka (3)";297;
0805022;"Górzyca (2)";238;
0805033;"Ośno Lubuskie (3)";376;
0805043;"Rzepin (3)";512;
0805053;"Słubice (3)";909;
0806013;"Dobiegniew (3)";411;
0806023;"Drezdenko (3)";1152;
0806032;"Stare Kurowo (2)";265;
0806043;"Strzelce Krajeńskie (3)";1027;
0806052;"Zwierzyn (2)";319;
0807012;"Krzeszyce (2)";316;
0807023;"Lubniewice (3)";132;
0807032;"Słońsk (2)";290;
0807043;"Sulęcin (3)";935;
0807053;"Torzym (3)";385;
0808012;"Lubrza (2)";231;
0808022;"Łagów (2)";250;
0808032;"Skąpe (2)";290;
0808042;"Szczaniec (2)";233;
0808053;"Świebodzin (3)";1830;
0808063;"Zbąszynek (3)";454;
0809013;"Babimost (3)";353;
0809022;"Bojadła (2)";184;
0809033;"Czerwieńsk (3)";687;
0809043;"Kargowa (3)";408;
0809053;"Nowogród Bobrzański (3)";539;
0809063;"Sulechów (3)";1497;
0809072;"Świdnica (2)";416;
0809082;"Trzebiechów (2)";235;
0809092;"Zabór (2)";287;
0810011;"Gozdnica (1)";156;
0810021;"Żagań (1)";1340;
0810032;"Brzeźnica (2)";257;
0810043;"Iłowa (3)";385;
0810053;"Małomice (3)";303;
0810062;"Niegosławice (2)";304;
0810073;"Szprotawa (3)";1177;
0810082;"Wymiarki (2)";118;
0810092;"Żagań (2)";421;
0811011;"Łęknica (1)";117;
0811021;"Żary (1)";1932;
0811032;"Brody (2)";194;
0811043;"Jasień (3)";379;
0811052;"Lipinki Łużyckie (2)";196;
0811063;"Lubsko (3)";992;
0811072;"Przewóz (2)";162;
0811082;"Trzebiel (2)";236;
0811092;"Tuplice (2)";146;
0811102;"Żary (2)";720;
0812013;"Sława (3)";882;
0812023;"Szlichtyngowa (3)";344;
0812033;"Wschowa (3)";1411;
0861011;"Gorzów Wielkopolski (1)";6711;
0862011;"Zielona Góra (1)";7812;
1001011;"Bełchatów (1)";3362;
1001022;"Bełchatów (2)";776;
1001032;"Drużbice (2)";350;
1001042;"Kleszczów (2)";548;
1001052;"Kluki (2)";279;
1001062;"Rusiec (2)";370;
1001072;"Szczerców (2)";603;
1001083;"Zelów (3)";1004;
1002011;"Kutno (1)";2106;
1002022;"Bedlno (2)";313;
1002032;"Dąbrowice (2)";120;
1002043;"Krośniewice (3)";523;
1002052;"Krzyżanów (2)";263;
1002062;"Kutno (2)";538;
1002072;"Łanięta (2)";156;
1002082;"Nowe Ostrowy (2)";200;
1002092;"Oporów (2)";174;
1002102;"Strzelce (2)";258;
1002113;"Żychlin (3)";653;
1003012;"Buczek (2)";366;
1003023;"Łask (3)";1728;
1003032;"Sędziejowice (2)";465;
1003042;"Widawa (2)";480;
1003052;"Wodzierady (2)";264;
1004011;"Łęczyca (1)";799;
1004022;"Daszyna (2)";253;
1004032;"Góra Świętej Małgorzaty (2)";330;
1004042;"Grabów (2)";368;
1004052;"Łęczyca (2)";550;
1004062;"Piątek (2)";424;
1004072;"Świnice Warckie (2)";249;
1004082;"Witonia (2)";195;
1005011;"Łowicz (1)";1773;
1005022;"Bielawy (2)";340;
1005032;"Chąśno (2)";205;
1005042;"Domaniewice (2)";353;
1005052;"Kiernozia (2)";232;
1005062;"Kocierzew Południowy (2)";328;
1005072;"Łowicz (2)";559;
1005082;"Łyszkowice (2)";503;
1005092;"Nieborów (2)";664;
1005102;"Zduny (2)";349;
1006022;"Andrespol (2)";888;
1006032;"Brójce (2)";545;
1006073;"Koluszki (3)";1505;
1006082;"Nowosolna (2)";365;
1006103;"Rzgów (3)";727;
1006113;"Tuszyn (3)";906;
1007012;"Białaczów (2)";423;
1007023;"Drzewica (3)";796;
1007032;"Mniszków (2)";377;
1007043;"Opoczno (3)";2363;
1007052;"Paradyż (2)";369;
1007062;"Poświętne (2)";250;
1007072;"Sławno (2)";592;
1007082;"Żarnów (2)";403;
1008011;"Konstantynów Łódzki (1)";1129;
1008021;"Pabianice (1)";3493;
1008032;"Dłutów (2)";368;
1008042;"Dobroń (2)";543;
1008052;"Ksawerów (2)";476;
1008062;"Lutomiersk (2)";619;
1008072;"Pabianice (2)";568;
1009013;"Działoszyn (3)";795;
1009022;"Kiełczygłów (2)";281;
1009032;"Nowa Brzeźnica (2)";306;
1009043;"Pajęczno (3)";809;
1009052;"Rząśnia (2)";360;
1009062;"Siemkowice (2)";351;
1009072;"Strzelce Wielkie (2)";301;
1009082;"Sulmierzyce (2)";288;
1010012;"Aleksandrów (2)";315;
1010022;"Czarnocin (2)";317;
1010032;"Gorzkowice (2)";582;
1010042;"Grabica (2)";508;
1010052;"Łęki Szlacheckie (2)";248;
1010062;"Moszczenica (2)";934;
1010072;"Ręczno (2)";254;
1010082;"Rozprza (2)";866;
1010093;"Sulejów (3)";1179;
1010102;"Wola Krzysztoporska (2)";881;
1010113;"Wolbórz (3)";583;
1011012;"Dalików (2)";311;
1011022;"Pęczniew (2)";236;
1011033;"Poddębice (3)";1079;
1011043;"Uniejów (3)";452;
1011052;"Wartkowice (2)";420;
1011062;"Zadzim (2)";334;
1012011;"Radomsko (1)";2625;
1012022;"Dobryszyce (2)";304;
1012032;"Gidle (2)";373;
1012042;"Gomunice (2)";358;
1012053;"Kamieńsk (3)";371;
1012062;"Kobiele Wielkie (2)";354;
1012072;"Kodrąb (2)";335;
1012082;"Lgota Wielka (2)";305;
1012092;"Ładzice (2)";330;
1012102;"Masłowice (2)";295;
1012113;"Przedbórz (3)";525;
1012122;"Radomsko (2)";399;
1012132;"Wielgomłyny (2)";327;
1012142;"Żytno (2)";334;
1013011;"Rawa Mazowiecka (1)";1120;
1013023;"Biała Rawska (3)";958;
1013032;"Cielądz (2)";330;
1013042;"Rawa Mazowiecka (2)";673;
1013052;"Regnów (2)";149;
1013062;"Sadkowice (2)";472;
1014011;"Sieradz (1)";2479;
1014023;"Błaszki (3)";1112;
1014032;"Brąszewice (2)";408;
1014042;"Brzeźnio (2)";426;
1014052;"Burzenin (2)";416;
1014062;"Goszczanów (2)";414;
1014072;"Klonowa (2)";238;
1014082;"Sieradz (2)";790;
1014093;"Warta (3)";850;
1014102;"Wróblew (2)";433;
1014113;"Złoczew (3)";573;
1015012;"Bolimów (2)";289;
1015022;"Głuchów (2)";450;
1015032;"Godzianów (2)";190;
1015042;"Kowiesy (2)";217;
1015052;"Lipce Reymontowskie (2)";222;
1015062;"Maków (2)";454;
1015072;"Nowy Kawęczyn (2)";236;
1015082;"Skierniewice (2)";557;
1015092;"Słupia (2)";203;
1016011;"Tomaszów Mazowiecki (1)";3855;
1016022;"Będków (2)";210;
1016032;"Budziszewice (2)";182;
1016042;"Czerniewice (2)";435;
1016052;"Inowłódz (2)";219;
1016062;"Lubochnia (2)";608;
1016072;"Rokiciny (2)";447;
1016082;"Rzeczyca (2)";361;
1016092;"Tomaszów Mazowiecki (2)";841;
1016102;"Ujazd (2)";550;
1016112;"Żelechlinek (2)";293;
1017012;"Biała (2)";405;
1017022;"Czarnożyły (2)";291;
1017032;"Konopnica (2)";244;
1017042;"Mokrsko (2)";389;
1017052;"Osjaków (2)";352;
1017062;"Ostrówek (2)";326;
1017072;"Pątnów (2)";486;
1017082;"Skomlin (2)";228;
1017093;"Wieluń (3)";1853;
1017102;"Wierzchlas (2)";434;
1018012;"Bolesławiec (2)";267;
1018022;"Czastary (2)";297;
1018032;"Galewice (2)";446;
1018042;"Lututów (2)";343;
1018052;"Łubnice (2)";289;
1018062;"Sokolniki (2)";390;
1018073;"Wieruszów (3)";1037;
1019011;"Zduńska Wola (1)";2485;
1019023;"Szadek (3)";508;
1019032;"Zapolice (2)";411;
1019042;"Zduńska Wola (2)";882;
1020011;"Głowno (1)";824;
1020021;"Ozorków (1)";1114;
1020031;"Zgierz (1)";3245;
1020043;"Aleksandrów Łódzki (3)";2219;
1020052;"Głowno (2)";340;
1020062;"Ozorków (2)";463;
1020072;"Parzęczew (2)";359;
1020083;"Stryków (3)";859;
1020092;"Zgierz (2)";939;
1021011;"Brzeziny (1)";843;
1021022;"Brzeziny (2)";473;
1021032;"Dmosin (2)";320;
1021042;"Jeżów (2)";272;
1021052;"Rogów (2)";348;
1061011;"Łódź (1)";32459;
1062011;"Piotrków Trybunalski (1)";4390;
1063011;"Skierniewice (1)";2915;
1201011;"Bochnia (1)";1898;
1201022;"Bochnia (2)";1447;
1201032;"Drwinia (2)";407;
1201042;"Lipnica Murowana (2)";435;
1201052;"Łapanów (2)";706;
1201063;"Nowy Wiśnicz (3)";1085;
1201072;"Rzezawa (2)";727;
1201082;"Trzciana (2)";452;
1201092;"Żegocina (2)";424;
1202012;"Borzęcin (2)";408;
1202023;"Brzesko (3)";2026;
1202033;"Czchów (3)";680;
1202042;"Dębno (2)";833;
1202052;"Gnojnik (2)";549;
1202062;"Iwkowa (2)";511;
1202072;"Szczurowa (2)";560;
1203013;"Alwernia (3)";785;
1203022;"Babice (2)";515;
1203033;"Chrzanów (3)";2364;
1203043;"Libiąż (3)";1271;
1203053;"Trzebinia (3)";1854;
1204012;"Bolesław (2)";124;
1204023;"Dąbrowa Tarnowska (3)";1433;
1204032;"Gręboszów (2)";136;
1204042;"Mędrzechów (2)";217;
1204052;"Olesno (2)";471;
1204062;"Radgoszcz (2)";536;
1204073;"Szczucin (3)";903;
1205011;"Gorlice (1)";1546;
1205023;"Biecz (3)";1087;
1205033;"Bobowa (3)";781;
1205042;"Gorlice (2)";1188;
1205052;"Lipinki (2)";478;
1205062;"Łużna (2)";670;
1205072;"Moszczenica (2)";386;
1205082;"Ropa (2)";463;
1205092;"Sękowa (2)";341;
1205102;"Uście Gorlickie (2)";589;
1206012;"Czernichów (2)";1073;
1206022;"Igołomia-Wawrzeńczyce (2)";568;
1206032;"Iwanowice (2)";710;
1206042;"Jerzmanowice-Przeginia (2)";799;
1206052;"Kocmyrzów-Luborzyca (2)";1114;
1206063;"Krzeszowice (3)";1984;
1206072;"Liszki (2)";1153;
1206082;"Michałowice (2)";859;
1206092;"Mogilany (2)";1168;
1206103;"Skała (3)";796;
1206113;"Skawina (3)";2795;
1206123;"Słomniki (3)";935;
1206132;"Sułoszowa (2)";445;
1206143;"Świątniki Górne (3)";791;
1206152;"Wielka Wieś (2)";964;
1206162;"Zabierzów (2)";1851;
1206172;"Zielonki (2)";1796;
1207011;"Limanowa (1)";1038;
1207021;"Mszana Dolna (1)";554;
1207032;"Dobra (2)";748;
1207042;"Jodłownik (2)";706;
1207052;"Kamienica (2)";514;
1207062;"Laskowa (2)";659;
1207072;"Limanowa (2)";1974;
1207082;"Łukowica (2)";832;
1207092;"Mszana Dolna (2)";1450;
1207102;"Niedźwiedź (2)";569;
1207112;"Słopnice (2)";510;
1207122;"Tymbark (2)";479;
1208012;"Charsznica (2)";453;
1208022;"Gołcza (2)";395;
1208032;"Kozłów (2)";296;
1208042;"Książ Wielki (2)";333;
1208053;"Miechów (3)";1312;
1208062;"Racławice (2)";173;
1208072;"Słaboszów (2)";247;
1209013;"Dobczyce (3)";1137;
1209022;"Lubień (2)";810;
1209033;"Myślenice (3)";3396;
1209042;"Pcim (2)";911;
1209052;"Raciechowice (2)";521;
1209062;"Siepraw (2)";703;
1209073;"Sułkowice (3)";1132;
1209082;"Tokarnia (2)";699;
1209092;"Wiśniowa (2)";625;
1210011;"Grybów (1)";430;
1210022;"Chełmiec (2)";2252;
1210032;"Gródek nad Dunajcem (2)";706;
1210042;"Grybów (2)";2015;
1210052;"Kamionka Wielka (2)";877;
1210062;"Korzenna (2)";1200;
1210073;"Krynica-Zdrój (3)";1082;
1210082;"Łabowa (2)";529;
1210092;"Łącko (2)";1416;
1210102;"Łososina Dolna (2)";925;
1210113;"Muszyna (3)";812;
1210122;"Nawojowa (2)";727;
1210133;"Piwniczna-Zdrój (3)";700;
1210142;"Podegrodzie (2)";1196;
1210152;"Rytro (2)";256;
1210163;"Stary Sącz (3)";1702;
1211011;"Nowy Targ (1)";2173;
1211023;"Szczawnica (3)";432;
1211032;"Czarny Dunajec (2)";1530;
1211042;"Czorsztyn (2)";534;
1211052;"Jabłonka (2)";1108;
1211062;"Krościenko nad Dunajcem (2)";476;
1211072;"Lipnica Wielka (2)";361;
1211082;"Łapsze Niżne (2)";665;
1211092;"Nowy Targ (2)";1858;
1211102;"Ochotnica Dolna (2)";652;
1211112;"Raba Wyżna (2)";1050;
1211123;"Rabka-Zdrój (3)";1039;
1211132;"Spytkowice (2)";360;
1211142;"Szaflary (2)";864;
1212011;"Bukowno (1)";473;
1212032;"Bolesław (2)";446;
1212042;"Klucze (2)";793;
1212053;"Olkusz (3)";2683;
1212062;"Trzyciąż (2)";505;
1212073;"Wolbrom (3)";1384;
1213011;"Oświęcim (1)";1926;
1213023;"Brzeszcze (3)";1234;
1213033;"Chełmek (3)";658;
1213043;"Kęty (3)";2124;
1213052;"Osiek (2)";559;
1213062;"Oświęcim (2)";1133;
1213072;"Polanka Wielka (2)";278;
1213082;"Przeciszów (2)";431;
1213093;"Zator (3)";578;
1214012;"Koniusza (2)";733;
1214022;"Koszyce (2)";378;
1214033;"Nowe Brzesko (3)";383;
1214042;"Pałecznica (2)";286;
1214053;"Proszowice (3)";1073;
1214062;"Radziemice (2)";240;
1215011;"Jordanów (1)";339;
1215021;"Sucha Beskidzka (1)";566;
1215032;"Budzów (2)";721;
1215042;"Bystra-Sidzina (2)";580;
1215052;"Jordanów (2)";849;
1215063;"Maków Podhalański (3)";1143;
1215072;"Stryszawa (2)";799;
1215082;"Zawoja (2)";715;
1215092;"Zembrzyce (2)";370;
1216013;"Ciężkowice (3)";839;
1216022;"Gromnik (2)";580;
1216032;"Lisia Góra (2)";1128;
1216042;"Pleśna (2)";760;
1216053;"Radłów (3)";559;
1216063;"Ryglice (3)";826;
1216072;"Rzepiennik Strzyżewski (2)";515;
1216082;"Skrzyszów (2)";997;
1216092;"Tarnów (2)";1710;
1216103;"Tuchów (3)";1184;
1216112;"Wierzchosławice (2)";622;
1216122;"Wietrzychowice (2)";188;
1216133;"Wojnicz (3)";745;
1216143;"Zakliczyn (3)";877;
1216153;"Żabno (3)";1097;
1216162;"Szerzyny (2)";566;
1217011;"Zakopane (1)";1461;
1217022;"Biały Dunajec (2)";598;
1217032;"Bukowina Tatrzańska (2)";1092;
1217042;"Kościelisko (2)";677;
1217052;"Poronin (2)";977;
1218013;"Andrychów (3)";2994;
1218022;"Brzeźnica (2)";744;
1218033;"Kalwaria Zebrzydowska (3)";1545;
1218042;"Lanckorona (2)";515;
1218052;"Mucharz (2)";304;
1218062;"Spytkowice (2)";715;
1218072;"Stryszów (2)";540;
1218082;"Tomice (2)";650;
1218093;"Wadowice (3)";2475;
1218102;"Wieprz (2)";989;
1219012;"Biskupice (2)";839;
1219022;"Gdów (2)";1436;
1219032;"Kłaj (2)";744;
1219043;"Niepołomice (3)";2203;
1219053;"Wieliczka (3)";4469;
1261011;"Kraków (1)";40625;
1262011;"Nowy Sącz (1)";5397;
1263011;"Tarnów (1)";5670;
1401013;"Białobrzegi (3)";824;
1401022;"Promna (2)";474;
1401032;"Radzanów (2)";358;
1401042;"Stara Błotnica (2)";520;
1401052;"Stromiec (2)";442;
1401063;"Wyśmierzyce (3)";227;
1402011;"Ciechanów (1)";2549;
1402022;"Ciechanów (2)";558;
1402033;"Glinojeck (3)";603;
1402042;"Gołymin-Ośrodek (2)";308;
1402052;"Grudusk (2)";289;
1402062;"Ojrzeń (2)";330;
1402072;"Opinogóra Górna (2)";445;
1402082;"Regimin (2)";375;
1402092;"Sońsk (2)";500;
1403011;"Garwolin (1)";1362;
1403021;"Łaskarzew (1)";392;
1403032;"Borowie (2)";374;
1403042;"Garwolin (2)";1164;
1403052;"Górzno (2)";576;
1403062;"Łaskarzew (2)";445;
1403072;"Maciejowice (2)";519;
1403082;"Miastków Kościelny (2)";369;
1403092;"Parysów (2)";386;
1403103;"Pilawa (3)";876;
1403112;"Sobolew (2)";650;
1403122;"Trojanów (2)";571;
1403132;"Wilga (2)";373;
1403143;"Żelechów (3)";690;
1404011;"Gostynin (1)";1045;
1404022;"Gostynin (2)";904;
1404032;"Pacyna (2)";209;
1404043;"Sanniki (3)";421;
1404052;"Szczawin Kościelny (2)";330;
1405011;"Milanówek (1)";1011;
1405021;"Podkowa Leśna (1)";213;
1405032;"Baranów (2)";417;
1405043;"Grodzisk Mazowiecki (3)";3662;
1405052;"Jaktorów (2)";929;
1405062;"Żabia Wola (2)";758;
1406012;"Belsk Duży (2)";447;
1406022;"Błędów (2)";574;
1406032;"Chynów (2)";840;
1406042;"Goszczyn (2)";250;
1406053;"Grójec (3)";1923;
1406062;"Jasieniec (2)";440;
1406073;"Mogielnica (3)";591;
1406083;"Nowe Miasto nad Pilicą (3)";473;
1406092;"Pniewy (2)";407;
1406113;"Warka (3)";1423;
1407012;"Garbatka-Letnisko (2)";299;
1407022;"Głowaczów (2)";492;
1407032;"Gniewoszów (2)";287;
1407042;"Grabów nad Pilicą (2)";325;
1407053;"Kozienice (3)";1634;
1407062;"Magnuszew (2)";590;
1407072;"Sieciechów (2)";239;
1408011;"Legionowo (1)";3496;
1408022;"Jabłonna (2)";1647;
1408032;"Nieporęt (2)";1136;
1408043;"Serock (3)";1194;
1408052;"Wieliszew (2)";1110;
1409012;"Chotcza (2)";172;
1409022;"Ciepielów (2)";450;
1409033;"Lipsko (3)";617;
1409042;"Rzeczniów (2)";270;
1409052;"Sienno (2)";399;
1409062;"Solec nad Wisłą (2)";266;
1410012;"Huszlew (2)";229;
1410023;"Łosice (3)";810;
1410032;"Olszanka (2)";233;
1410042;"Platerów (2)";356;
1410052;"Sarnaki (2)";302;
1410062;"Stara Kornica (2)";354;
1411011;"Maków Mazowiecki (1)";665;
1411022;"Czerwonka (2)";238;
1411032;"Karniewo (2)";413;
1411042;"Krasnosielc (2)";573;
1411052;"Młynarze (2)";141;
1411062;"Płoniawy-Bramura (2)";365;
1411073;"Różan (3)";318;
1411082;"Rzewnie (2)";195;
1411092;"Sypniewo (2)";233;
1411102;"Szelków (2)";275;
1412011;"Mińsk Mazowiecki (1)";3038;
1412042;"Cegłów (2)";401;
1412052;"Dębe Wielkie (2)";960;
1412062;"Dobre (2)";475;
1412073;"Halinów (3)";1441;
1412082;"Jakubów (2)";427;
1412093;"Kałuszyn (3)";473;
1412102;"Latowicz (2)";453;
1412112;"Mińsk Mazowiecki (2)";1295;
1412123;"Mrozy (3)";662;
1412132;"Siennica (2)";567;
1412142;"Stanisławów (2)";540;
1412151;"Sulejówek (1)";1407;
1413011;"Mława (1)";2180;
1413022;"Dzierzgowo (2)";215;
1413032;"Lipowiec Kościelny (2)";349;
1413042;"Radzanów (2)";265;
1413052;"Strzegowo (2)";554;
1413062;"Stupsk (2)";374;
1413072;"Szreńsk (2)";330;
1413082;"Szydłowo (2)";364;
1413092;"Wieczfnia Kościelna (2)";322;
1413102;"Wiśniewo (2)";435;
1414011;"Nowy Dwór Mazowiecki (1)";1854;
1414022;"Czosnów (2)";727;
1414032;"Leoncin (2)";394;
1414043;"Nasielsk (3)";1465;
1414052;"Pomiechówek (2)";601;
1414063;"Zakroczym (3)";400;
1415012;"Baranowo (2)";536;
1415022;"Czarnia (2)";230;
1415032;"Czerwin (2)";382;
1415042;"Goworowo (2)";635;
1415052;"Kadzidło (2)";970;
1415062;"Lelis (2)";850;
1415072;"Łyse (2)";742;
1415083;"Myszyniec (3)";957;
1415092;"Olszewo-Borki (2)";907;
1415102;"Rzekuń (2)";844;
1415112;"Troszyn (2)";371;
1416011;"Ostrów Mazowiecka (1)";1475;
1416022;"Andrzejewo (2)";276;
1416032;"Boguty-Pianki (2)";170;
1416043;"Brok (3)";208;
1416052;"Małkinia Górna (2)";767;
1416062;"Nur (2)";160;
1416072;"Ostrów Mazowiecka (2)";978;
1416082;"Stary Lubotyń (2)";302;
1416092;"Szulborze Wielkie (2)";118;
1416102;"Wąsewo (2)";340;
1416112;"Zaręby Kościelne (2)";263;
1417011;"Józefów (1)";1565;
1417021;"Otwock (1)";2929;
1417032;"Celestynów (2)";858;
1417043;"Karczew (3)";1085;
1417052;"Kołbiel (2)";631;
1417062;"Osieck (2)";291;
1417072;"Sobienie-Jeziory (2)";482;
1417082;"Wiązowna (2)";1142;
1418013;"Góra Kalwaria (3)";1945;
1418023;"Konstancin-Jeziorna (3)";1512;
1418032;"Lesznowola (2)";2485;
1418043;"Piaseczno (3)";6749;
1418052;"Prażmów (2)";894;
1418063;"Tarczyn (3)";900;
1419012;"Bielsk (2)";621;
1419022;"Bodzanów (2)";555;
1419032;"Brudzeń Duży (2)";581;
1419042;"Bulkowo (2)";405;
1419053;"Drobin (3)";638;
1419063;"Gąbin (3)";710;
1419072;"Łąck (2)";368;
1419082;"Mała Wieś (2)";412;
1419092;"Nowy Duninów (2)";279;
1419102;"Radzanowo (2)";621;
1419112;"Słubice (2)";369;
1419122;"Słupno (2)";579;
1419132;"Stara Biała (2)";837;
1419142;"Staroźreby (2)";534;
1419153;"Wyszogród (3)";391;
1420011;"Płońsk (1)";1400;
1420021;"Raciąż (1)";298;
1420032;"Baboszewo (2)";601;
1420042;"Czerwińsk nad Wisłą (2)";597;
1420052;"Dzierzążnia (2)";261;
1420062;"Joniec (2)";190;
1420072;"Naruszewo (2)";514;
1420082;"Nowe Miasto (2)";347;
1420092;"Płońsk (2)";617;
1420102;"Raciąż (2)";602;
1420112;"Sochocin (2)";444;
1420122;"Załuski (2)";440;
1421011;"Piastów (1)";1459;
1421021;"Pruszków (1)";3961;
1421033;"Brwinów (3)";2024;
1421042;"Michałowice (2)";1251;
1421052;"Nadarzyn (2)";1134;
1421062;"Raszyn (2)";1534;
1422011;"Przasnysz (1)";1247;
1422023;"Chorzele (3)";831;
1422032;"Czernice Borowe (2)";283;
1422042;"Jednorożec (2)";653;
1422052;"Krasne (2)";265;
1422062;"Krzynowłoga Mała (2)";307;
1422072;"Przasnysz (2)";594;
1423012;"Borkowice (2)";300;
1423022;"Gielniów (2)";300;
1423032;"Klwów (2)";309;
1423042;"Odrzywół (2)";248;
1423052;"Potworów (2)";400;
1423063;"Przysucha (3)";719;
1423072;"Rusinów (2)";339;
1423082;"Wieniawa (2)";436;
1424012;"Gzy (2)";272;
1424022;"Obryte (2)";368;
1424032;"Pokrzywnica (2)";438;
1424043;"Pułtusk (3)";1863;
1424052;"Świercze (2)";337;
1424062;"Winnica (2)";330;
1424072;"Zatory (2)";410;
1425011;"Pionki (1)";973;
1425022;"Gózd (2)";804;
1425033;"Iłża (3)";926;
1425042;"Jastrzębia (2)";557;
1425052;"Jedlińsk (2)";1332;
1425062;"Jedlnia-Letnisko (2)";984;
1425072;"Kowala (2)";1028;
1425082;"Pionki (2)";685;
1425092;"Przytyk (2)";660;
1425103;"Skaryszew (3)";1432;
1425112;"Wierzbica (2)";738;
1425122;"Wolanów (2)";779;
1425132;"Zakrzew (2)";1144;
1426012;"Domanice (2)";227;
1426022;"Korczew (2)";161;
1426032;"Kotuń (2)";637;
1426042;"Mokobody (2)";375;
1426053;"Mordy (3)";420;
1426062;"Paprotnia (2)";190;
1426072;"Przesmyki (2)";200;
1426082;"Siedlce (2)";1537;
1426092;"Skórzec (2)";692;
1426102;"Suchożebry (2)";370;
1426112;"Wiśniew (2)";417;
1426122;"Wodynie (2)";307;
1426132;"Zbuczyn (2)";851;
1427011;"Sierpc (1)";1158;
1427022;"Gozdowo (2)";473;
1427032;"Mochowo (2)";475;
1427042;"Rościszewo (2)";328;
1427052;"Sierpc (2)";571;
1427062;"Szczutowo (2)";308;
1427072;"Zawidz (2)";529;
1428011;"Sochaczew (1)";2252;
1428022;"Brochów (2)";327;
1428032;"Iłów (2)";466;
1428042;"Młodzieszyn (2)";429;
1428052;"Nowa Sucha (2)";511;
1428062;"Rybno (2)";277;
1428072;"Sochaczew (2)";904;
1428082;"Teresin (2)";770;
1429011;"Sokołów Podlaski (1)";1279;
1429022;"Bielany (2)";283;
1429032;"Ceranów (2)";142;
1429042;"Jabłonna Lacka (2)";243;
1429053;"Kosów Lacki (3)";389;
1429062;"Repki (2)";302;
1429072;"Sabnie (2)";229;
1429082;"Sokołów Podlaski (2)";412;
1429092;"Sterdyń (2)";210;
1430012;"Chlewiska (2)";379;
1430022;"Jastrząb (2)";410;
1430032;"Mirów (2)";315;
1430042;"Orońsko (2)";473;
1430053;"Szydłowiec (3)";1194;
1432013;"Błonie (3)";1468;
1432022;"Izabelin (2)";667;
1432032;"Kampinos (2)";293;
1432042;"Leszno (2)";749;
1432053;"Łomianki (3)";1953;
1432063;"Ożarów Mazowiecki (3)";1785;
1432072;"Stare Babice (2)";1408;
1433011;"Węgrów (1)";922;
1433022;"Grębków (2)";359;
1433032;"Korytnica (2)";480;
1433042;"Liw (2)";573;
1433053;"Łochów (3)";1446;
1433062;"Miedzna (2)";246;
1433072;"Sadowne (2)";455;
1433082;"Stoczek (2)";370;
1433092;"Wierzbno (2)";191;
1434011;"Kobyłka (1)";1988;
1434021;"Marki (1)";2962;
1434031;"Ząbki (1)";3266;
1434041;"Zielonka (1)";1227;
1434052;"Dąbrówka (2)";761;
1434062;"Jadów (2)";601;
1434072;"Klembów (2)";922;
1434082;"Poświętne (2)";563;
1434093;"Radzymin (3)";2491;
1434102;"Strachówka (2)";225;
1434113;"Tłuszcz (3)";1665;
1434123;"Wołomin (3)";3960;
1435012;"Brańszczyk (2)";577;
1435022;"Długosiodło (2)";677;
1435032;"Rząśnik (2)";658;
1435042;"Somianka (2)";479;
1435053;"Wyszków (3)";2900;
1435062;"Zabrodzie (2)";517;
1436012;"Kazanów (2)";392;
1436022;"Policzna (2)";357;
1436032;"Przyłęk (2)";470;
1436042;"Tczów (2)";436;
1436053;"Zwoleń (3)";1045;
1437013;"Bieżuń (3)";382;
1437022;"Kuczbork-Osada (2)";380;
1437032;"Lubowidz (2)";572;
1437042;"Lutocin (2)";391;
1437052;"Siemiątkowo (2)";300;
1437063;"Żuromin (3)";1033;
1438011;"Żyrardów (1)";2594;
1438023;"Mszczonów (3)";883;
1438032;"Puszcza Mariańska (2)";593;
1438042;"Radziejowice (2)";438;
1438052;"Wiskitki (2)";738;
1461011;"Ostrołęka (1)";3343;
1462011;"Płock (1)";6792;
1463011;"Radom (1)";13280;
1464011;"Siedlce (1)";5372;
1465011;"M.st.Warszawa od 2002 (1)";98132;
1601011;"Brzeg (1)";1858;
1601022;"Skarbimierz (2)";524;
1601033;"Grodków (3)";1022;
1601043;"Lewin Brzeski (3)";716;
1601052;"Lubsza (2)";514;
1601062;"Olszanka (2)";276;
1602013;"Baborów (3)";275;
1602022;"Branice (2)";264;
1602033;"Głubczyce (3)";1177;
1602043;"Kietrz (3)";509;
1603011;"Kędzierzyn-Koźle (1)";2682;
1603022;"Bierawa (2)";361;
1603032;"Cisek (2)";260;
1603042;"Pawłowiczki (2)";304;
1603052;"Polska Cerekiew (2)";161;
1603062;"Reńska Wieś (2)";317;
1604013;"Byczyna (3)";590;
1604023;"Kluczbork (3)";1737;
1604032;"Lasowice Wielkie (2)";270;
1604043;"Wołczyn (3)";1029;
1605013;"Gogolin (3)";607;
1605023;"Krapkowice (3)";1034;
1605032;"Strzeleczki (2)";344;
1605042;"Walce (2)";215;
1605053;"Zdzieszowice (3)";689;
1606012;"Domaszowice (2)";230;
1606023;"Namysłów (3)";1437;
1606032;"Pokój (2)";271;
1606042;"Świerczów (2)";176;
1606052;"Wilków (2)";286;
1607013;"Głuchołazy (3)";1073;
1607022;"Kamiennik (2)";224;
1607033;"Korfantów (3)";423;
1607042;"Łambinowice (2)";383;
1607053;"Nysa (3)";2765;
1607063;"Otmuchów (3)";724;
1607073;"Paczków (3)";666;
1607082;"Pakosławice (2)";165;
1607092;"Skoroszyce (2)";361;
1608013;"Dobrodzień (3)";464;
1608023;"Gorzów Śląski (3)";338;
1608033;"Olesno (3)";779;
1608043;"Praszka (3)";749;
1608052;"Radłów (2)";193;
1608062;"Rudniki (2)";516;
1608072;"Zębowice (2)";149;
1609012;"Chrząstowice (2)";365;
1609022;"Dąbrowa (2)";409;
1609032;"Dobrzeń Wielki (2)";497;
1609042;"Komprachcice (2)";430;
1609052;"Łubniany (2)";571;
1609062;"Murów (2)";251;
1609073;"Niemodlin (3)";744;
1609083;"Ozimek (3)";850;
1609092;"Popielów (2)";390;
1609103;"Prószków (3)";426;
1609112;"Tarnów Opolski (2)";399;
1609123;"Tułowice (3)";241;
1609132;"Turawa (2)";478;
1610013;"Biała (3)";465;
1610023;"Głogówek (3)";698;
1610032;"Lubrza (2)";251;
1610043;"Prudnik (3)";1385;
1611012;"Izbicko (2)";238;
1611022;"Jemielnica (2)";324;
1611033;"Kolonowskie (3)";245;
1611043;"Leśnica (3)";364;
1611053;"Strzelce Opolskie (3)";1476;
1611063;"Ujazd (3)";327;
1611073;"Zawadzkie (3)";461;
1661011;"Opole (1)";6039;
1801032;"Czarna (2)";146;
1801052;"Lutowiska (2)";132;
1801083;"Ustrzyki Dolne (3)";1084;
1802013;"Brzozów (3)";1731;
1802022;"Domaradz (2)";430;
1802032;"Dydnia (2)";539;
1802042;"Haczów (2)";645;
1802052;"Jasienica Rosielna (2)";612;
1802062;"Nozdrzec (2)";530;
1803011;"Dębica (1)";2670;
1803023;"Brzostek (3)";952;
1803032;"Czarna (2)";944;
1803042;"Dębica (2)";1751;
1803052;"Jodłowa (2)";380;
1803063;"Pilzno (3)";1328;
1803072;"Żyraków (2)";1000;
1804011;"Jarosław (1)";2040;
1804021;"Radymno (1)";287;
1804032;"Chłopice (2)";337;
1804042;"Jarosław (2)";914;
1804052;"Laszki (2)";462;
1804062;"Pawłosiów (2)";567;
1804073;"Pruchnik (3)";691;
1804082;"Radymno (2)";773;
1804092;"Rokietnica (2)";300;
1804102;"Roźwienica (2)";441;
1804112;"Wiązownica (2)";845;
1805011;"Jasło (1)";1901;
1805022;"Brzyska (2)";494;
1805032;"Dębowiec (2)";615;
1805042;"Jasło (2)";1056;
1805053;"Kołaczyce (3)";605;
1805062;"Krempna (2)";118;
1805072;"Nowy Żmigród (2)";584;
1805082;"Osiek Jasielski (2)";370;
1805092;"Skołyszyn (2)";812;
1805112;"Tarnowiec (2)";621;
1806012;"Cmolas (2)";555;
1806023;"Kolbuszowa (3)";1517;
1806032;"Majdan Królewski (2)";706;
1806042;"Niwiska (2)";454;
1806052;"Raniżów (2)";502;
1806062;"Dzikowiec (2)";425;
1807012;"Chorkówka (2)";897;
1807023;"Dukla (3)";980;
1807033;"Iwonicz-Zdrój (3)";706;
1807043;"Jedlicze (3)";1043;
1807052;"Korczyna (2)";809;
1807062;"Krościenko Wyżne (2)";384;
1807072;"Miejsce Piastowe (2)";826;
1807083;"Rymanów (3)";1022;
1807092;"Wojaszówka (2)";623;
1807102;"Jaśliska (2)";157;
1808011;"Leżajsk (1)";759;
1808022;"Grodzisko Dolne (2)";520;
1808032;"Kuryłówka (2)";409;
1808042;"Leżajsk (2)";1431;
1808053;"Nowa Sarzyna (3)";1484;
1809011;"Lubaczów (1)";691;
1809023;"Cieszanów (3)";380;
1809032;"Horyniec-Zdrój (2)";262;
1809042;"Lubaczów (2)";570;
1809053;"Narol (3)";518;
1809063;"Oleszyce (3)";427;
1809072;"Stary Dzików (2)";316;
1809082;"Wielkie Oczy (2)";259;
1810011;"Łańcut (1)";1076;
1810022;"Białobrzegi (2)";696;
1810032;"Czarna (2)";906;
1810042;"Łańcut (2)";1710;
1810052;"Markowa (2)";503;
1810062;"Rakszawa (2)";548;
1810072;"Żołynia (2)";517;
1811011;"Mielec (1)";3421;
1811022;"Borowa (2)";389;
1811032;"Czermin (2)";493;
1811042;"Gawłuszowice (2)";192;
1811052;"Mielec (2)";917;
1811062;"Padew Narodowa (2)";361;
1811073;"Przecław (3)";877;
1811083;"Radomyśl Wielki (3)";1076;
1811092;"Tuszów Narodowy (2)";559;
1811102;"Wadowice Górne (2)";559;
1812012;"Harasiuki (2)";376;
1812022;"Jarocin (2)";307;
1812032;"Jeżowe (2)";781;
1812042;"Krzeszów (2)";256;
1812053;"Nisko (3)";1274;
1812063;"Rudnik nad Sanem (3)";595;
1812073;"Ulanów (3)";440;
1813012;"Bircza (2)";437;
1813022;"Dubiecko (2)";655;
1813032;"Fredropol (2)";361;
1813042;"Krasiczyn (2)";371;
1813052;"Krzywcza (2)";324;
1813062;"Medyka (2)";410;
1813072;"Orły (2)";651;
1813082;"Przemyśl (2)";736;
1813092;"Stubno (2)";285;
1813102;"Żurawica (2)";833;
1814011;"Przeworsk (1)";961;
1814022;"Adamówka (2)";295;
1814032;"Gać (2)";347;
1814042;"Jawornik Polski (2)";290;
1814053;"Kańczuga (3)";831;
1814062;"Przeworsk (2)";1021;
1814073;"Sieniawa (3)";468;
1814082;"Tryńcza (2)";655;
1814092;"Zarzecze (2)";517;
1815012;"Iwierzyce (2)";551;
1815022;"Ostrów (2)";516;
1815033;"Ropczyce (3)";2109;
1815043;"Sędziszów Małopolski (3)";1707;
1815052;"Wielopole Skrzyńskie (2)";610;
1816011;"Dynów (1)";391;
1816023;"Błażowa (3)";718;
1816033;"Boguchwała (3)";1506;
1816042;"Chmielnik (2)";519;
1816052;"Dynów (2)";458;
1816063;"Głogów Małopolski (3)";1563;
1816072;"Hyżne (2)";520;
1816082;"Kamień (2)";469;
1816092;"Krasne (2)";933;
1816102;"Lubenia (2)";479;
1816113;"Sokołów Małopolski (3)";1321;
1816122;"Świlcza (2)";1110;
1816132;"Trzebownisko (2)";1686;
1816143;"Tyczyn (3)";932;
1817011;"Sanok (1)";1936;
1817022;"Besko (2)";326;
1817032;"Bukowsko (2)";444;
1817042;"Komańcza (2)";224;
1817052;"Sanok (2)";1330;
1817062;"Tyrawa Wołoska (2)";162;
1817073;"Zagórz (3)";849;
1817082;"Zarszyn (2)";611;
1818011;"Stalowa Wola (1)";3100;
1818022;"Bojanów (2)";506;
1818032;"Pysznica (2)";677;
1818042;"Radomyśl nad Sanem (2)";403;
1818053;"Zaklików (3)";522;
1818062;"Zaleszany (2)";720;
1819012;"Czudec (2)";821;
1819022;"Frysztak (2)";716;
1819032;"Niebylec (2)";739;
1819043;"Strzyżów (3)";1337;
1819052;"Wiśniowa (2)";563;
1820013;"Baranów Sandomierski (3)";751;
1820022;"Gorzyce (2)";775;
1820032;"Grębów (2)";686;
1820043;"Nowa Dęba (3)";943;
1821012;"Baligród (2)";191;
1821022;"Cisna (2)";104;
1821033;"Lesko (3)";624;
1821042;"Olszanica (2)";292;
1821052;"Solina (2)";337;
1861011;"Krosno (1)";2635;
1862011;"Przemyśl (1)";3386;
1863011;"Rzeszów (1)";11310;
1864011;"Tarnobrzeg (1)";2429;
2001011;"Augustów (1)";1798;
2001022;"Augustów (2)";513;
2001032;"Bargłów Kościelny (2)";396;
2001043;"Lipsk (3)";279;
2001052;"Nowinka (2)";194;
2001062;"Płaska (2)";175;
2001072;"Sztabin (2)";342;
2002013;"Choroszcz (3)";1055;
2002023;"Czarna Białostocka (3)";674;
2002032;"Dobrzyniewo Duże (2)";704;
2002042;"Gródek (2)";292;
2002052;"Juchnowiec Kościelny (2)";1191;
2002063;"Łapy (3)";1284;
2002073;"Michałowo (3)";338;
2002082;"Poświętne (2)";228;
2002093;"Supraśl (3)";1041;
2002103;"Suraż (3)";140;
2002112;"Turośń Kościelna (2)";457;
2002123;"Tykocin (3)";405;
2002133;"Wasilków (3)";1229;
2002143;"Zabłudów (3)";644;
2002152;"Zawady (2)";183;
2003011;"Bielsk Podlaski (1)";1466;
2003021;"Brańsk (1)";252;
2003032;"Bielsk Podlaski (2)";354;
2003042;"Boćki (2)";244;
2003052;"Brańsk (2)";381;
2003062;"Orla (2)";117;
2003072;"Rudka (2)";107;
2003082;"Wyszki (2)";267;
2004011;"Grajewo (1)";1415;
2004022;"Grajewo (2)";431;
2004032;"Radziłów (2)";356;
2004043;"Rajgród (3)";362;
2004053;"Szczuczyn (3)";430;
2004062;"Wąsosz (2)";269;
2005011;"Hajnówka (1)";1140;
2005022;"Białowieża (2)";75;
2005032;"Czeremcha (2)";135;
2005042;"Czyże (2)";89;
2005052;"Dubicze Cerkiewne (2)";63;
2005062;"Hajnówka (2)";212;
2005073;"Kleszczele (3)";102;
2005082;"Narew (2)";174;
2005092;"Narewka (2)";150;
2006011;"Kolno (1)";615;
2006022;"Grabowo (2)";259;
2006032;"Kolno (2)";662;
2006042;"Mały Płock (2)";347;
2006053;"Stawiski (3)";446;
2006062;"Turośl (2)";463;
2007013;"Jedwabne (3)";392;
2007022;"Łomża (2)";783;
2007032;"Miastkowo (2)";364;
2007043;"Nowogród (3)";278;
2007052;"Piątnica (2)";740;
2007062;"Przytuły (2)";155;
2007072;"Śniadowo (2)";384;
2007082;"Wizna (2)";274;
2007092;"Zbójna (2)";324;
2008013;"Goniądz (3)";294;
2008022;"Jasionówka (2)";175;
2008032;"Jaświły (2)";275;
2008043;"Knyszyn (3)";275;
2008052;"Krypno (2)";256;
2008063;"Mońki (3)";939;
2008072;"Trzcianne (2)";261;
2009011;"Sejny (1)";304;
2009022;"Giby (2)";182;
2009032;"Krasnopol (2)";274;
2009042;"Puńsk (2)";280;
2009052;"Sejny (2)";300;
2010011;"Siemiatycze (1)";851;
2010023;"Drohiczyn (3)";332;
2010032;"Dziadkowice (2)";162;
2010042;"Grodzisk (2)";232;
2010052;"Mielnik (2)";109;
2010062;"Milejczyce (2)";82;
2010072;"Nurzec-Stacja (2)";199;
2010082;"Perlejewo (2)";163;
2010092;"Siemiatycze (2)";328;
2011013;"Dąbrowa Białostocka (3)";677;
2011022;"Janów (2)";261;
2011032;"Korycin (2)";212;
2011043;"Krynki (3)";157;
2011052;"Kuźnica (2)";223;
2011062;"Nowy Dwór (2)";155;
2011072;"Sidra (2)";189;
2011083;"Sokółka (3)";1588;
2011093;"Suchowola (3)";456;
2011102;"Szudziałowo (2)";156;
2012012;"Bakałarzewo (2)";220;
2012022;"Filipów (2)";326;
2012032;"Jeleniewo (2)";249;
2012042;"Przerośl (2)";218;
2012052;"Raczki (2)";410;
2012062;"Rutka-Tartak (2)";185;
2012072;"Suwałki (2)";553;
2012082;"Szypliszki (2)";310;
2012092;"Wiżajny (2)";163;
2013011;"Wysokie Mazowieckie (1)";646;
2013023;"Ciechanowiec (3)";505;
2013033;"Czyżew (3)";459;
2013042;"Klukowo (2)";306;
2013052;"Kobylin-Borzymy (2)";214;
2013062;"Kulesze Kościelne (2)";219;
2013072;"Nowe Piekuty (2)";269;
2013082;"Sokoły (2)";389;
2013093;"Szepietowo (3)";512;
2013102;"Wysokie Mazowieckie (2)";417;
2014011;"Zambrów (1)";1325;
2014022;"Kołaki Kościelne (2)";167;
2014032;"Rutki (2)";391;
2014042;"Szumowo (2)";366;
2014052;"Zambrów (2)";673;
2061011;"Białystok (1)";17722;
2062011;"Łomża (1)";3907;
2063011;"Suwałki (1)";4485;
2201012;"Borzytuchom (2)";247;
2201023;"Bytów (3)";1824;
2201032;"Czarna Dąbrówka (2)";483;
2201042;"Kołczygłowy (2)";307;
2201052;"Lipnica (2)";405;
2201063;"Miastko (3)";1178;
2201072;"Parchowo (2)";324;
2201082;"Studzienice (2)";274;
2201092;"Trzebielino (2)";266;
2201102;"Tuchomie (2)";322;
2202011;"Chojnice (1)";2598;
2202023;"Brusy (3)";1267;
2202032;"Chojnice (2)";1385;
2202043;"Czersk (3)";1705;
2202052;"Konarzyny (2)";180;
2203011;"Człuchów (1)";768;
2203023;"Czarne (3)";559;
2203032;"Człuchów (2)";815;
2203043;"Debrzno (3)";607;
2203052;"Koczała (2)";200;
2203062;"Przechlewo (2)";417;
2203072;"Rzeczenica (2)";224;
2204011;"Pruszcz Gdański (1)";2285;
2204022;"Cedry Wielkie (2)";516;
2204032;"Kolbudy (2)";1358;
2204042;"Pruszcz Gdański (2)";2584;
2204052;"Przywidz (2)";416;
2204062;"Pszczółki (2)";759;
2204072;"Suchy Dąb (2)";327;
2204082;"Trąbki Wielkie (2)";847;
2205012;"Chmielno (2)";758;
2205023;"Kartuzy (3)";3410;
2205032;"Przodkowo (2)";974;
2205042;"Sierakowice (2)";2150;
2205052;"Somonino (2)";1078;
2205062;"Stężyca (2)";1063;
2205072;"Sulęczyno (2)";561;
2205083;"Żukowo (3)";3483;
2206011;"Kościerzyna (1)";1751;
2206022;"Dziemiany (2)";363;
2206032;"Karsin (2)";522;
2206042;"Kościerzyna (2)";1360;
2206052;"Liniewo (2)";387;
2206062;"Lipusz (2)";315;
2206072;"Nowa Karczma (2)";691;
2206082;"Stara Kiszewa (2)";567;
2207011;"Kwidzyn (1)";2359;
2207022;"Gardeja (2)";615;
2207032;"Kwidzyn (2)";826;
2207043;"Prabuty (3)";855;
2207052;"Ryjewo (2)";407;
2207062;"Sadlinki (2)";433;
2208011;"Lębork (1)";2160;
2208021;"Łeba (1)";169;
2208032;"Cewice (2)";699;
2208042;"Nowa Wieś Lęborska (2)";1016;
2208052;"Wicko (2)";443;
2209011;"Malbork (1)";2249;
2209032;"Lichnowy (2)";333;
2209042;"Malbork (2)";327;
2209062;"Miłoradz (2)";236;
2209073;"Nowy Staw (3)";530;
2209082;"Stare Pole (2)";336;
2210011;"Krynica Morska (1)";67;
2210023;"Nowy Dwór Gdański (3)";1185;
2210032;"Ostaszewo (2)";209;
2210042;"Stegna (2)";646;
2210052;"Sztutowo (2)";218;
2211011;"Hel (1)";169;
2211023;"Jastarnia (3)";232;
2211031;"Puck (1)";752;
2211043;"Władysławowo (3)";1062;
2211052;"Kosakowo (2)";1172;
2211062;"Krokowa (2)";863;
2211072;"Puck (2)";2231;
2212011;"Ustka (1)";659;
2212022;"Damnica (2)";380;
2212032;"Dębnica Kaszubska (2)";654;
2212042;"Główczyce (2)";669;
2212053;"Kępice (3)";521;
2212062;"Kobylnica (2)";852;
2212072;"Potęgowo (2)";486;
2212082;"Słupsk (2)";1228;
2212092;"Smołdzino (2)";192;
2212102;"Ustka (2)";529;
2213013;"Czarna Woda (3)";212;
2213021;"Skórcz (1)";258;
2213031;"Starogard Gdański (1)";3099;
2213042;"Bobowo (2)";243;
2213052;"Kaliska (2)";408;
2213062;"Lubichowo (2)";561;
2213072;"Osieczna (2)";207;
2213082;"Osiek (2)";140;
2213093;"Skarszewy (3)";1114;
2213102;"Skórcz (2)";329;
2213112;"Smętowo Graniczne (2)";347;
2213122;"Starogard Gdański (2)";1310;
2213132;"Zblewo (2)";993;
2214011;"Tczew (1)";3815;
2214023;"Gniew (3)";1019;
2214032;"Morzeszczyn (2)";247;
2214043;"Pelplin (3)";1082;
2214052;"Subkowy (2)";434;
2214062;"Tczew (2)";1181;
2215011;"Reda (1)";1950;
2215021;"Rumia (1)";3130;
2215031;"Wejherowo (1)";3447;
2215042;"Choczewo (2)";386;
2215052;"Gniewino (2)";609;
2215062;"Linia (2)";595;
2215072;"Luzino (2)";1555;
2215082;"Łęczyce (2)";1069;
2215092;"Szemud (2)";1696;
2215102;"Wejherowo (2)";2418;
2216013;"Dzierzgoń (3)";631;
2216022;"Mikołajki Pomorskie (2)";281;
2216032;"Stary Dzierzgoń (2)";251;
2216042;"Stary Targ (2)";397;
2216053;"Sztum (3)";1145;
2261011;"Gdańsk (1)";24769;
2262011;"Gdynia (1)";12573;
2263011;"Słupsk (1)";4671;
2264011;"Sopot (1)";1279;
2401011;"Będzin (1)";2988;
2401021;"Czeladź (1)";1455;
2401031;"Wojkowice (1)";448;
2401042;"Bobrowniki (2)";622;
2401052;"Mierzęcice (2)";459;
2401062;"Psary (2)";644;
2401073;"Siewierz (3)";804;
2401081;"Sławków (1)";397;
2402011;"Szczyrk (1)";354;
2402022;"Bestwina (2)";774;
2402032;"Buczkowice (2)";754;
2402043;"Czechowice-Dziedzice (3)";2752;
2402052;"Jasienica (2)";1880;
2402062;"Jaworze (2)";426;
2402072;"Kozy (2)";874;
2402082;"Porąbka (2)";996;
2402093;"Wilamowice (3)";1276;
2402102;"Wilkowice (2)";701;
2403011;"Cieszyn (1)";1804;
2403021;"Ustroń (1)";891;
2403031;"Wisła (1)";671;
2403042;"Brenna (2)";791;
2403052;"Chybie (2)";712;
2403062;"Dębowiec (2)";408;
2403072;"Goleszów (2)";789;
2403082;"Hażlach (2)";667;
2403092;"Istebna (2)";1022;
2403103;"Skoczów (3)";1790;
2403113;"Strumień (3)";938;
2403122;"Zebrzydowice (2)";806;
2404013;"Blachownia (3)";789;
2404022;"Dąbrowa Zielona (2)";221;
2404032;"Janów (2)";394;
2404042;"Kamienica Polska (2)";362;
2404052;"Kłomnice (2)";771;
2404063;"Koniecpol (3)";596;
2404072;"Konopiska (2)";668;
2404082;"Kruszyna (2)";319;
2404092;"Lelów (2)";300;
2404102;"Mstów (2)";694;
2404112;"Mykanów (2)";1102;
2404122;"Olsztyn (2)";575;
2404132;"Poczesna (2)";781;
2404142;"Przyrów (2)";224;
2404152;"Rędziny (2)";636;
2404162;"Starcza (2)";195;
2405011;"Knurów (1)";2222;
2405021;"Pyskowice (1)";930;
2405032;"Gierałtowice (2)";830;
2405042;"Pilchowice (2)";755;
2405052;"Rudziniec (2)";563;
2405063;"Sośnicowice (3)";537;
2405073;"Toszek (3)";474;
2405082;"Wielowieś (2)";308;
2406013;"Kłobuck (3)";1316;
2406023;"Krzepice (3)";517;
2406032;"Lipie (2)";427;
2406042;"Miedźno (2)";561;
2406052;"Opatów (2)";475;
2406062;"Panki (2)";326;
2406072;"Popów (2)";398;
2406082;"Przystajń (2)";393;
2406092;"Wręczyca Wielka (2)";1196;
2407011;"Lubliniec (1)";1436;
2407022;"Boronów (2)";227;
2407032;"Ciasna (2)";383;
2407042;"Herby (2)";410;
2407052;"Kochanowice (2)";425;
2407062;"Koszęcin (2)";808;
2407072;"Pawonków (2)";410;
2407083;"Woźniki (3)";632;
2408011;"Łaziska Górne (1)";1326;
2408021;"Mikołów (1)";2391;
2408031;"Orzesze (1)";1475;
2408042;"Ornontowice (2)";429;
2408052;"Wyry (2)";635;
2409011;"Myszków (1)";1847;
2409023;"Koziegłowy (3)";995;
2409032;"Niegowa (2)";436;
2409042;"Poraj (2)";581;
2409053;"Żarki (3)";595;
2410012;"Goczałkowice-Zdrój (2)";451;
2410022;"Kobiór (2)";326;
2410032;"Miedźna (2)";1133;
2410042;"Pawłowice (2)";1273;
2410053;"Pszczyna (3)";3900;
2410062;"Suszec (2)";952;
2411011;"Racibórz (1)";2489;
2411022;"Kornowac (2)";331;
2411033;"Krzanowice (3)";233;
2411042;"Krzyżanowice (2)";478;
2411053;"Kuźnia Raciborska (3)";542;
2411062;"Nędza (2)";360;
2411072;"Pietrowice Wielkie (2)";296;
2411082;"Rudnik (2)";264;
2412013;"Czerwionka-Leszczyny (3)";2577;
2412022;"Gaszowice (2)";686;
2412032;"Jejkowice (2)";299;
2412042;"Lyski (2)";568;
2412052;"Świerklany (2)";908;
2413011;"Kalety (1)";460;
2413021;"Miasteczko Śląskie (1)";438;
2413031;"Radzionków (1)";945;
2413041;"Tarnowskie Góry (1)";3442;
2413052;"Krupski Młyn (2)";167;
2413062;"Ożarowice (2)";368;
2413072;"Świerklaniec (2)";757;
2413082;"Tworóg (2)";458;
2413092;"Zbrosławice (2)";944;
2414011;"Bieruń (1)";1183;
2414021;"Imielin (1)";593;
2414031;"Lędziny (1)";1078;
2414042;"Bojszowy (2)";570;
2414052;"Chełm Śląski (2)";361;
2415011;"Pszów (1)";731;
2415021;"Radlin (1)";1063;
2415031;"Rydułtowy (1)";1246;
2415041;"Wodzisław Śląski (1)";2552;
2415052;"Godów (2)";809;
2415062;"Gorzyce (2)";1292;
2415072;"Lubomia (2)";473;
2415082;"Marklowice (2)";348;
2415092;"Mszana (2)";532;
2416011;"Poręba (1)";460;
2416021;"Zawiercie (1)";2733;
2416032;"Irządze (2)";167;
2416042;"Kroczyce (2)";431;
2416053;"Łazy (3)";823;
2416063;"Ogrodzieniec (3)";486;
2416073;"Pilica (3)";494;
2416083;"Szczekociny (3)";455;
2416092;"Włodowice (2)";306;
2416102;"Żarnowiec (2)";366;
2417011;"Żywiec (1)";1820;
2417022;"Czernichów (2)";401;
2417032;"Gilowice (2)";436;
2417042;"Jeleśnia (2)";807;
2417052;"Koszarawa (2)";151;
2417062;"Lipowa (2)";746;
2417072;"Łękawica (2)";301;
2417082;"Łodygowice (2)";967;
2417092;"Milówka (2)";688;
2417102;"Radziechowy-Wieprz (2)";893;
2417112;"Rajcza (2)";563;
2417122;"Ślemień (2)";218;
2417132;"Świnna (2)";570;
2417142;"Ujsoły (2)";300;
2417152;"Węgierska Górka (2)";1041;
2461011;"Bielsko-Biała (1)";9249;
2462011;"Bytom (1)";8589;
2463011;"Chorzów (1)";5826;
2464011;"Częstochowa (1)";11383;
2465011;"Dąbrowa Górnicza (1)";5886;
2466011;"Gliwice (1)";8940;
2467011;"Jastrzębie-Zdrój (1)";4708;
2468011;"Jaworzno (1)";4702;
2469011;"Katowice (1)";13176;
2470011;"Mysłowice (1)";4192;
2471011;"Piekary Śląskie (1)";2847;
2472011;"Ruda Śląska (1)";7624;
2473011;"Rybnik (1)";7984;
2474011;"Siemianowice Śląskie (1)";3585;
2475011;"Sosnowiec (1)";8701;
2476011;"Świętochłowice (1)";2836;
2477011;"Tychy (1)";6527;
2478011;"Zabrze (1)";8389;
2479011;"Żory (1)";3798;
2601013;"Busko-Zdrój (3)";1845;
2601022;"Gnojno (2)";331;
2601032;"Nowy Korczyn (2)";369;
2601042;"Pacanów (2)";431;
2601052;"Solec-Zdrój (2)";342;
2601063;"Stopnica (3)";536;
2601072;"Tuczępy (2)";252;
2601083;"Wiślica (3)";344;
2602012;"Imielno (2)";326;
2602023;"Jędrzejów (3)";1876;
2602033;"Małogoszcz (3)";741;
2602042;"Nagłowice (2)";337;
2602052;"Oksa (2)";318;
2602063;"Sędziszów (3)";769;
2602072;"Słupia (2)";287;
2602082;"Sobków (2)";598;
2602092;"Wodzisław (2)";406;
2603012;"Bejsce (2)";205;
2603022;"Czarnocin (2)";201;
2603033;"Kazimierza Wielka (3)";936;
2603042;"Opatowiec (2)";163;
2603053;"Skalbmierz (3)";420;
2604012;"Bieliny (2)";854;
2604023;"Bodzentyn (3)";854;
2604033;"Chęciny (3)";1001;
2604043;"Chmielnik (3)";813;
2604053;"Daleszyce (3)";1228;
2604062;"Górno (2)";1287;
2604073;"Łagów (3)";536;
2604082;"Łopuszno (2)";652;
2604092;"Masłów (2)";852;
2604102;"Miedziana Góra (2)";811;
2604112;"Mniów (2)";749;
2604123;"Morawica (3)";1388;
2604132;"Nowa Słupia (2)";667;
2604142;"Piekoszów (2)";1204;
2604152;"Pierzchnica (2)";332;
2604162;"Raków (2)";382;
2604172;"Nowiny (2)";510;
2604182;"Strawczyn (2)";883;
2604192;"Zagnańsk (2)";718;
2605012;"Fałków (2)";282;
2605022;"Gowarczów (2)";306;
2605033;"Końskie (3)";1970;
2605043;"Radoszyce (3)";616;
2605052;"Ruda Maleniecka (2)";189;
2605062;"Słupia Konecka (2)";227;
2605072;"Smyków (2)";301;
2605083;"Stąporków (3)";785;
2606012;"Baćkowice (2)";315;
2606022;"Iwaniska (2)";493;
2606032;"Lipnik (2)";329;
2606043;"Opatów (3)";641;
2606053;"Ożarów (3)";685;
2606062;"Sadowie (2)";236;
2606072;"Tarłów (2)";282;
2606082;"Wojciechowice (2)";239;
2607011;"Ostrowiec Świętokrzyski (1)";3467;
2607022;"Bałtów (2)";204;
2607032;"Bodzechów (2)";751;
2607043;"Ćmielów (3)";394;
2607053;"Kunów (3)";605;
2607062;"Waśniów (2)";452;
2608013;"Działoszyce (3)";289;
2608022;"Kije (2)";270;
2608032;"Michałów (2)";306;
2608043;"Pińczów (3)";1187;
2608052;"Złota (2)";244;
2609011;"Sandomierz (1)";1220;
2609022;"Dwikozy (2)";585;
2609032;"Klimontów (2)";558;
2609043;"Koprzywnica (3)";429;
2609052;"Łoniów (2)";527;
2609062;"Obrazów (2)";461;
2609072;"Samborzec (2)";592;
2609082;"Wilczyce (2)";235;
2609093;"Zawichost (3)";279;
2610011;"Skarżysko-Kamienna (1)";2218;
2610022;"Bliżyn (2)";450;
2610032;"Łączna (2)";349;
2610042;"Skarżysko Kościelne (2)";360;
2610053;"Suchedniów (3)";543;
2611011;"Starachowice (1)";2376;
2611022;"Brody (2)";704;
2611032;"Mirzec (2)";541;
2611042;"Pawłów (2)";1194;
2611053;"Wąchock (3)";373;
2612012;"Bogoria (2)";591;
2612022;"Łubnice (2)";268;
2612032;"Oleśnica (2)";256;
2612043;"Osiek (3)";566;
2612053;"Połaniec (3)";719;
2612062;"Rytwiany (2)";391;
2612073;"Staszów (3)";1567;
2612082;"Szydłów (2)";308;
2613012;"Kluczewsko (2)";379;
2613022;"Krasocin (2)";738;
2613032;"Moskorzew (2)";163;
2613042;"Radków (2)";146;
2613052;"Secemin (2)";304;
2613063;"Włoszczowa (3)";1196;
2661011;"Kielce (1)";10378;
2801011;"Bartoszyce (1)";1391;
2801021;"Górowo Iławeckie (1)";249;
2801032;"Bartoszyce (2)";757;
2801043;"Bisztynek (3)";416;
2801052;"Górowo Iławeckie (2)";496;
2801063;"Sępopol (3)";408;
2802011;"Braniewo (1)";1055;
2802022;"Braniewo (2)";391;
2802033;"Frombork (3)";193;
2802042;"Lelkowo (2)";173;
2802053;"Pieniężno (3)";396;
2802062;"Płoskinia (2)";165;
2802072;"Wilczęta (2)";215;
2803011;"Działdowo (1)";1327;
2803022;"Działdowo (2)";770;
2803032;"Iłowo-Osada (2)";537;
2803043;"Lidzbark (3)";1003;
2803052;"Płośnica (2)";414;
2803062;"Rybno (2)";581;
2804012;"Elbląg (2)";543;
2804022;"Godkowo (2)";203;
2804032;"Gronowo Elbląskie (2)";337;
2804042;"Markusy (2)";335;
2804052;"Milejewo (2)";246;
2804063;"Młynary (3)";320;
2804073;"Pasłęk (3)";1322;
2804082;"Rychliki (2)";277;
2804093;"Tolkmicko (3)";398;
2805011;"Ełk (1)";3935;
2805022;"Ełk (2)";774;
2805032;"Kalinowo (2)";406;
2805042;"Prostki (2)";529;
2805052;"Stare Juchy (2)";227;
2806011;"Giżycko (1)";1767;
2806042;"Giżycko (2)";562;
2806052;"Kruklanki (2)";227;
2806062;"Miłki (2)";277;
2806083;"Ryn (3)";372;
2806102;"Wydminy (2)";474;
2807011;"Iława (1)";1984;
2807021;"Lubawa (1)";813;
2807032;"Iława (2)";1017;
2807043;"Kisielice (3)";460;
2807052;"Lubawa (2)";914;
2807063;"Susz (3)";998;
2807073;"Zalewo (3)";424;
2808011;"Kętrzyn (1)";1577;
2808022;"Barciany (2)";441;
2808032;"Kętrzyn (2)";605;
2808043;"Korsze (3)";606;
2808053;"Reszel (3)";401;
2808062;"Srokowo (2)";231;
2809011;"Lidzbark Warmiński (1)";922;
2809022;"Kiwity (2)";241;
2809032;"Lidzbark Warmiński (2)";456;
2809042;"Lubomino (2)";250;
2809053;"Orneta (3)";763;
2810011;"Mrągowo (1)";1260;
2810023;"Mikołajki (3)";504;
2810032;"Mrągowo (2)";548;
2810042;"Piecki (2)";534;
2810052;"Sorkwity (2)";318;
2811012;"Janowiec Kościelny (2)";262;
2811022;"Janowo (2)";204;
2811032;"Kozłowo (2)";417;
2811043;"Nidzica (3)";1357;
2812011;"Nowe Miasto Lubawskie (1)";742;
2812022;"Biskupiec (2)";704;
2812032;"Grodziczno (2)";551;
2812042;"Kurzętnik (2)";764;
2812052;"Nowe Miasto Lubawskie (2)";683;
2813032;"Kowale Oleckie (2)";346;
2813043;"Olecko (3)";1593;
2813052;"Świętajno (2)";245;
2813062;"Wieliczki (2)";232;
2814013;"Barczewo (3)";1266;
2814023;"Biskupiec (3)";1251;
2814033;"Dobre Miasto (3)";955;
2814042;"Dywity (2)";858;
2814052;"Gietrzwałd (2)";451;
2814063;"Jeziorany (3)";464;
2814072;"Jonkowo (2)";546;
2814082;"Kolno (2)";171;
2814093;"Olsztynek (3)";853;
2814102;"Purda (2)";602;
2814112;"Stawiguda (2)";794;
2814122;"Świątki (2)";294;
2815011;"Ostróda (1)";1952;
2815022;"Dąbrówno (2)";310;
2815032;"Grunwald (2)";459;
2815042;"Łukta (2)";343;
2815052;"Małdyty (2)";387;
2815063;"Miłakowo (3)";364;
2815073;"Miłomłyn (3)";358;
2815083;"Morąg (3)";1766;
2815092;"Ostróda (2)";1108;
2816013;"Biała Piska (3)";796;
2816023;"Orzysz (3)";617;
2816033;"Pisz (3)";1866;
2816043;"Ruciane-Nida (3)";416;
2817011;"Szczytno (1)";1358;
2817022;"Dźwierzuty (2)";448;
2817032;"Jedwabno (2)";257;
2817043;"Pasym (3)";369;
2817052;"Rozogi (2)";447;
2817062;"Szczytno (2)";1065;
2817072;"Świętajno (2)";436;
2817082;"Wielbark (2)";561;
2818012;"Banie Mazurskie (2)";221;
2818022;"Dubeninki (2)";181;
2818033;"Gołdap (3)";1394;
2819012;"Budry (2)";193;
2819022;"Pozezdrze (2)";199;
2819033;"Węgorzewo (3)";987;
2861011;"Elbląg (1)";6259;
2862011;"Olsztyn (1)";9345;
3001011;"Chodzież (1)";1052;
3001022;"Budzyń (2)";627;
3001032;"Chodzież (2)";441;
3001043;"Margonin (3)";518;
3001053;"Szamocin (3)";558;
3002011;"Czarnków (1)";667;
3002022;"Czarnków (2)";853;
3002032;"Drawsko (2)";441;
3002043;"Krzyż Wielkopolski (3)";538;
3002052;"Lubasz (2)";604;
3002062;"Połajewo (2)";515;
3002073;"Trzcianka (3)";1591;
3002083;"Wieleń (3)";838;
3003011;"Gniezno (1)";4446;
3003023;"Czerniejewo (3)";584;
3003032;"Gniezno (2)";1134;
3003042;"Kiszkowo (2)";424;
3003053;"Kłecko (3)";581;
3003062;"Łubowo (2)";547;
3003072;"Mieleszyn (2)";313;
3003082;"Niechanowo (2)";494;
3003093;"Trzemeszno (3)";1107;
3003103;"Witkowo (3)";986;
3004013;"Borek Wielkopolski (3)";534;
3004023;"Gostyń (3)";1874;
3004033;"Krobia (3)";944;
3004042;"Pępowo (2)";454;
3004052;"Piaski (2)";628;
3004063;"Pogorzela (3)";398;
3004073;"Poniec (3)";594;
3005012;"Granowo (2)";422;
3005023;"Grodzisk Wielkopolski (3)";1462;
3005032;"Kamieniec (2)";518;
3005043;"Rakoniewice (3)";1193;
3005053;"Wielichowo (3)";576;
3006013;"Jaraczewo (3)";629;
3006023;"Jarocin (3)";3261;
3006032;"Kotlin (2)";606;
3006043;"Żerków (3)";776;
3007012;"Blizanów (2)";733;
3007022;"Brzeziny (2)";525;
3007032;"Ceków-Kolonia (2)";363;
3007042;"Godziesze Wielkie (2)";812;
3007052;"Koźminek (2)";615;
3007062;"Lisków (2)";397;
3007072;"Mycielin (2)";371;
3007083;"Opatówek (3)";772;
3007093;"Stawiszyn (3)";504;
3007102;"Szczytniki (2)";646;
3007112;"Żelazków (2)";736;
3008012;"Baranów (2)";711;
3008022;"Bralin (2)";516;
3008033;"Kępno (3)";1795;
3008042;"Łęka Opatowska (2)";428;
3008052;"Perzów (2)";262;
3008062;"Rychtal (2)";269;
3008072;"Trzcinica (2)";386;
3009011;"Koło (1)";1261;
3009022;"Babiak (2)";547;
3009032;"Chodów (2)";185;
3009043;"Dąbie (3)";415;
3009052;"Grzegorzew (2)";410;
3009063;"Kłodawa (3)";833;
3009072;"Koło (2)";583;
3009082;"Kościelec (2)";505;
3009092;"Olszówka (2)";297;
3009102;"Osiek Mały (2)";450;
3009113;"Przedecz (3)";340;
3010013;"Golina (3)";824;
3010022;"Grodziec (2)";409;
3010032;"Kazimierz Biskupi (2)";771;
3010043;"Kleczew (3)";666;
3010052;"Kramsk (2)";888;
3010062;"Krzymów (2)";579;
3010073;"Rychwał (3)";598;
3010082;"Rzgów (2)";515;
3010092;"Skulsk (2)";499;
3010103;"Sompolno (3)";789;
3010112;"Stare Miasto (2)";919;
3010123;"Ślesin (3)";940;
3010132;"Wierzbinek (2)";594;
3010142;"Wilczyn (2)";489;
3011011;"Kościan (1)";1485;
3011023;"Czempiń (3)";849;
3011032;"Kościan (2)";1152;
3011043;"Krzywiń (3)";764;
3011053;"Śmigiel (3)";1405;
3012011;"Sulmierzyce (1)";227;
3012023;"Kobylin (3)";596;
3012033;"Koźmin Wielkopolski (3)";1031;
3012043;"Krotoszyn (3)";2693;
3012052;"Rozdrażew (2)";416;
3012063;"Zduny (3)";602;
3013012;"Krzemieniewo (2)";624;
3013022;"Lipno (2)";726;
3013033;"Osieczna (3)";683;
3013043;"Rydzyna (3)";728;
3013052;"Święciechowa (2)";607;
3013062;"Wijewo (2)";354;
3013072;"Włoszakowice (2)";786;
3014012;"Chrzypsko Wielkie (2)";246;
3014022;"Kwilcz (2)";476;
3014033;"Międzychód (3)";1175;
3014043;"Sieraków (3)";628;
3015012;"Kuślin (2)";438;
3015023;"Lwówek (3)";697;
3015032;"Miedzichowo (2)";248;
3015043;"Nowy Tomyśl (3)";2037;
3015053;"Opalenica (3)";1150;
3015063;"Zbąszyń (3)";908;
3016013;"Oborniki (3)";2597;
3016023;"Rogoźno (3)";1400;
3016032;"Ryczywół (2)";570;
3017011;"Ostrów Wielkopolski (1)";4217;
3017023;"Nowe Skalmierzyce (3)";1117;
3017033;"Odolanów (3)";1192;
3017042;"Ostrów Wielkopolski (2)";1387;
3017052;"Przygodzice (2)";855;
3017063;"Raszków (3)";927;
3017072;"Sieroszewice (2)";689;
3017082;"Sośnie (2)";484;
3018012;"Czajków (2)";212;
3018022;"Doruchów (2)";427;
3018033;"Grabów nad Prosną (3)";535;
3018042;"Kobyla Góra (2)";495;
3018052;"Kraszewice (2)";291;
3018063;"Mikstat (3)";434;
3018073;"Ostrzeszów (3)";1554;
3019011;"Piła (1)";4152;
3019022;"Białośliwie (2)";359;
3019032;"Kaczory (2)";534;
3019043;"Łobżenica (3)";660;
3019052;"Miasteczko Krajeńskie (2)";240;
3019062;"Szydłowo (2)";653;
3019073;"Ujście (3)";480;
3019083;"Wyrzysk (3)";943;
3019093;"Wysoka (3)";489;
3020013;"Chocz (3)";363;
3020022;"Czermin (2)";421;
3020033;"Dobrzyca (3)";608;
3020042;"Gizałki (2)";420;
3020052;"Gołuchów (2)";848;
3020063;"Pleszew (3)";2176;
3021011;"Luboń (1)";2360;
3021021;"Puszczykowo (1)";607;
3021033;"Buk (3)";883;
3021042;"Czerwonak (2)";1862;
3021052;"Dopiewo (2)";2544;
3021062;"Kleszczewo (2)";778;
3021072;"Komorniki (2)";2733;
3021083;"Kostrzyn (3)";1348;
3021093;"Kórnik (3)";2341;
3021103;"Mosina (3)";2394;
3021113;"Murowana Goślina (3)";1195;
3021123;"Pobiedziska (3)";1435;
3021132;"Rokietnica (2)";1559;
3021143;"Stęszew (3)";1121;
3021152;"Suchy Las (2)";1453;
3021163;"Swarzędz (3)";3827;
3021172;"Tarnowo Podgórne (2)";2196;
3022013;"Bojanowo (3)";615;
3022023;"Jutrosin (3)";598;
3022033;"Miejska Górka (3)";699;
3022042;"Pakosław (2)";422;
3022053;"Rawicz (3)";2103;
3023011;"Słupca (1)";813;
3023022;"Lądek (2)";406;
3023032;"Orchowo (2)";258;
3023042;"Ostrowite (2)";334;
3023052;"Powidz (2)";155;
3023062;"Słupca (2)";650;
3023072;"Strzałkowo (2)";741;
3023083;"Zagórów (3)";644;
3024011;"Obrzycko (1)";184;
3024022;"Duszniki (2)";702;
3024032;"Kaźmierz (2)";656;
3024042;"Obrzycko (2)";319;
3024053;"Ostroróg (3)";328;
3024063;"Pniewy (3)";944;
3024073;"Szamotuły (3)";2120;
3024083;"Wronki (3)";1280;
3025012;"Dominowo (2)";236;
3025022;"Krzykosy (2)";563;
3025032;"Nowe Miasto nad Wartą (2)";708;
3025043;"Środa Wielkopolska (3)";2330;
3025052;"Zaniemyśl (2)";522;
3026012;"Brodnica (2)";382;
3026023;"Dolsk (3)";481;
3026033;"Książ Wielkopolski (3)";695;
3026043;"Śrem (3)";3068;
3027011;"Turek (1)";1504;
3027022;"Brudzew (2)";477;
3027033;"Dobra (3)";437;
3027042;"Kawęczyn (2)";359;
3027052;"Malanów (2)";487;
3027062;"Przykona (2)";349;
3027073;"Tuliszków (3)";804;
3027082;"Turek (2)";756;
3027092;"Władysławów (2)";631;
3028011;"Wągrowiec (1)";1529;
3028022;"Damasławek (2)";430;
3028033;"Gołańcz (3)";661;
3028042;"Mieścisko (2)";449;
3028053;"Skoki (3)";735;
3028062;"Wapno (2)";193;
3028072;"Wągrowiec (2)";982;
3029012;"Przemęt (2)";1227;
3029022;"Siedlec (2)";1008;
3029033;"Wolsztyn (3)";2210;
3030012;"Kołaczkowo (2)";431;
3030023;"Miłosław (3)";691;
3030033;"Nekla (3)";572;
3030043;"Pyzdry (3)";521;
3030053;"Września (3)";3146;
3031011;"Złotów (1)";1140;
3031023;"Jastrowie (3)";765;
3031033;"Krajenka (3)";518;
3031042;"Lipka (2)";381;
3031053;"Okonek (3)";526;
3031062;"Tarnówka (2)";211;
3031072;"Zakrzewo (2)";284;
3031082;"Złotów (2)";675;
3061011;"Kalisz (1)";5442;
3062011;"Konin (1)";3952;
3063011;"Leszno (1)";3800;
3064011;"Poznań (1)";28693;
3201011;"Białogard (1)";1448;
3201022;"Białogard (2)";472;
3201033;"Karlino (3)";618;
3201043;"Tychowo (3)";418;
3202012;"Bierzwnik (2)";323;
3202023;"Choszczno (3)";1243;
3202033;"Drawno (3)";264;
3202042;"Krzęcin (2)";207;
3202053;"Pełczyce (3)";490;
3202063;"Recz (3)";349;
3203013;"Czaplinek (3)";732;
3203023;"Drawsko Pomorskie (3)";989;
3203033;"Kalisz Pomorski (3)";472;
3203042;"Ostrowice (2)";154;
3203052;"Wierzchowo (2)";251;
3203063;"Złocieniec (3)";936;
3204023;"Goleniów (3)";2200;
3204033;"Maszewo (3)";626;
3204043;"Nowogard (3)";1447;
3204052;"Osina (2)";179;
3204062;"Przybiernów (2)";311;
3204073;"Stepnica (3)";274;
3205012;"Brojce (2)";294;
3205023;"Gryfice (3)";1496;
3205032;"Karnice (2)";232;
3205043;"Płoty (3)";550;
3205072;"Rewal (2)";200;
3205083;"Trzebiatów (3)";872;
3206012;"Banie (2)";351;
3206023;"Cedynia (3)";236;
3206033;"Chojna (3)";729;
3206043;"Gryfino (3)";1654;
3206053;"Mieszkowice (3)";403;
3206063;"Moryń (3)";236;
3206072;"Stare Czarnowo (2)";224;
3206083;"Trzcińsko-Zdrój (3)";271;
3206092;"Widuchowa (2)";290;
3207013;"Dziwnów (3)";177;
3207023;"Golczewo (3)";346;
3207033;"Kamień Pomorski (3)";709;
3207043;"Międzyzdroje (3)";265;
3207052;"Świerzno (2)";291;
3207063;"Wolin (3)";727;
3208011;"Kołobrzeg (1)";2030;
3208022;"Dygowo (2)";337;
3208033;"Gościno (3)";373;
3208042;"Kołobrzeg (2)";671;
3208052;"Rymań (2)";231;
3208062;"Siemyśl (2)";257;
3208072;"Ustronie Morskie (2)";211;
3209012;"Będzino (2)";522;
3209022;"Biesiekierz (2)";438;
3209033;"Bobolice (3)";513;
3209042;"Manowo (2)";449;
3209053;"Mielno (3)";256;
3209063;"Polanów (3)";543;
3209073;"Sianów (3)";843;
3209082;"Świeszyno (2)";449;
3210013;"Barlinek (3)";1150;
3210022;"Boleszkowice (2)";173;
3210033;"Dębno (3)";1223;
3210043;"Myślibórz (3)";1071;
3210052;"Nowogródek Pomorski (2)";264;
3211012;"Dobra (Szczecińska) (2)";1661;
3211022;"Kołbaskowo (2)";814;
3211033;"Nowe Warpno (3)";54;
3211043;"Police (3)";2116;
3212012;"Bielice (2)";183;
3212022;"Kozielice (2)";163;
3212033;"Lipiany (3)";321;
3212042;"Przelewice (2)";333;
3212053;"Pyrzyce (3)";1031;
3212062;"Warnice (2)";259;
3213011;"Darłowo (1)";684;
3213021;"Sławno (1)";733;
3213032;"Darłowo (2)";489;
3213042;"Malechowo (2)";382;
3213052;"Postomino (2)";467;
3213062;"Sławno (2)";598;
3214011;"Stargard (1)";3576;
3214023;"Chociwel (3)";347;
3214033;"Dobrzany (3)";251;
3214042;"Dolice (2)";478;
3214053;"Ińsko (3)";174;
3214062;"Kobylanka (2)";341;
3214082;"Marianowo (2)";234;
3214092;"Stara Dąbrowa (2)";274;
3214102;"Stargard (2)";892;
3214113;"Suchań (3)";240;
3215011;"Szczecinek (1)";2034;
3215023;"Barwice (3)";544;
3215033;"Biały Bór (3)";366;
3215043;"Borne Sulinowo (3)";521;
3215052;"Grzmiąca (2)";275;
3215062;"Szczecinek (2)";597;
3216011;"Świdwin (1)";949;
3216022;"Brzeżno (2)";182;
3216033;"Połczyn-Zdrój (3)";819;
3216042;"Rąbino (2)";215;
3216052;"Sławoborze (2)";258;
3216062;"Świdwin (2)";373;
3217011;"Wałcz (1)";1340;
3217023;"Człopa (3)";341;
3217033;"Mirosławiec (3)";366;
3217043;"Tuczno (3)";301;
3217052;"Wałcz (2)";843;
3218013;"Dobra (3)";227;
3218023;"Łobez (3)";812;
3218032;"Radowo Małe (2)";194;
3218043;"Resko (3)";450;
3218053;"Węgorzyno (3)";401;
3261011;"Koszalin (1)";5437;
3262011;"Szczecin (1)";19502;
3263011;"Świnoujście (1)";1422;
