"Kod";"Nazwa";"ogółem;wodociąg;2018;[%]";"ogółem;kanalizacja;2018;[%]";"ogółem;gaz;2018;[%]";
0201011;"Bolesławiec (1)";99,9;97,4;91,6;
0201022;"Bolesławiec (2)";94,1;73,4;25,2;
0201032;"Gromadka (2)";97,6;63,1;0,0;
0201043;"Nowogrodziec (3)";97,6;46,3;11,0;
0201052;"Osiecznica (2)";98,6;89,0;21,4;
0201062;"Warta Bolesławiecka (2)";100,0;100,0;17,1;
0202011;"Bielawa (1)";96,9;87,7;96,7;
0202021;"Dzierżoniów (1)";100,0;85,9;95,6;
0202033;"Pieszyce (3)";74,3;32,4;87,3;
0202041;"Piława Górna (1)";91,4;61,9;94,1;
0202052;"Dzierżoniów (2)";100,0;37,0;26,0;
0202062;"Łagiewniki (2)";89,3;47,8;0,0;
0202073;"Niemcza (3)";76,8;68,1;55,9;
0203011;"Głogów (1)";98,1;98,3;90,9;
0203022;"Głogów (2)";99,9;62,3;24,4;
0203032;"Jerzmanowa (2)";100,0;89,2;28,4;
0203042;"Kotla (2)";99,1;49,2;0,0;
0203052;"Pęcław (2)";89,1;45,8;0,0;
0203062;"Żukowice (2)";91,9;38,7;28,3;
0204013;"Góra (3)";99,5;65,3;60,0;
0204022;"Jemielno (2)";99,9;0,0;0,0;
0204032;"Niechlów (2)";98,7;12,5;0,0;
0204043;"Wąsosz (3)";89,9;25,3;14,9;
0205011;"Jawor (1)";100,0;99,5;94,5;
0205023;"Bolków (3)";70,0;42,6;44,9;
0205032;"Męcinka (2)";77,0;68,6;12,5;
0205042;"Mściwojów (2)";100,0;69,5;0,0;
0205052;"Paszowice (2)";93,7;96,1;29,2;
0205062;"Wądroże Wielkie (2)";92,3;59,5;0,0;
0206011;"Karpacz (1)";99,4;93,2;80,9;
0206021;"Kowary (1)";99,9;79,3;85,8;
0206031;"Piechowice (1)";93,9;61,2;77,4;
0206041;"Szklarska Poręba (1)";95,2;67,7;73,6;
0206052;"Janowice Wielkie (2)";71,6;46,6;0,0;
0206062;"Jeżów Sudecki (2)";87,5;33,5;38,3;
0206072;"Mysłakowice (2)";70,2;57,9;21,6;
0206082;"Podgórzyn (2)";95,3;83,7;46,7;
0206092;"Stara Kamienica (2)";31,5;41,4;0,0;
0207011;"Kamienna Góra (1)";100,0;100,0;91,5;
0207022;"Kamienna Góra (2)";84,2;39,7;13,0;
0207033;"Lubawka (3)";85,0;92,3;51,9;
0207042;"Marciszów (2)";76,7;47,2;0,0;
0208011;"Duszniki-Zdrój (1)";93,5;94,8;88,9;
0208021;"Kłodzko (1)";95,6;88,8;93,1;
0208031;"Kudowa-Zdrój (1)";99,3;90,9;98,3;
0208041;"Nowa Ruda (1)";97,3;77,5;51,0;
0208051;"Polanica-Zdrój (1)";97,1;94,5;71,7;
0208063;"Bystrzyca Kłodzka (3)";76,1;46,4;49,3;
0208072;"Kłodzko (2)";67,3;53,0;20,5;
0208083;"Lądek-Zdrój (3)";73,5;62,1;65,0;
0208092;"Lewin Kłodzki (2)";68,2;58,2;56,5;
0208103;"Międzylesie (3)";59,5;35,8;31,1;
0208112;"Nowa Ruda (2)";89,6;18,2;0,0;
0208123;"Radków (3)";99,6;58,7;22,6;
0208133;"Stronie Śląskie (3)";80,5;75,5;61,9;
0208143;"Szczytna (3)";71,4;39,9;37,9;
0209011;"Chojnów (1)";98,0;84,2;96,0;
0209022;"Chojnów (2)";94,5;34,4;0,6;
0209032;"Krotoszyce (2)";97,4;77,8;25,3;
0209042;"Kunice (2)";98,8;90,8;69,2;
0209052;"Legnickie Pole (2)";88,3;88,5;1,1;
0209062;"Miłkowice (2)";98,1;74,2;2,3;
0209073;"Prochowice (3)";99,8;85,6;28,9;
0209082;"Ruja (2)";100,0;80,8;1,0;
0210011;"Lubań (1)";99,5;98,4;92,9;
0210021;"Świeradów-Zdrój (1)";75,4;44,0;34,0;
0210033;"Leśna (3)";56,0;38,1;24,3;
0210042;"Lubań (2)";69,5;1,3;0,5;
0210053;"Olszyna (3)";91,1;74,3;32,1;
0210062;"Platerówka (2)";99,2;30,6;0,2;
0210072;"Siekierczyn (2)";96,7;75,6;0,5;
0211011;"Lubin (1)";99,9;99,6;98,4;
0211022;"Lubin (2)";99,9;96,3;49,7;
0211032;"Rudna (2)";99,9;99,9;81,6;
0211043;"Ścinawa (3)";100,0;57,6;1,0;
0212013;"Gryfów Śląski (3)";95,1;64,4;68,0;
0212023;"Lubomierz (3)";38,8;29,6;1,3;
0212033;"Lwówek Śląski (3)";99,3;70,8;44,3;
0212043;"Mirsk (3)";54,2;47,7;0,1;
0212053;"Wleń (3)";53,3;45,9;0,0;
0213012;"Cieszków (2)";99,9;39,5;19,7;
0213022;"Krośnice (2)";97,0;57,7;23,7;
0213033;"Milicz (3)";90,7;68,0;46,5;
0214011;"Oleśnica (1)";99,9;96,3;87,3;
0214023;"Bierutów (3)";93,2;43,9;0,9;
0214032;"Dobroszyce (2)";98,9;71,1;15,4;
0214042;"Dziadowa Kłoda (2)";100,0;32,2;0,0;
0214053;"Międzybórz (3)";90,3;10,8;6,0;
0214062;"Oleśnica (2)";98,4;31,4;9,9;
0214073;"Syców (3)";98,1;65,0;53,9;
0214083;"Twardogóra (3)";96,3;66,5;21,4;
0215011;"Oława (1)";98,9;94,2;83,3;
0215022;"Domaniów (2)";97,5;2,8;0,1;
0215033;"Jelcz-Laskowice (3)";95,4;81,3;51,2;
0215042;"Oława (2)";85,3;64,9;20,5;
0216013;"Chocianów (3)";96,5;57,3;63,5;
0216022;"Gaworzyce (2)";97,6;76,6;44,3;
0216032;"Grębocice (2)";99,9;99,6;43,6;
0216043;"Polkowice (3)";99,6;99,7;79,9;
0216053;"Przemków (3)";97,5;89,7;40,3;
0216062;"Radwanice (2)";99,0;77,6;28,1;
0217012;"Borów (2)";92,7;29,6;0,2;
0217022;"Kondratowice (2)";99,9;53,7;0,1;
0217032;"Przeworno (2)";88,9;11,3;0,0;
0217043;"Strzelin (3)";98,0;67,9;51,4;
0217053;"Wiązów (3)";95,0;22,7;1,6;
0218012;"Kostomłoty (2)";99,0;62,7;2,4;
0218022;"Malczyce (2)";98,2;48,3;0,0;
0218032;"Miękinia (2)";99,8;26,5;30,0;
0218043;"Środa Śląska (3)";99,3;68,6;35,2;
0218052;"Udanin (2)";98,7;43,5;0,0;
0219011;"Świdnica (1)";98,7;92,1;94,0;
0219021;"Świebodzice (1)";97,8;87,5;92,8;
0219032;"Dobromierz (2)";89,9;19,1;0,2;
0219043;"Jaworzyna Śląska (3)";96,7;41,6;23,7;
0219052;"Marcinowice (2)";97,9;38,2;0,6;
0219063;"Strzegom (3)";95,7;88,9;58,0;
0219072;"Świdnica (2)";87,6;31,4;15,0;
0219083;"Żarów (3)";100,0;61,1;56,4;
0220013;"Oborniki Śląskie (3)";94,6;43,5;43,9;
0220023;"Prusice (3)";94,4;67,9;0,2;
0220033;"Trzebnica (3)";98,4;56,0;53,7;
0220042;"Wisznia Mała (2)";92,8;36,7;43,3;
0220052;"Zawonia (2)";93,1;0,0;19,7;
0220063;"Żmigród (3)";99,9;60,4;49,2;
0221011;"Boguszów-Gorce (1)";98,4;69,0;91,2;
0221021;"Jedlina-Zdrój (1)";92,4;77,0;62,3;
0221031;"Szczawno-Zdrój (1)";100,0;95,6;91,7;
0221042;"Czarny Bór (2)";95,6;45,0;20,8;
0221053;"Głuszyca (3)";93,6;48,3;71,9;
0221063;"Mieroszów (3)";98,3;66,4;0,5;
0221072;"Stare Bogaczowice (2)";60,1;20,1;2,0;
0221082;"Walim (2)";65,3;37,9;62,2;
0222013;"Brzeg Dolny (3)";100,0;100,0;73,9;
0222022;"Wińsko (2)";99,9;12,4;0,2;
0222033;"Wołów (3)";93,4;67,2;51,7;
0223012;"Czernica (2)";100,0;74,9;56,4;
0223022;"Długołęka (2)";100,0;56,9;43,9;
0223032;"Jordanów Śląski (2)";98,0;46,5;1,6;
0223043;"Kąty Wrocławskie (3)";98,6;64,1;52,0;
0223052;"Kobierzyce (2)";94,2;65,5;43,5;
0223062;"Mietków (2)";96,4;42,7;0,0;
0223073;"Sobótka (3)";99,9;71,6;34,9;
0223083;"Siechnice (3)";93,4;77,4;61,0;
0223092;"Żórawina (2)";93,3;35,0;25,1;
0224013;"Bardo (3)";93,7;43,0;43,2;
0224022;"Ciepłowody (2)";97,2;25,0;0,2;
0224032;"Kamieniec Ząbkowicki (2)";83,5;40,3;1,5;
0224042;"Stoszowice (2)";79,7;25,1;0,0;
0224053;"Ząbkowice Śląskie (3)";99,9;69,9;69,1;
0224063;"Ziębice (3)";85,2;55,7;44,0;
0224073;"Złoty Stok (3)";82,8;58,6;0,0;
0225011;"Zawidów (1)";99,5;95,0;0,6;
0225021;"Zgorzelec (1)";98,4;94,7;97,3;
0225033;"Bogatynia (3)";97,9;76,2;0,1;
0225043;"Pieńsk (3)";97,0;78,5;12,2;
0225052;"Sulików (2)";79,0;26,2;0,6;
0225063;"Węgliniec (3)";88,0;31,9;0,0;
0225072;"Zgorzelec (2)";87,2;15,6;34,6;
0226011;"Wojcieszów (1)";76,5;71,7;0,0;
0226021;"Złotoryja (1)";99,0;95,7;92,3;
0226032;"Pielgrzymka (2)";99,0;18,9;0,0;
0226043;"Świerzawa (3)";54,1;39,6;0,0;
0226052;"Zagrodno (2)";94,0;39,4;9,2;
0226062;"Złotoryja (2)";100,0;90,6;19,4;
0261011;"Jelenia Góra (1)";97,4;89,5;90,4;
0262011;"Legnica (1)";98,3;93,6;94,0;
0264011;"Wrocław (1)";96,5;92,6;75,7;
0265011;"Wałbrzych od 2013 (1)";97,4;82,1;92,8;
0401011;"Aleksandrów Kujawski (1)";97,2;70,7;0,0;
0401021;"Ciechocinek (1)";96,4;85,1;79,8;
0401031;"Nieszawa (1)";87,8;62,2;0,0;
0401042;"Aleksandrów Kujawski (2)";95,4;50,0;0,5;
0401052;"Bądkowo (2)";92,5;33,4;0,0;
0401062;"Koneck (2)";83,0;15,1;0,0;
0401072;"Raciążek (2)";99,9;30,8;0,3;
0401082;"Waganiec (2)";82,5;34,7;0,0;
0401092;"Zakrzewo (2)";97,4;39,0;0,0;
0402011;"Brodnica (1)";99,9;98,1;8,9;
0402022;"Bobrowo (2)";90,6;40,1;0,0;
0402032;"Brodnica (2)";94,5;41,5;0,0;
0402042;"Brzozie (2)";97,0;32,5;0,0;
0402053;"Górzno (3)";88,5;38,4;0,0;
0402062;"Bartniczka (2)";84,3;54,5;0,0;
0402073;"Jabłonowo Pomorskie (3)";92,8;58,8;0,0;
0402082;"Osiek (2)";96,9;36,2;0,0;
0402092;"Świedziebnia (2)";82,9;23,4;0,0;
0402102;"Zbiczno (2)";96,1;42,1;0,0;
0403012;"Białe Błota (2)";96,0;52,0;14,6;
0403022;"Dąbrowa Chełmińska (2)";97,0;33,8;0,0;
0403032;"Dobrcz (2)";99,2;28,6;0,3;
0403043;"Koronowo (3)";89,4;56,8;0,0;
0403052;"Nowa Wieś Wielka (2)";79,2;60,4;0,2;
0403062;"Osielsko (2)";89,2;73,0;52,7;
0403072;"Sicienko (2)";96,0;38,2;29,6;
0403083;"Solec Kujawski (3)";89,2;82,5;75,9;
0404011;"Chełmno (1)";99,9;99,2;85,5;
0404022;"Chełmno (2)";99,0;1,8;1,2;
0404032;"Kijewo Królewskie (2)";91,7;39,3;0,0;
0404042;"Lisewo (2)";96,4;27,7;0,0;
0404052;"Papowo Biskupie (2)";100,0;83,7;0,0;
0404062;"Stolno (2)";95,5;49,4;0,1;
0404072;"Unisław (2)";97,9;46,7;0,0;
0405011;"Golub-Dobrzyń (1)";96,4;95,4;0,0;
0405022;"Ciechocin (2)";91,4;23,4;0,0;
0405032;"Golub-Dobrzyń (2)";99,7;69,0;0,4;
0405043;"Kowalewo Pomorskie (3)";97,8;52,1;25,1;
0405052;"Radomin (2)";94,9;45,2;0,1;
0405062;"Zbójno (2)";96,4;25,3;0,0;
0406012;"Grudziądz (2)";94,2;33,7;14,6;
0406022;"Gruta (2)";89,8;34,0;0,0;
0406033;"Łasin (3)";87,9;46,9;45,8;
0406043;"Radzyń Chełmiński (3)";95,6;40,8;0,0;
0406052;"Rogóźno (2)";92,1;30,4;7,2;
0406062;"Świecie nad Osą (2)";99,2;52,8;0,0;
0407011;"Inowrocław (1)";98,6;90,0;58,0;
0407022;"Dąbrowa Biskupia (2)";99,7;26,3;0,0;
0407033;"Gniewkowo (3)";99,9;62,1;39,2;
0407042;"Inowrocław (2)";99,9;23,9;3,2;
0407053;"Janikowo (3)";99,9;72,2;57,9;
0407063;"Kruszwica (3)";99,9;72,3;48,4;
0407073;"Pakość (3)";90,8;46,4;50,3;
0407082;"Rojewo (2)";100,0;18,7;0,0;
0407092;"Złotniki Kujawskie (2)";99,9;71,1;8,7;
0408011;"Lipno (1)";95,7;75,2;0,0;
0408022;"Bobrowniki (2)";98,4;14,2;0,1;
0408032;"Chrostkowo (2)";98,7;0,0;0,0;
0408043;"Dobrzyń nad Wisłą (3)";97,5;28,6;0,0;
0408052;"Kikół (2)";97,7;37,9;0,0;
0408062;"Lipno (2)";93,5;9,2;0,0;
0408073;"Skępe (3)";94,8;48,8;0,0;
0408082;"Tłuchowo (2)";93,8;21,6;4,4;
0408092;"Wielgie (2)";93,7;26,6;0,1;
0409012;"Dąbrowa (2)";99,9;63,8;0,0;
0409022;"Jeziora Wielkie (2)";100,0;65,6;0,0;
0409033;"Mogilno (3)";99,1;55,7;44,6;
0409043;"Strzelno (3)";100,0;55,8;37,7;
0410013;"Kcynia (3)";88,0;29,4;26,4;
0410023;"Mrocza (3)";96,7;64,6;0,0;
0410033;"Nakło nad Notecią (3)";98,8;73,8;52,0;
0410042;"Sadki (2)";97,2;33,8;0,0;
0410053;"Szubin (3)";88,3;39,0;11,0;
0411011;"Radziejów (1)";100,0;95,1;25,2;
0411022;"Bytoń (2)";99,9;31,0;0,0;
0411032;"Dobre (2)";99,9;43,2;0,0;
0411042;"Osięciny (2)";99,7;38,0;0,0;
0411053;"Piotrków Kujawski (3)";95,7;42,0;0,1;
0411062;"Radziejów (2)";95,2;13,9;0,0;
0411072;"Topólka (2)";89,2;0,0;0,0;
0412011;"Rypin (1)";100,0;96,6;0,3;
0412022;"Brzuze (2)";92,4;23,8;0,0;
0412032;"Rogowo (2)";97,7;34,3;0,0;
0412042;"Rypin (2)";96,0;15,9;0,0;
0412052;"Skrwilno (2)";90,8;28,2;0,0;
0412062;"Wąpielsk (2)";90,5;19,4;0,0;
0413013;"Kamień Krajeński (3)";86,0;67,2;24,9;
0413023;"Sępólno Krajeńskie (3)";88,2;64,3;53,3;
0413032;"Sośno (2)";84,9;39,7;0,0;
0413043;"Więcbork (3)";77,6;54,5;0,0;
0414012;"Bukowiec (2)";81,8;50,6;0,0;
0414022;"Dragacz (2)";89,2;52,1;0,0;
0414032;"Drzycim (2)";96,1;49,8;0,0;
0414042;"Jeżewo (2)";92,0;56,8;0,0;
0414052;"Lniano (2)";99,9;70,2;0,0;
0414063;"Nowe (3)";92,7;60,0;47,8;
0414072;"Osie (2)";88,6;71,2;0,0;
0414082;"Pruszcz (2)";99,9;37,8;0,0;
0414093;"Świecie (3)";96,0;91,1;58,9;
0414102;"Świekatowo (2)";87,9;58,3;0,1;
0414112;"Warlubie (2)";74,6;32,4;0,0;
0415011;"Chełmża (1)";96,3;86,7;77,9;
0415022;"Chełmża (2)";96,5;22,4;0,6;
0415032;"Czernikowo (2)";96,1;40,9;0,0;
0415042;"Lubicz (2)";96,0;46,3;18,3;
0415052;"Łubianka (2)";99,9;56,1;0,0;
0415062;"Łysomice (2)";98,1;71,7;14,0;
0415072;"Obrowo (2)";88,8;62,0;6,0;
0415082;"Wielka Nieszawka (2)";93,8;93,0;20,5;
0415092;"Zławieś Wielka (2)";82,9;60,5;3,1;
0416012;"Cekcyn (2)";98,0;66,6;17,3;
0416022;"Gostycyn (2)";97,4;73,2;0,0;
0416032;"Kęsowo (2)";96,7;83,9;0,0;
0416042;"Lubiewo (2)";97,4;47,2;5,6;
0416052;"Śliwice (2)";89,7;56,9;0,0;
0416063;"Tuchola (3)";90,6;83,2;57,1;
0417011;"Wąbrzeźno (1)";97,2;91,2;50,5;
0417022;"Dębowa Łąka (2)";99,9;37,8;0,0;
0417032;"Książki (2)";99,6;42,9;0,0;
0417042;"Płużnica (2)";99,7;42,8;0,0;
0417052;"Ryńsk (2)";87,3;18,9;3,0;
0418011;"Kowal (1)";99,9;99,9;0,0;
0418022;"Baruchowo (2)";97,7;23,3;0,0;
0418032;"Boniewo (2)";97,5;15,7;0,1;
0418043;"Brześć Kujawski (3)";98,4;66,0;31,3;
0418052;"Choceń (2)";89,0;50,8;0,0;
0418063;"Chodecz (3)";90,5;33,0;0,0;
0418072;"Fabianki (2)";99,6;45,7;24,7;
0418083;"Izbica Kujawska (3)";92,3;25,8;0,9;
0418092;"Kowal (2)";99,9;31,5;0,0;
0418102;"Lubanie (2)";99,9;41,1;0,0;
0418113;"Lubień Kujawski (3)";83,6;30,2;0,0;
0418123;"Lubraniec (3)";99,9;35,4;3,9;
0418132;"Włocławek (2)";92,2;28,3;15,3;
0419013;"Barcin (3)";95,2;73,1;66,0;
0419022;"Gąsawa (2)";99,9;44,1;1,2;
0419033;"Janowiec Wielkopolski (3)";95,4;51,8;0,0;
0419043;"Łabiszyn (3)";93,1;48,9;37,0;
0419052;"Rogowo (2)";99,9;49,9;0,0;
0419063;"Żnin (3)";96,1;65,1;33,7;
0461011;"Bydgoszcz (1)";97,0;93,1;80,4;
0462011;"Grudziądz (1)";96,1;92,0;88,8;
0463011;"Toruń (1)";94,9;91,3;80,3;
0464011;"Włocławek (1)";97,0;92,4;73,2;
0601011;"Międzyrzec Podlaski (1)";88,7;82,8;7,6;
0601021;"Terespol (1)";95,2;66,3;0,0;
0601032;"Biała Podlaska (2)";55,7;25,4;6,5;
0601042;"Drelów (2)";61,9;0,0;0,0;
0601052;"Janów Podlaski (2)";92,3;42,8;0,0;
0601062;"Kodeń (2)";70,3;39,3;0,0;
0601072;"Konstantynów (2)";90,8;39,6;22,3;
0601082;"Leśna Podlaska (2)";65,7;16,0;0,0;
0601092;"Łomazy (2)";64,1;21,5;0,0;
0601102;"Międzyrzec Podlaski (2)";88,6;8,7;0,0;
0601112;"Piszczac (2)";91,5;57,7;0,0;
0601122;"Rokitno (2)";85,1;11,3;0,0;
0601132;"Rossosz (2)";32,2;0,0;0,0;
0601142;"Sławatycze (2)";96,7;42,0;0,0;
0601152;"Sosnówka (2)";66,9;0,0;0,0;
0601162;"Terespol (2)";87,5;61,0;0,0;
0601172;"Tuczna (2)";92,5;13,4;0,0;
0601182;"Wisznice (2)";82,3;45,7;0,0;
0601192;"Zalesie (2)";86,4;30,6;0,0;
0602011;"Biłgoraj (1)";99,2;86,6;30,5;
0602022;"Aleksandrów (2)";93,4;89,8;0,0;
0602032;"Biłgoraj (2)";95,3;56,4;8,4;
0602042;"Biszcza (2)";98,4;68,3;1,0;
0602053;"Frampol (3)";89,0;22,6;8,9;
0602062;"Goraj (2)";93,0;27,9;0,0;
0602073;"Józefów (3)";95,6;30,2;37,6;
0602082;"Księżpol (2)";94,2;30,5;8,2;
0602092;"Łukowa (2)";98,2;73,1;0,0;
0602102;"Obsza (2)";100,0;69,4;0,0;
0602112;"Potok Górny (2)";93,3;73,8;29,3;
0602123;"Tarnogród (3)";94,8;58,0;46,8;
0602132;"Tereszpol (2)";99,9;65,6;0,0;
0602142;"Turobin (2)";82,7;14,7;0,0;
0603011;"Rejowiec Fabryczny (1)";93,6;72,8;59,7;
0603022;"Białopole (2)";83,5;5,5;0,0;
0603032;"Chełm (2)";94,9;24,6;23,3;
0603042;"Dorohusk (2)";36,5;18,8;0,0;
0603052;"Dubienka (2)";78,6;19,3;0,0;
0603062;"Kamień (2)";82,3;36,6;17,6;
0603072;"Leśniowice (2)";77,4;5,2;0,0;
0603082;"Rejowiec Fabryczny (2)";84,1;26,3;3,7;
0603092;"Ruda-Huta (2)";69,0;19,6;0,0;
0603102;"Sawin (2)";59,7;29,8;0,0;
0603113;"Siedliszcze (3)";85,6;20,0;0,0;
0603122;"Wierzbica (2)";84,9;35,5;0,0;
0603132;"Wojsławice (2)";84,1;14,8;0,0;
0603142;"Żmudź (2)";58,6;30,6;0,0;
0603153;"Rejowiec (3)";94,6;38,4;14,5;
0604011;"Hrubieszów (1)";94,9;84,4;8,9;
0604022;"Dołhobyczów (2)";70,9;21,7;0,0;
0604032;"Horodło (2)";81,8;28,3;0,0;
0604042;"Hrubieszów (2)";73,4;4,8;0,4;
0604052;"Mircze (2)";25,3;13,2;0,0;
0604062;"Trzeszczany (2)";77,3;20,4;0,1;
0604072;"Uchanie (2)";64,1;17,8;0,0;
0604082;"Werbkowice (2)";45,5;29,8;1,7;
0605012;"Batorz (2)";89,2;0,0;0,0;
0605022;"Chrzanów (2)";93,1;0,0;0,3;
0605032;"Dzwola (2)";69,1;0,0;0,0;
0605042;"Godziszów (2)";43,2;0,0;0,1;
0605053;"Janów Lubelski (3)";94,6;78,4;22,1;
0605063;"Modliborzyce (3)";95,1;20,1;18,2;
0605072;"Potok Wielki (2)";85,3;0,9;16,5;
0606011;"Krasnystaw (1)";89,7;75,8;73,6;
0606022;"Fajsławice (2)";83,8;28,3;0,0;
0606032;"Gorzków (2)";98,8;23,6;0,0;
0606042;"Izbica (2)";84,6;15,2;12,0;
0606052;"Krasnystaw (2)";90,9;14,0;45,1;
0606062;"Kraśniczyn (2)";80,6;44,8;11,5;
0606072;"Łopiennik Górny (2)";82,9;0,0;0,0;
0606092;"Rudnik (2)";83,6;3,1;0,0;
0606102;"Siennica Różana (2)";79,1;19,8;34,0;
0606112;"Żółkiewka (2)";77,4;18,8;0,0;
0607011;"Kraśnik (1)";95,1;85,5;93,9;
0607023;"Annopol (3)";86,3;26,0;7,4;
0607032;"Dzierzkowice (2)";85,2;40,3;49,3;
0607042;"Gościeradów (2)";42,3;7,1;24,7;
0607052;"Kraśnik (2)";81,7;29,8;55,1;
0607062;"Szastarka (2)";86,6;0,0;0,0;
0607072;"Trzydnik Duży (2)";88,7;0,0;41,5;
0607083;"Urzędów (3)";96,8;25,5;57,7;
0607092;"Wilkołaz (2)";67,0;0,0;46,4;
0607102;"Zakrzówek (2)";88,6;47,9;0,0;
0608011;"Lubartów (1)";97,8;93,3;16,7;
0608022;"Abramów (2)";91,9;21,2;0,0;
0608032;"Firlej (2)";86,5;24,8;0,0;
0608042;"Jeziorzany (2)";93,9;33,7;5,0;
0608052;"Kamionka (2)";86,9;23,1;0,0;
0608063;"Kock (3)";97,7;50,5;8,6;
0608072;"Lubartów (2)";96,5;67,0;19,8;
0608082;"Michów (2)";83,9;21,1;5,5;
0608092;"Niedźwiada (2)";94,3;14,3;0,0;
0608103;"Ostrów Lubelski (3)";94,1;32,9;0,0;
0608112;"Ostrówek (2)";78,1;30,5;0,0;
0608122;"Serniki (2)";97,8;31,5;0,0;
0608132;"Uścimów (2)";92,4;44,0;0,0;
0609013;"Bełżyce (3)";71,6;48,0;67,6;
0609022;"Borzechów (2)";97,9;0,0;44,4;
0609033;"Bychawa (3)";93,9;31,6;1,7;
0609042;"Garbów (2)";86,2;17,5;0,0;
0609052;"Głusk (2)";97,1;26,6;80,3;
0609062;"Jabłonna (2)";93,2;0,0;29,3;
0609072;"Jastków (2)";86,1;28,8;47,3;
0609082;"Konopnica (2)";51,6;16,1;80,8;
0609092;"Krzczonów (2)";87,8;12,6;0,0;
0609102;"Niedrzwica Duża (2)";74,4;6,0;62,8;
0609112;"Niemce (2)";86,6;30,0;31,0;
0609122;"Strzyżewice (2)";87,4;22,4;42,6;
0609132;"Wojciechów (2)";18,7;3,1;51,0;
0609142;"Wólka (2)";100,0;42,0;57,8;
0609152;"Wysokie (2)";81,3;0,4;0,0;
0609162;"Zakrzew (2)";59,4;0,0;0,2;
0610012;"Cyców (2)";97,3;21,9;0,0;
0610022;"Ludwin (2)";91,9;32,5;14,9;
0610033;"Łęczna (3)";99,3;83,1;89,0;
0610042;"Milejów (2)";98,6;21,6;1,9;
0610052;"Puchaczów (2)";94,0;73,2;32,7;
0610062;"Spiczyn (2)";95,0;14,5;23,6;
0611011;"Łuków (1)";95,1;85,8;81,6;
0611021;"Stoczek Łukowski (1)";96,1;86,8;15,9;
0611032;"Adamów (2)";97,2;29,3;0,0;
0611042;"Krzywda (2)";99,0;29,9;21,2;
0611052;"Łuków (2)";90,9;18,1;17,9;
0611062;"Serokomla (2)";81,7;27,1;0,0;
0611072;"Stanin (2)";81,9;9,6;9,2;
0611082;"Stoczek Łukowski (2)";92,2;27,7;0,0;
0611092;"Trzebieszów (2)";91,7;15,8;0,0;
0611102;"Wojcieszków (2)";82,6;18,7;0,0;
0611112;"Wola Mysłowska (2)";83,7;32,9;22,3;
0612012;"Chodel (2)";87,4;17,7;26,4;
0612023;"Józefów nad Wisłą (3)";86,5;11,4;16,0;
0612032;"Karczmiska (2)";77,1;22,0;37,5;
0612042;"Łaziska (2)";99,2;0,0;1,1;
0612053;"Opole Lubelskie (3)";92,3;39,9;50,3;
0612063;"Poniatowa (3)";87,5;67,7;85,0;
0612072;"Wilków (2)";99,0;0,1;0,0;
0613012;"Dębowa Kłoda (2)";81,9;15,5;0,0;
0613022;"Jabłoń (2)";85,4;28,3;0,0;
0613032;"Milanów (2)";85,2;16,3;1,1;
0613043;"Parczew (3)";88,6;75,2;3,2;
0613052;"Podedwórze (2)";95,5;6,2;0,0;
0613062;"Siemień (2)";94,5;34,4;0,0;
0613072;"Sosnowica (2)";70,8;28,2;0,0;
0614011;"Puławy (1)";97,8;96,0;87,1;
0614022;"Baranów (2)";96,9;37,4;0,2;
0614032;"Janowiec (2)";98,7;28,3;0,0;
0614043;"Kazimierz Dolny (3)";84,4;30,2;54,3;
0614052;"Końskowola (2)";75,4;61,1;67,4;
0614062;"Kurów (2)";96,6;13,7;39,0;
0614072;"Markuszów (2)";86,7;38,3;24,9;
0614083;"Nałęczów (3)";87,9;43,0;61,7;
0614092;"Puławy (2)";89,4;38,0;16,6;
0614102;"Wąwolnica (2)";77,0;24,8;45,2;
0614112;"Żyrzyn (2)";88,8;32,2;45,2;
0615011;"Radzyń Podlaski (1)";91,0;87,5;24,1;
0615022;"Borki (2)";93,4;31,2;0,0;
0615032;"Czemierniki (2)";88,7;28,9;0,0;
0615042;"Kąkolewnica (2)";87,5;31,1;0,1;
0615052;"Komarówka Podlaska (2)";54,3;24,9;0,0;
0615062;"Radzyń Podlaski (2)";94,0;7,4;2,3;
0615072;"Ulan-Majorat (2)";90,0;0,0;5,2;
0615082;"Wohyń (2)";72,8;22,1;1,3;
0616011;"Dęblin (1)";87,0;89,7;62,7;
0616022;"Kłoczew (2)";78,0;6,3;7,1;
0616032;"Nowodwór (2)";85,1;7,0;0,0;
0616043;"Ryki (3)";89,1;26,5;40,3;
0616052;"Stężyca (2)";88,2;28,9;24,4;
0616062;"Ułęż (2)";90,3;2,8;0,9;
0617011;"Świdnik (1)";97,1;94,7;97,5;
0617022;"Mełgiew (2)";93,4;2,0;53,6;
0617033;"Piaski (3)";81,4;20,5;9,3;
0617042;"Rybczewice (2)";85,4;0,0;0,0;
0617052;"Trawniki (2)";90,6;34,3;0,1;
0618011;"Tomaszów Lubelski (1)";93,2;84,1;92,2;
0618022;"Bełżec (2)";0,3;46,8;11,9;
0618032;"Jarczów (2)";65,9;14,7;0,0;
0618042;"Krynice (2)";89,4;8,0;18,1;
0618053;"Lubycza Królewska (3)";42,5;56,1;4,8;
0618063;"Łaszczów (3)";100,0;35,1;0,0;
0618072;"Rachanie (2)";98,1;3,7;0,0;
0618082;"Susiec (2)";94,0;32,1;26,2;
0618092;"Tarnawatka (2)";99,3;46,4;6,6;
0618102;"Telatyn (2)";87,4;21,8;0,0;
0618112;"Tomaszów Lubelski (2)";80,3;3,9;22,8;
0618123;"Tyszowce (3)";82,2;13,8;0,0;
0618132;"Ulhówek (2)";70,8;31,7;0,0;
0619011;"Włodawa (1)";98,7;93,1;2,5;
0619022;"Hanna (2)";98,8;25,2;0,0;
0619032;"Hańsk (2)";73,3;34,9;0,5;
0619042;"Stary Brus (2)";88,2;20,9;0,0;
0619052;"Urszulin (2)";89,6;25,1;0,0;
0619062;"Włodawa (2)";96,4;56,7;1,6;
0619072;"Wola Uhruska (2)";65,4;39,9;1,2;
0619082;"Wyryki (2)";81,5;15,6;0,0;
0620012;"Adamów (2)";47,3;0,5;17,1;
0620022;"Grabowiec (2)";41,2;0,0;0,0;
0620032;"Komarów-Osada (2)";53,2;0,0;31,9;
0620043;"Krasnobród (3)";88,4;42,2;30,7;
0620052;"Łabunie (2)";7,1;23,0;37,7;
0620062;"Miączyn (2)";3,6;2,8;12,3;
0620072;"Nielisz (2)";62,2;0,0;2,4;
0620082;"Radecznica (2)";87,4;7,1;0,0;
0620092;"Sitno (2)";46,3;8,4;41,0;
0620102;"Skierbieszów (2)";73,4;14,8;0,0;
0620112;"Stary Zamość (2)";87,6;0,0;35,4;
0620122;"Sułów (2)";84,1;9,3;0,0;
0620133;"Szczebrzeszyn (3)";86,2;26,5;8,5;
0620142;"Zamość (2)";37,9;20,5;43,5;
0620153;"Zwierzyniec (3)";89,8;52,7;29,6;
0661011;"Biała Podlaska (1)";86,7;85,9;46,7;
0662011;"Chełm (1)";97,2;93,3;63,5;
0663011;"Lublin (1)";95,5;91,8;85,8;
0664011;"Zamość (1)";94,9;91,1;94,0;
0801011;"Kostrzyn nad Odrą (1)";99,9;93,0;92,4;
0801022;"Bogdaniec (2)";99,7;69,4;29,7;
0801032;"Deszczno (2)";81,6;59,9;15,7;
0801042;"Kłodawa (2)";98,9;67,8;42,0;
0801052;"Lubiszyn (2)";85,7;42,7;5,2;
0801062;"Santok (2)";94,8;71,1;42,4;
0801073;"Witnica (3)";87,5;59,0;48,7;
0802011;"Gubin (1)";99,0;93,5;92,3;
0802022;"Bobrowice (2)";97,7;53,1;0,0;
0802032;"Bytnica (2)";95,5;47,7;0,0;
0802042;"Dąbie (2)";89,7;20,1;7,0;
0802052;"Gubin (2)";85,6;9,0;9,4;
0802063;"Krosno Odrzańskie (3)";87,0;73,7;14,2;
0802072;"Maszewo (2)";98,4;19,8;1,7;
0803012;"Bledzew (2)";93,0;32,7;3,7;
0803023;"Międzyrzecz (3)";93,0;85,4;19,5;
0803032;"Przytoczna (2)";89,6;39,8;29,7;
0803042;"Pszczew (2)";83,4;61,8;16,8;
0803053;"Skwierzyna (3)";89,5;66,8;16,4;
0803063;"Trzciel (3)";72,9;45,5;0,0;
0804011;"Nowa Sól (1)";99,8;99,6;90,4;
0804023;"Bytom Odrzański (3)";96,0;74,7;57,0;
0804032;"Kolsko (2)";67,4;25,6;0,1;
0804043;"Kożuchów (3)";89,7;55,8;7,7;
0804052;"Nowa Sól (2)";97,0;42,3;11,7;
0804063;"Nowe Miasteczko (3)";96,0;62,0;4,4;
0804073;"Otyń (3)";99,0;55,7;31,6;
0804082;"Siedlisko (2)";84,7;42,4;0,0;
0805013;"Cybinka (3)";88,2;51,8;15,2;
0805022;"Górzyca (2)";96,4;75,0;21,2;
0805033;"Ośno Lubuskie (3)";98,0;57,6;18,3;
0805043;"Rzepin (3)";86,3;70,3;22,6;
0805053;"Słubice (3)";95,0;82,2;78,8;
0806013;"Dobiegniew (3)";90,8;73,4;0,0;
0806023;"Drezdenko (3)";87,4;55,3;56,7;
0806032;"Stare Kurowo (2)";93,8;28,1;3,2;
0806043;"Strzelce Krajeńskie (3)";97,8;69,4;16,1;
0806052;"Zwierzyn (2)";98,2;0,0;1,3;
0807012;"Krzeszyce (2)";88,4;29,7;6,3;
0807023;"Lubniewice (3)";92,2;80,5;20,0;
0807032;"Słońsk (2)";99,6;62,0;7,3;
0807043;"Sulęcin (3)";95,4;79,1;20,0;
0807053;"Torzym (3)";83,0;56,1;4,8;
0808012;"Lubrza (2)";99,9;68,8;11,1;
0808022;"Łagów (2)";93,2;85,2;12,5;
0808032;"Skąpe (2)";91,7;67,3;49,9;
0808042;"Szczaniec (2)";100,0;46,2;0,0;
0808053;"Świebodzin (3)";92,7;92,2;69,2;
0808063;"Zbąszynek (3)";95,2;90,6;74,3;
0809013;"Babimost (3)";88,9;92,8;88,8;
0809022;"Bojadła (2)";88,1;38,6;0,0;
0809033;"Czerwieńsk (3)";96,1;67,0;37,1;
0809043;"Kargowa (3)";84,8;53,1;71,3;
0809053;"Nowogród Bobrzański (3)";98,6;52,7;12,6;
0809063;"Sulechów (3)";99,8;78,7;71,1;
0809072;"Świdnica (2)";96,5;95,8;25,2;
0809082;"Trzebiechów (2)";97,0;7,2;0,0;
0809092;"Zabór (2)";98,1;25,6;26,4;
0810011;"Gozdnica (1)";98,6;84,0;18,4;
0810021;"Żagań (1)";99,9;88,0;95,5;
0810032;"Brzeźnica (2)";91,0;10,8;0,0;
0810043;"Iłowa (3)";90,3;43,4;56,9;
0810053;"Małomice (3)";95,4;66,8;41,3;
0810062;"Niegosławice (2)";96,7;50,5;0,0;
0810073;"Szprotawa (3)";92,9;67,2;59,1;
0810082;"Wymiarki (2)";95,4;5,7;38,4;
0810092;"Żagań (2)";99,9;89,1;21,5;
0811011;"Łęknica (1)";97,6;94,8;0,0;
0811021;"Żary (1)";95,4;93,8;86,6;
0811032;"Brody (2)";91,8;40,9;0,0;
0811043;"Jasień (3)";93,7;44,3;61,0;
0811052;"Lipinki Łużyckie (2)";90,5;3,0;0,0;
0811063;"Lubsko (3)";98,0;68,5;69,7;
0811072;"Przewóz (2)";100,0;19,2;0,0;
0811082;"Trzebiel (2)";81,6;0,0;0,0;
0811092;"Tuplice (2)";100,0;30,1;0,0;
0811102;"Żary (2)";82,4;14,2;0,4;
0812013;"Sława (3)";86,2;47,1;4,7;
0812023;"Szlichtyngowa (3)";97,4;93,5;0,0;
0812033;"Wschowa (3)";96,5;76,5;65,5;
0861011;"Gorzów Wielkopolski (1)";100,0;99,9;78,7;
0862011;"Zielona Góra (1)";94,9;84,7;84,2;
1001011;"Bełchatów (1)";98,6;95,0;80,3;
1001022;"Bełchatów (2)";98,2;26,0;0,3;
1001032;"Drużbice (2)";94,9;8,6;0,0;
1001042;"Kleszczów (2)";99,9;78,9;62,7;
1001052;"Kluki (2)";99,9;11,4;0,0;
1001062;"Rusiec (2)";95,9;12,0;0,1;
1001072;"Szczerców (2)";99,9;56,5;0,0;
1001083;"Zelów (3)";69,1;45,7;0,0;
1002011;"Kutno (1)";94,6;91,6;10,4;
1002022;"Bedlno (2)";85,6;0,0;0,1;
1002032;"Dąbrowice (2)";99,9;0,0;0,0;
1002043;"Krośniewice (3)";99,8;50,5;1,2;
1002052;"Krzyżanów (2)";95,5;11,3;2,0;
1002062;"Kutno (2)";96,5;22,3;0,4;
1002072;"Łanięta (2)";94,2;44,4;0,0;
1002082;"Nowe Ostrowy (2)";91,6;30,8;0,0;
1002092;"Oporów (2)";86,3;0,0;0,0;
1002102;"Strzelce (2)";93,7;17,6;2,7;
1002113;"Żychlin (3)";98,0;64,2;0,0;
1003012;"Buczek (2)";79,7;36,7;0,0;
1003023;"Łask (3)";88,7;59,1;4,7;
1003032;"Sędziejowice (2)";87,4;25,8;0,0;
1003042;"Widawa (2)";84,3;18,8;0,0;
1003052;"Wodzierady (2)";70,3;0,0;0,0;
1004011;"Łęczyca (1)";98,5;91,9;9,2;
1004022;"Daszyna (2)";87,9;10,6;2,0;
1004032;"Góra Świętej Małgorzaty (2)";80,3;29,9;0,0;
1004042;"Grabów (2)";97,1;20,0;0,1;
1004052;"Łęczyca (2)";93,4;0,6;0,6;
1004062;"Piątek (2)";99,9;26,8;0,0;
1004072;"Świnice Warckie (2)";89,4;15,0;0,0;
1004082;"Witonia (2)";97,8;0,2;1,7;
1005011;"Łowicz (1)";95,5;91,0;7,4;
1005022;"Bielawy (2)";87,8;4,2;0,0;
1005032;"Chąśno (2)";89,8;8,6;0,0;
1005042;"Domaniewice (2)";89,1;21,9;0,0;
1005052;"Kiernozia (2)";86,1;26,6;0,0;
1005062;"Kocierzew Południowy (2)";99,9;0,0;0,0;
1005072;"Łowicz (2)";96,3;25,1;0,3;
1005082;"Łyszkowice (2)";96,3;21,6;0,0;
1005092;"Nieborów (2)";90,5;0,0;0,0;
1005102;"Zduny (2)";93,1;20,4;0,0;
1006022;"Andrespol (2)";91,8;38,8;67,9;
1006032;"Brójce (2)";98,8;0,0;17,1;
1006073;"Koluszki (3)";92,2;52,3;40,9;
1006082;"Nowosolna (2)";97,3;2,6;67,7;
1006103;"Rzgów (3)";99,2;58,2;42,6;
1006113;"Tuszyn (3)";99,1;31,1;33,1;
1007012;"Białaczów (2)";84,7;73,0;0,0;
1007023;"Drzewica (3)";97,0;87,8;0,0;
1007032;"Mniszków (2)";95,3;30,1;0,5;
1007043;"Opoczno (3)";93,2;77,0;27,0;
1007052;"Paradyż (2)";87,2;45,9;0,0;
1007062;"Poświętne (2)";98,2;19,6;0,0;
1007072;"Sławno (2)";92,1;50,0;30,5;
1007082;"Żarnów (2)";85,9;28,3;8,7;
1008011;"Konstantynów Łódzki (1)";98,6;75,2;99,8;
1008021;"Pabianice (1)";92,8;85,9;67,4;
1008032;"Dłutów (2)";81,8;26,1;0,0;
1008042;"Dobroń (2)";100,0;27,4;16,8;
1008052;"Ksawerów (2)";86,8;71,1;64,4;
1008062;"Lutomiersk (2)";89,5;0,0;31,7;
1008072;"Pabianice (2)";99,9;28,8;3,9;
1009013;"Działoszyn (3)";99,7;75,6;3,8;
1009022;"Kiełczygłów (2)";99,9;0,0;0,0;
1009032;"Nowa Brzeźnica (2)";76,4;0,0;0,0;
1009043;"Pajęczno (3)";96,4;54,8;3,3;
1009052;"Rząśnia (2)";99,9;64,4;0,0;
1009062;"Siemkowice (2)";99,4;0,0;0,0;
1009072;"Strzelce Wielkie (2)";99,9;16,3;0,0;
1009082;"Sulmierzyce (2)";99,1;57,8;0,0;
1010012;"Aleksandrów (2)";91,4;0,0;0,0;
1010022;"Czarnocin (2)";97,0;39,1;0,0;
1010032;"Gorzkowice (2)";98,1;30,8;3,9;
1010042;"Grabica (2)";90,1;16,5;0,0;
1010052;"Łęki Szlacheckie (2)";76,2;0,0;0,0;
1010062;"Moszczenica (2)";93,6;48,8;0,0;
1010072;"Ręczno (2)";91,9;16,5;0,0;
1010082;"Rozprza (2)";99,2;22,8;0,0;
1010093;"Sulejów (3)";99,9;24,1;14,8;
1010102;"Wola Krzysztoporska (2)";99,9;37,6;0,6;
1010113;"Wolbórz (3)";96,0;74,9;16,1;
1011012;"Dalików (2)";99,3;3,6;0,0;
1011022;"Pęczniew (2)";99,7;7,3;0,0;
1011033;"Poddębice (3)";89,8;48,1;11,0;
1011043;"Uniejów (3)";90,0;46,9;0,8;
1011052;"Wartkowice (2)";79,9;16,8;0,8;
1011062;"Zadzim (2)";91,8;8,2;0,0;
1012011;"Radomsko (1)";96,5;81,9;50,9;
1012022;"Dobryszyce (2)";94,9;34,9;0,0;
1012032;"Gidle (2)";81,6;32,6;0,0;
1012042;"Gomunice (2)";98,8;31,9;25,1;
1012053;"Kamieńsk (3)";96,6;73,4;13,4;
1012062;"Kobiele Wielkie (2)";83,1;10,3;2,8;
1012072;"Kodrąb (2)";94,0;23,7;0,0;
1012082;"Lgota Wielka (2)";94,9;60,1;0,0;
1012092;"Ładzice (2)";89,8;23,9;0,0;
1012102;"Masłowice (2)";83,2;1,0;0,1;
1012113;"Przedbórz (3)";92,5;38,5;0,0;
1012122;"Radomsko (2)";99,2;35,9;17,4;
1012132;"Wielgomłyny (2)";98,7;22,6;0,0;
1012142;"Żytno (2)";93,5;12,2;0,0;
1013011;"Rawa Mazowiecka (1)";92,5;87,6;74,4;
1013023;"Biała Rawska (3)";61,3;23,3;0,9;
1013032;"Cielądz (2)";89,2;18,1;0,0;
1013042;"Rawa Mazowiecka (2)";100,0;8,3;2,2;
1013052;"Regnów (2)";87,3;0,0;0,0;
1013062;"Sadkowice (2)";70,8;9,1;0,9;
1014011;"Sieradz (1)";96,1;90,5;4,7;
1014023;"Błaszki (3)";89,4;20,0;0,0;
1014032;"Brąszewice (2)";98,6;20,9;0,0;
1014042;"Brzeźnio (2)";94,2;19,7;0,0;
1014052;"Burzenin (2)";78,1;13,2;0,0;
1014062;"Goszczanów (2)";98,2;16,7;0,0;
1014072;"Klonowa (2)";85,9;1,3;0,0;
1014082;"Sieradz (2)";85,6;49,5;0,0;
1014093;"Warta (3)";98,0;21,3;0,6;
1014102;"Wróblew (2)";94,1;8,3;0,1;
1014113;"Złoczew (3)";93,3;27,7;0,0;
1015012;"Bolimów (2)";86,6;32,4;0,0;
1015022;"Głuchów (2)";94,2;30,1;0,0;
1015032;"Godzianów (2)";89,6;0,0;0,0;
1015042;"Kowiesy (2)";65,4;0,0;0,0;
1015052;"Lipce Reymontowskie (2)";99,8;31,1;0,0;
1015062;"Maków (2)";99,9;0,0;0,0;
1015072;"Nowy Kawęczyn (2)";81,5;15,3;0,0;
1015082;"Skierniewice (2)";77,9;0,0;0,8;
1015092;"Słupia (2)";99,9;11,0;0,0;
1016011;"Tomaszów Mazowiecki (1)";91,5;85,0;64,3;
1016022;"Będków (2)";92,5;20,2;0,0;
1016032;"Budziszewice (2)";99,9;16,8;0,0;
1016042;"Czerniewice (2)";93,5;32,6;0,0;
1016052;"Inowłódz (2)";99,9;14,3;2,8;
1016062;"Lubochnia (2)";98,0;78,6;16,0;
1016072;"Rokiciny (2)";98,7;41,0;0,0;
1016082;"Rzeczyca (2)";90,2;10,5;0,0;
1016092;"Tomaszów Mazowiecki (2)";99,9;38,2;1,6;
1016102;"Ujazd (2)";98,9;42,9;30,3;
1016112;"Żelechlinek (2)";99,3;23,1;0,0;
1017012;"Biała (2)";88,4;0,9;0,0;
1017022;"Czarnożyły (2)";94,9;67,5;0,2;
1017032;"Konopnica (2)";93,2;24,0;0,0;
1017042;"Mokrsko (2)";94,5;33,1;1,7;
1017052;"Osjaków (2)";93,2;28,6;0,1;
1017062;"Ostrówek (2)";86,6;10,3;0,0;
1017072;"Pątnów (2)";91,7;0,0;0,0;
1017082;"Skomlin (2)";99,8;47,9;0,0;
1017093;"Wieluń (3)";98,1;82,7;3,1;
1017102;"Wierzchlas (2)";98,3;12,6;0,9;
1018012;"Bolesławiec (2)";97,3;96,6;0,1;
1018022;"Czastary (2)";95,7;42,8;0,0;
1018032;"Galewice (2)";99,9;38,4;0,0;
1018042;"Lututów (2)";99,9;22,7;0,0;
1018052;"Łubnice (2)";93,8;75,6;0,0;
1018062;"Sokolniki (2)";92,4;12,6;0,0;
1018073;"Wieruszów (3)";99,0;78,2;8,3;
1019011;"Zduńska Wola (1)";96,5;93,3;2,3;
1019023;"Szadek (3)";92,6;25,6;0,0;
1019032;"Zapolice (2)";97,6;29,0;0,0;
1019042;"Zduńska Wola (2)";99,0;53,8;0,6;
1020011;"Głowno (1)";87,9;71,6;0,0;
1020021;"Ozorków (1)";94,0;79,4;3,8;
1020031;"Zgierz (1)";96,4;84,5;67,6;
1020043;"Aleksandrów Łódzki (3)";98,3;71,9;55,5;
1020052;"Głowno (2)";88,3;0,0;0,0;
1020062;"Ozorków (2)";100,0;18,9;9,5;
1020072;"Parzęczew (2)";96,9;41,4;0,0;
1020083;"Stryków (3)";98,2;47,8;2,6;
1020092;"Zgierz (2)";100,0;4,2;9,6;
1021011;"Brzeziny (1)";95,6;93,8;0,1;
1021022;"Brzeziny (2)";99,9;0,0;1,0;
1021032;"Dmosin (2)";97,9;10,4;0,0;
1021042;"Jeżów (2)";92,9;29,5;0,1;
1021052;"Rogów (2)";92,6;0,0;0,0;
1061011;"Łódź (1)";94,9;87,6;81,2;
1062011;"Piotrków Trybunalski (1)";96,6;90,7;76,6;
1063011;"Skierniewice (1)";93,3;88,9;67,1;
1201011;"Bochnia (1)";94,8;92,3;90,6;
1201022;"Bochnia (2)";95,1;73,5;82,4;
1201032;"Drwinia (2)";81,1;0,0;72,8;
1201042;"Lipnica Murowana (2)";28,0;23,0;73,2;
1201052;"Łapanów (2)";84,3;26,2;68,5;
1201063;"Nowy Wiśnicz (3)";49,5;18,4;79,0;
1201072;"Rzezawa (2)";70,6;69,5;71,3;
1201082;"Trzciana (2)";39,6;32,6;79,0;
1201092;"Żegocina (2)";68,1;58,3;86,8;
1202012;"Borzęcin (2)";68,3;0,0;62,3;
1202023;"Brzesko (3)";82,2;54,5;86,4;
1202033;"Czchów (3)";72,3;30,8;69,7;
1202042;"Dębno (2)";88,8;59,1;80,4;
1202052;"Gnojnik (2)";30,5;16,9;63,1;
1202062;"Iwkowa (2)";53,8;0,0;73,9;
1202072;"Szczurowa (2)";85,3;11,8;49,3;
1203013;"Alwernia (3)";99,5;38,0;72,4;
1203022;"Babice (2)";98,9;10,9;60,9;
1203033;"Chrzanów (3)";98,4;82,8;75,1;
1203043;"Libiąż (3)";100,0;61,1;65,0;
1203053;"Trzebinia (3)";100,0;73,7;74,4;
1204012;"Bolesław (2)";92,1;24,3;82,5;
1204023;"Dąbrowa Tarnowska (3)";85,3;69,4;76,7;
1204032;"Gręboszów (2)";70,5;0,0;61,2;
1204042;"Mędrzechów (2)";88,9;0,0;73,7;
1204052;"Olesno (2)";94,7;30,2;69,1;
1204062;"Radgoszcz (2)";88,9;43,6;40,5;
1204073;"Szczucin (3)";94,1;29,5;39,3;
1205011;"Gorlice (1)";87,0;91,5;97,7;
1205023;"Biecz (3)";24,4;39,3;66,4;
1205033;"Bobowa (3)";37,0;50,0;62,0;
1205042;"Gorlice (2)";34,7;72,2;75,9;
1205052;"Lipinki (2)";1,4;54,7;74,6;
1205062;"Łużna (2)";4,7;2,0;53,5;
1205072;"Moszczenica (2)";4,7;56,5;59,8;
1205082;"Ropa (2)";9,5;18,4;49,9;
1205092;"Sękowa (2)";63,7;53,2;50,0;
1205102;"Uście Gorlickie (2)";34,8;39,7;10,1;
1206012;"Czernichów (2)";86,1;39,7;23,6;
1206022;"Igołomia-Wawrzeńczyce (2)";57,4;3,7;68,6;
1206032;"Iwanowice (2)";91,9;10,7;40,7;
1206042;"Jerzmanowice-Przeginia (2)";97,9;29,3;76,7;
1206052;"Kocmyrzów-Luborzyca (2)";99,8;21,7;83,3;
1206063;"Krzeszowice (3)";94,7;74,0;76,4;
1206072;"Liszki (2)";90,8;59,0;86,3;
1206082;"Michałowice (2)";96,5;26,7;86,1;
1206092;"Mogilany (2)";90,1;41,6;92,0;
1206103;"Skała (3)";98,0;62,1;60,2;
1206113;"Skawina (3)";98,1;74,1;83,6;
1206123;"Słomniki (3)";77,7;29,8;7,8;
1206132;"Sułoszowa (2)";93,6;63,7;41,1;
1206143;"Świątniki Górne (3)";95,5;40,9;84,8;
1206152;"Wielka Wieś (2)";96,0;68,6;94,7;
1206162;"Zabierzów (2)";99,2;92,2;89,6;
1206172;"Zielonki (2)";91,8;67,7;95,2;
1207011;"Limanowa (1)";82,1;69,5;87,8;
1207021;"Mszana Dolna (1)";56,3;60,1;75,9;
1207032;"Dobra (2)";47,0;27,2;46,5;
1207042;"Jodłownik (2)";35,0;20,7;39,2;
1207052;"Kamienica (2)";81,8;56,6;0,0;
1207062;"Laskowa (2)";41,6;37,0;58,2;
1207072;"Limanowa (2)";55,3;21,1;51,0;
1207082;"Łukowica (2)";13,0;27,5;1,2;
1207092;"Mszana Dolna (2)";28,3;41,1;57,2;
1207102;"Niedźwiedź (2)";42,5;29,8;56,4;
1207112;"Słopnice (2)";86,1;36,4;72,0;
1207122;"Tymbark (2)";72,1;28,9;58,5;
1208012;"Charsznica (2)";87,5;26,9;19,8;
1208022;"Gołcza (2)";92,3;20,5;13,2;
1208032;"Kozłów (2)";76,2;0,0;0,1;
1208042;"Książ Wielki (2)";75,1;18,5;2,0;
1208053;"Miechów (3)";94,1;51,4;6,2;
1208062;"Racławice (2)";78,0;0,0;0,4;
1208072;"Słaboszów (2)";86,8;0,0;0,0;
1209013;"Dobczyce (3)";97,4;55,3;74,3;
1209022;"Lubień (2)";99,9;31,7;50,3;
1209033;"Myślenice (3)";85,9;89,6;75,4;
1209042;"Pcim (2)";9,8;29,6;43,6;
1209052;"Raciechowice (2)";54,2;13,0;3,4;
1209062;"Siepraw (2)";87,0;54,6;65,9;
1209073;"Sułkowice (3)";65,9;58,5;57,6;
1209082;"Tokarnia (2)";0,0;27,1;41,2;
1209092;"Wiśniowa (2)";57,8;44,4;7,9;
1210011;"Grybów (1)";51,4;56,6;74,6;
1210022;"Chełmiec (2)";65,3;43,6;45,7;
1210032;"Gródek nad Dunajcem (2)";65,6;50,9;58,1;
1210042;"Grybów (2)";52,0;28,9;72,5;
1210052;"Kamionka Wielka (2)";91,6;41,6;70,2;
1210062;"Korzenna (2)";39,0;18,5;63,2;
1210073;"Krynica-Zdrój (3)";81,7;85,8;85,7;
1210082;"Łabowa (2)";9,6;30,3;53,0;
1210092;"Łącko (2)";34,1;33,3;0,3;
1210102;"Łososina Dolna (2)";49,8;28,7;70,7;
1210113;"Muszyna (3)";50,6;95,7;59,2;
1210122;"Nawojowa (2)";39,3;50,2;15,2;
1210133;"Piwniczna-Zdrój (3)";35,6;51,4;0,0;
1210142;"Podegrodzie (2)";44,7;31,0;0,0;
1210152;"Rytro (2)";50,1;68,2;0,0;
1210163;"Stary Sącz (3)";72,7;47,0;62,8;
1211011;"Nowy Targ (1)";82,3;93,8;13,1;
1211023;"Szczawnica (3)";80,5;82,4;0,0;
1211032;"Czarny Dunajec (2)";28,4;18,3;0,5;
1211042;"Czorsztyn (2)";76,5;92,6;0,0;
1211052;"Jabłonka (2)";53,4;83,8;0,0;
1211062;"Krościenko nad Dunajcem (2)";70,2;61,4;0,0;
1211072;"Lipnica Wielka (2)";0,0;82,8;0,1;
1211082;"Łapsze Niżne (2)";35,4;80,0;0,0;
1211092;"Nowy Targ (2)";47,4;51,2;9,3;
1211102;"Ochotnica Dolna (2)";4,6;64,2;0,0;
1211112;"Raba Wyżna (2)";23,2;17,0;39,2;
1211123;"Rabka-Zdrój (3)";50,0;54,0;32,2;
1211132;"Spytkowice (2)";82,8;55,2;41,2;
1211142;"Szaflary (2)";24,7;33,9;0,0;
1212011;"Bukowno (1)";99,9;82,6;75,3;
1212032;"Bolesław (2)";99,0;52,2;48,9;
1212042;"Klucze (2)";95,9;45,8;71,2;
1212053;"Olkusz (3)";99,9;70,0;85,1;
1212062;"Trzyciąż (2)";99,6;24,9;13,4;
1212073;"Wolbrom (3)";96,1;35,9;53,3;
1213011;"Oświęcim (1)";100,0;92,5;88,5;
1213023;"Brzeszcze (3)";99,9;70,3;82,2;
1213033;"Chełmek (3)";99,8;69,9;69,6;
1213043;"Kęty (3)";92,6;63,4;80,8;
1213052;"Osiek (2)";99,7;36,1;72,2;
1213062;"Oświęcim (2)";99,9;21,3;69,4;
1213072;"Polanka Wielka (2)";100,0;27,9;82,3;
1213082;"Przeciszów (2)";98,8;46,2;83,4;
1213093;"Zator (3)";98,0;76,8;76,4;
1214012;"Koniusza (2)";95,7;26,2;55,5;
1214022;"Koszyce (2)";66,0;79,8;0,3;
1214033;"Nowe Brzesko (3)";88,7;21,6;5,7;
1214042;"Pałecznica (2)";93,2;6,2;0,0;
1214053;"Proszowice (3)";98,5;41,2;8,4;
1214062;"Radziemice (2)";98,2;4,7;0,3;
1215011;"Jordanów (1)";81,4;46,0;1,3;
1215021;"Sucha Beskidzka (1)";71,5;79,8;76,2;
1215032;"Budzów (2)";0,6;0,2;0,0;
1215042;"Bystra-Sidzina (2)";47,0;0,0;0,1;
1215052;"Jordanów (2)";33,7;35,9;13,9;
1215063;"Maków Podhalański (3)";18,5;46,7;1,9;
1215072;"Stryszawa (2)";52,2;37,6;0,0;
1215082;"Zawoja (2)";25,4;13,4;0,0;
1215092;"Zembrzyce (2)";69,0;57,4;15,1;
1216013;"Ciężkowice (3)";71,4;27,8;48,7;
1216022;"Gromnik (2)";62,4;25,9;49,5;
1216032;"Lisia Góra (2)";96,8;66,3;69,9;
1216042;"Pleśna (2)";60,3;41,5;68,1;
1216053;"Radłów (3)";93,3;47,1;67,5;
1216063;"Ryglice (3)";18,4;46,1;56,5;
1216072;"Rzepiennik Strzyżewski (2)";9,6;15,6;56,7;
1216082;"Skrzyszów (2)";58,7;64,0;71,6;
1216092;"Tarnów (2)";93,4;74,6;84,8;
1216103;"Tuchów (3)";80,5;49,6;52,2;
1216112;"Wierzchosławice (2)";91,5;88,6;82,9;
1216122;"Wietrzychowice (2)";97,8;36,0;59,5;
1216133;"Wojnicz (3)";78,4;15,6;82,1;
1216143;"Zakliczyn (3)";31,2;33,9;55,7;
1216153;"Żabno (3)";99,8;75,1;77,0;
1216162;"Szerzyny (2)";50,2;41,4;74,8;
1217011;"Zakopane (1)";90,3;83,4;14,2;
1217022;"Biały Dunajec (2)";87,2;41,1;0,0;
1217032;"Bukowina Tatrzańska (2)";38,4;47,6;0,1;
1217042;"Kościelisko (2)";80,9;64,6;0,0;
1217052;"Poronin (2)";67,7;52,5;1,5;
1218013;"Andrychów (3)";87,7;80,2;73,8;
1218022;"Brzeźnica (2)";91,7;14,4;65,2;
1218033;"Kalwaria Zebrzydowska (3)";81,7;11,2;52,4;
1218042;"Lanckorona (2)";78,4;14,1;38,3;
1218052;"Mucharz (2)";82,8;99,9;3,3;
1218062;"Spytkowice (2)";99,0;34,4;73,1;
1218072;"Stryszów (2)";49,3;72,4;38,3;
1218082;"Tomice (2)";99,9;29,5;57,8;
1218093;"Wadowice (3)";83,9;68,9;70,6;
1218102;"Wieprz (2)";89,1;21,7;69,4;
1219012;"Biskupice (2)";73,8;2,8;80,8;
1219022;"Gdów (2)";85,0;26,2;72,1;
1219032;"Kłaj (2)";92,0;49,0;98,6;
1219043;"Niepołomice (3)";97,0;71,7;93,6;
1219053;"Wieliczka (3)";90,8;51,3;85,4;
1261011;"Kraków (1)";99,7;92,0;73,4;
1262011;"Nowy Sącz (1)";86,0;86,0;88,4;
1263011;"Tarnów (1)";100,0;87,8;94,1;
1401013;"Białobrzegi (3)";99,9;63,2;60,1;
1401022;"Promna (2)";38,8;0,0;41,1;
1401032;"Radzanów (2)";21,8;9,7;0,0;
1401042;"Stara Błotnica (2)";88,5;9,7;1,3;
1401052;"Stromiec (2)";84,4;32,0;0,0;
1401063;"Wyśmierzyce (3)";82,9;13,6;0,0;
1402011;"Ciechanów (1)";94,1;89,8;76,4;
1402022;"Ciechanów (2)";87,6;9,7;9,5;
1402033;"Glinojeck (3)";99,1;65,9;0,0;
1402042;"Gołymin-Ośrodek (2)";98,1;0,0;0,0;
1402052;"Grudusk (2)";99,8;44,6;0,0;
1402062;"Ojrzeń (2)";98,7;0,0;0,0;
1402072;"Opinogóra Górna (2)";92,8;26,9;5,9;
1402082;"Regimin (2)";99,9;14,0;5,4;
1402092;"Sońsk (2)";78,9;28,1;0,0;
1403011;"Garwolin (1)";98,6;88,4;94,1;
1403021;"Łaskarzew (1)";92,5;55,2;42,6;
1403032;"Borowie (2)";96,4;57,9;18,4;
1403042;"Garwolin (2)";88,8;47,9;37,6;
1403052;"Górzno (2)";84,8;30,3;26,0;
1403062;"Łaskarzew (2)";73,3;17,3;20,5;
1403072;"Maciejowice (2)";52,0;17,8;11,3;
1403082;"Miastków Kościelny (2)";82,7;29,0;19,1;
1403092;"Parysów (2)";91,7;21,4;18,1;
1403103;"Pilawa (3)";93,9;66,6;50,5;
1403112;"Sobolew (2)";77,4;33,9;27,8;
1403122;"Trojanów (2)";82,7;0,0;0,0;
1403132;"Wilga (2)";95,2;13,4;0,6;
1403143;"Żelechów (3)";92,5;49,3;34,9;
1404011;"Gostynin (1)";87,4;81,7;10,0;
1404022;"Gostynin (2)";83,9;15,3;0,5;
1404032;"Pacyna (2)";89,1;22,5;0,6;
1404043;"Sanniki (3)";82,4;16,9;0,1;
1404052;"Szczawin Kościelny (2)";85,1;15,8;0,0;
1405011;"Milanówek (1)";81,8;69,3;79,2;
1405021;"Podkowa Leśna (1)";86,3;86,0;87,0;
1405032;"Baranów (2)";95,6;15,6;12,7;
1405043;"Grodzisk Mazowiecki (3)";93,4;70,9;75,8;
1405052;"Jaktorów (2)";87,4;62,7;48,6;
1405062;"Żabia Wola (2)";99,6;13,0;45,7;
1406012;"Belsk Duży (2)";88,0;19,2;73,7;
1406022;"Błędów (2)";34,1;17,3;47,4;
1406032;"Chynów (2)";91,4;44,3;35,5;
1406042;"Goszczyn (2)";43,5;14,1;51,0;
1406053;"Grójec (3)";94,4;62,3;84,5;
1406062;"Jasieniec (2)";48,1;22,9;43,2;
1406073;"Mogielnica (3)";79,1;34,2;55,8;
1406083;"Nowe Miasto nad Pilicą (3)";91,5;34,7;1,3;
1406092;"Pniewy (2)";8,9;0,0;49,3;
1406113;"Warka (3)";73,2;61,6;21,2;
1407012;"Garbatka-Letnisko (2)";86,3;55,2;26,1;
1407022;"Głowaczów (2)";95,0;20,9;0,0;
1407032;"Gniewoszów (2)";62,5;12,8;0,0;
1407042;"Grabów nad Pilicą (2)";86,0;34,6;0,1;
1407053;"Kozienice (3)";90,9;90,2;64,6;
1407062;"Magnuszew (2)";51,8;42,4;0,0;
1407072;"Sieciechów (2)";85,9;40,3;1,4;
1408011;"Legionowo (1)";86,0;90,4;78,9;
1408022;"Jabłonna (2)";13,9;37,0;57,4;
1408032;"Nieporęt (2)";71,0;47,5;81,2;
1408043;"Serock (3)";95,3;63,9;65,8;
1408052;"Wieliszew (2)";68,3;70,6;71,1;
1409012;"Chotcza (2)";89,5;0,0;0,0;
1409022;"Ciepielów (2)";82,5;10,4;0,0;
1409033;"Lipsko (3)";70,9;42,4;0,0;
1409042;"Rzeczniów (2)";84,5;26,9;0,0;
1409052;"Sienno (2)";87,4;24,1;0,0;
1409062;"Solec nad Wisłą (2)";55,5;4,9;0,0;
1410012;"Huszlew (2)";77,0;25,3;0,0;
1410023;"Łosice (3)";87,2;56,9;16,2;
1410032;"Olszanka (2)";94,2;0,0;0,0;
1410042;"Platerów (2)";82,5;45,2;0,0;
1410052;"Sarnaki (2)";84,6;42,6;13,8;
1410062;"Stara Kornica (2)";90,9;40,8;0,0;
1411011;"Maków Mazowiecki (1)";96,1;89,7;0,7;
1411022;"Czerwonka (2)";92,2;0,0;0,0;
1411032;"Karniewo (2)";81,5;0,5;0,0;
1411042;"Krasnosielc (2)";97,5;0,0;0,0;
1411052;"Młynarze (2)";74,1;0,0;0,0;
1411062;"Płoniawy-Bramura (2)";78,0;22,7;0,0;
1411073;"Różan (3)";99,8;54,0;0,0;
1411082;"Rzewnie (2)";52,4;0,0;0,0;
1411092;"Sypniewo (2)";59,8;0,0;0,0;
1411102;"Szelków (2)";96,1;8,7;0,1;
1412011;"Mińsk Mazowiecki (1)";91,2;89,1;63,5;
1412042;"Cegłów (2)";81,9;36,7;0,4;
1412052;"Dębe Wielkie (2)";67,6;30,6;2,0;
1412062;"Dobre (2)";75,9;26,0;0,7;
1412073;"Halinów (3)";100,0;52,6;43,0;
1412082;"Jakubów (2)";86,5;22,5;0,0;
1412093;"Kałuszyn (3)";95,9;45,5;0,5;
1412102;"Latowicz (2)";82,9;30,5;9,0;
1412112;"Mińsk Mazowiecki (2)";99,9;32,7;12,8;
1412123;"Mrozy (3)";89,3;34,4;1,7;
1412132;"Siennica (2)";100,0;27,5;4,5;
1412142;"Stanisławów (2)";99,9;35,5;6,4;
1412151;"Sulejówek (1)";83,4;70,9;78,8;
1413011;"Mława (1)";91,9;85,3;89,3;
1413022;"Dzierzgowo (2)";96,8;0,0;0,0;
1413032;"Lipowiec Kościelny (2)";93,3;0,0;5,3;
1413042;"Radzanów (2)";95,3;17,3;1,2;
1413052;"Strzegowo (2)";83,7;63,9;0,0;
1413062;"Stupsk (2)";91,8;0,0;15,5;
1413072;"Szreńsk (2)";86,7;28,2;0,0;
1413082;"Szydłowo (2)";98,4;0,0;12,3;
1413092;"Wieczfnia Kościelna (2)";90,3;29,6;14,8;
1413102;"Wiśniewo (2)";97,4;2,3;0,0;
1414011;"Nowy Dwór Mazowiecki (1)";92,0;84,0;38,8;
1414022;"Czosnów (2)";85,3;56,2;55,3;
1414032;"Leoncin (2)";46,3;17,5;0,0;
1414043;"Nasielsk (3)";92,3;37,5;16,7;
1414052;"Pomiechówek (2)";88,1;42,7;25,5;
1414063;"Zakroczym (3)";80,1;35,2;0,4;
1415012;"Baranowo (2)";77,4;45,2;4,4;
1415022;"Czarnia (2)";48,3;2,5;0,0;
1415032;"Czerwin (2)";79,4;9,9;8,9;
1415042;"Goworowo (2)";87,1;13,1;0,0;
1415052;"Kadzidło (2)";72,7;32,0;9,3;
1415062;"Lelis (2)";79,4;24,8;12,5;
1415072;"Łyse (2)";31,6;33,0;1,1;
1415083;"Myszyniec (3)";90,0;35,3;0,1;
1415092;"Olszewo-Borki (2)";55,3;38,4;17,8;
1415102;"Rzekuń (2)";93,6;27,2;36,0;
1415112;"Troszyn (2)";70,4;16,9;10,5;
1416011;"Ostrów Mazowiecka (1)";89,9;77,4;15,6;
1416022;"Andrzejewo (2)";98,8;15,8;0,0;
1416032;"Boguty-Pianki (2)";94,7;36,5;0,0;
1416043;"Brok (3)";64,7;23,3;0,0;
1416052;"Małkinia Górna (2)";83,4;40,4;2,3;
1416062;"Nur (2)";96,9;0,0;0,0;
1416072;"Ostrów Mazowiecka (2)";99,0;19,8;3,4;
1416082;"Stary Lubotyń (2)";90,9;38,7;0,0;
1416092;"Szulborze Wielkie (2)";76,9;0,0;0,0;
1416102;"Wąsewo (2)";94,4;33,1;7,7;
1416112;"Zaręby Kościelne (2)";72,2;0,0;0,0;
1417011;"Józefów (1)";61,7;73,8;74,5;
1417021;"Otwock (1)";69,4;82,8;67,2;
1417032;"Celestynów (2)";99,9;43,4;28,5;
1417043;"Karczew (3)";85,1;45,8;44,2;
1417052;"Kołbiel (2)";83,1;35,2;59,9;
1417062;"Osieck (2)";99,9;43,6;12,0;
1417072;"Sobienie-Jeziory (2)";99,9;18,8;7,5;
1417082;"Wiązowna (2)";82,6;26,4;36,2;
1418013;"Góra Kalwaria (3)";96,9;54,7;39,1;
1418023;"Konstancin-Jeziorna (3)";74,8;65,0;73,3;
1418032;"Lesznowola (2)";100,0;91,4;85,5;
1418043;"Piaseczno (3)";97,3;84,8;78,2;
1418052;"Prażmów (2)";99,9;0,0;12,6;
1418063;"Tarczyn (3)";99,5;61,9;53,7;
1419012;"Bielsk (2)";76,3;27,0;0,9;
1419022;"Bodzanów (2)";82,9;20,3;0,0;
1419032;"Brudzeń Duży (2)";87,6;23,3;0,0;
1419042;"Bulkowo (2)";92,9;13,0;0,0;
1419053;"Drobin (3)";86,1;32,1;0,0;
1419063;"Gąbin (3)";87,4;23,3;5,2;
1419072;"Łąck (2)";93,2;45,3;0,0;
1419082;"Mała Wieś (2)";84,3;18,0;0,0;
1419092;"Nowy Duninów (2)";91,8;48,1;0,0;
1419102;"Radzanowo (2)";92,9;13,7;0,7;
1419112;"Słubice (2)";86,5;19,0;0,1;
1419122;"Słupno (2)";93,1;58,4;48,4;
1419132;"Stara Biała (2)";98,2;58,1;30,4;
1419142;"Staroźreby (2)";96,4;30,7;9,6;
1419153;"Wyszogród (3)";92,5;48,5;0,0;
1420011;"Płońsk (1)";99,9;96,9;93,0;
1420021;"Raciąż (1)";88,7;51,8;0,1;
1420032;"Baboszewo (2)";93,4;26,6;20,4;
1420042;"Czerwińsk nad Wisłą (2)";82,9;7,0;0,0;
1420052;"Dzierzążnia (2)";89,3;0,0;2,8;
1420062;"Joniec (2)";72,6;0,0;0,0;
1420072;"Naruszewo (2)";84,7;10,3;0,0;
1420082;"Nowe Miasto (2)";77,7;0,0;0,0;
1420092;"Płońsk (2)";98,3;11,6;9,7;
1420102;"Raciąż (2)";86,0;18,3;0,0;
1420112;"Sochocin (2)";93,4;21,3;20,0;
1420122;"Załuski (2)";99,9;0,0;1,9;
1421011;"Piastów (1)";73,5;88,8;95,4;
1421021;"Pruszków (1)";91,6;88,7;80,2;
1421033;"Brwinów (3)";75,1;60,0;79,8;
1421042;"Michałowice (2)";89,8;83,4;83,4;
1421052;"Nadarzyn (2)";96,0;64,7;79,7;
1421062;"Raszyn (2)";76,9;72,5;94,9;
1422011;"Przasnysz (1)";99,8;88,5;0,0;
1422023;"Chorzele (3)";90,1;30,0;0,2;
1422032;"Czernice Borowe (2)";99,6;25,2;0,0;
1422042;"Jednorożec (2)";93,2;31,0;0,0;
1422052;"Krasne (2)";99,0;47,9;0,0;
1422062;"Krzynowłoga Mała (2)";100,0;1,0;0,0;
1422072;"Przasnysz (2)";94,6;36,7;0,0;
1423012;"Borkowice (2)";88,9;16,7;0,0;
1423022;"Gielniów (2)";98,1;39,5;0,0;
1423032;"Klwów (2)";99,7;8,0;0,1;
1423042;"Odrzywół (2)";86,6;34,1;0,1;
1423052;"Potworów (2)";82,9;28,9;0,0;
1423063;"Przysucha (3)";96,1;66,6;0,1;
1423072;"Rusinów (2)";87,5;15,7;0,0;
1423082;"Wieniawa (2)";77,4;16,8;0,0;
1424012;"Gzy (2)";93,5;0,0;0,0;
1424022;"Obryte (2)";86,0;34,5;0,0;
1424032;"Pokrzywnica (2)";68,4;0,0;0,0;
1424043;"Pułtusk (3)";91,2;67,5;37,8;
1424052;"Świercze (2)";79,9;14,3;0,0;
1424062;"Winnica (2)";99,9;35,4;9,5;
1424072;"Zatory (2)";90,9;35,6;0,0;
1425011;"Pionki (1)";97,9;93,2;89,9;
1425022;"Gózd (2)";91,0;43,0;3,5;
1425033;"Iłża (3)";94,4;25,6;32,1;
1425042;"Jastrzębia (2)";90,9;43,6;1,0;
1425052;"Jedlińsk (2)";80,7;17,8;34,7;
1425062;"Jedlnia-Letnisko (2)";90,5;55,6;31,9;
1425072;"Kowala (2)";97,6;0,0;13,5;
1425082;"Pionki (2)";83,7;67,3;12,6;
1425092;"Przytyk (2)";88,0;40,3;0,0;
1425103;"Skaryszew (3)";97,8;25,8;37,2;
1425112;"Wierzbica (2)";87,0;39,3;0,0;
1425122;"Wolanów (2)";74,4;16,0;0,4;
1425132;"Zakrzew (2)";95,0;35,4;27,5;
1426012;"Domanice (2)";81,7;47,9;0,0;
1426022;"Korczew (2)";89,0;0,0;0,0;
1426032;"Kotuń (2)";78,5;25,7;0,6;
1426042;"Mokobody (2)";97,6;26,3;4,2;
1426053;"Mordy (3)";73,6;25,8;0,0;
1426062;"Paprotnia (2)";99,9;52,2;0,0;
1426072;"Przesmyki (2)";72,3;0,0;0,6;
1426082;"Siedlce (2)";93,0;61,0;36,5;
1426092;"Skórzec (2)";95,6;70,2;1,5;
1426102;"Suchożebry (2)";87,7;43,3;20,4;
1426112;"Wiśniew (2)";93,7;16,3;11,0;
1426122;"Wodynie (2)";73,7;34,4;0,0;
1426132;"Zbuczyn (2)";99,9;22,8;0,5;
1427011;"Sierpc (1)";96,6;76,0;12,4;
1427022;"Gozdowo (2)";97,8;38,0;9,3;
1427032;"Mochowo (2)";89,0;20,3;5,8;
1427042;"Rościszewo (2)";89,6;24,3;0,0;
1427052;"Sierpc (2)";99,2;8,6;0,1;
1427062;"Szczutowo (2)";90,3;37,1;0,0;
1427072;"Zawidz (2)";95,9;17,0;0,0;
1428011;"Sochaczew (1)";93,6;79,1;4,2;
1428022;"Brochów (2)";77,7;38,6;1,9;
1428032;"Iłów (2)";80,7;14,7;0,0;
1428042;"Młodzieszyn (2)";89,1;14,6;0,0;
1428052;"Nowa Sucha (2)";99,6;36,0;2,3;
1428062;"Rybno (2)";87,8;4,7;0,0;
1428072;"Sochaczew (2)";99,9;0,0;4,3;
1428082;"Teresin (2)";97,0;42,0;9,7;
1429011;"Sokołów Podlaski (1)";94,5;89,4;12,9;
1429022;"Bielany (2)";99,9;0,0;0,0;
1429032;"Ceranów (2)";54,2;0,0;0,0;
1429042;"Jabłonna Lacka (2)";94,5;23,7;0,0;
1429053;"Kosów Lacki (3)";68,5;19,1;0,0;
1429062;"Repki (2)";98,0;12,5;0,0;
1429072;"Sabnie (2)";89,0;0,0;0,0;
1429082;"Sokołów Podlaski (2)";79,3;6,9;1,5;
1429092;"Sterdyń (2)";70,6;21,0;0,0;
1430012;"Chlewiska (2)";96,9;28,5;0,0;
1430022;"Jastrząb (2)";89,6;0,0;0,0;
1430032;"Mirów (2)";89,0;0,0;0,0;
1430042;"Orońsko (2)";92,1;14,1;0,0;
1430053;"Szydłowiec (3)";94,3;59,8;35,2;
1432013;"Błonie (3)";89,6;80,8;74,0;
1432022;"Izabelin (2)";83,0;70,1;81,4;
1432032;"Kampinos (2)";100,0;43,1;1,7;
1432042;"Leszno (2)";84,0;31,9;40,5;
1432053;"Łomianki (3)";57,6;56,0;86,9;
1432063;"Ożarów Mazowiecki (3)";100,0;73,0;82,6;
1432072;"Stare Babice (2)";97,7;76,8;84,0;
1433011;"Węgrów (1)";87,7;78,1;20,2;
1433022;"Grębków (2)";99,9;0,0;0,0;
1433032;"Korytnica (2)";86,4;12,2;0,1;
1433042;"Liw (2)";74,0;26,4;0,1;
1433053;"Łochów (3)";92,6;41,0;0,2;
1433062;"Miedzna (2)";87,8;36,9;0,2;
1433072;"Sadowne (2)";84,8;17,3;0,0;
1433082;"Stoczek (2)";98,8;30,8;0,0;
1433092;"Wierzbno (2)";44,9;0,0;0,1;
1434011;"Kobyłka (1)";76,6;81,9;83,9;
1434021;"Marki (1)";87,6;87,3;95,8;
1434031;"Ząbki (1)";67,6;93,5;90,4;
1434041;"Zielonka (1)";98,7;89,0;93,9;
1434052;"Dąbrówka (2)";65,9;45,0;37,7;
1434062;"Jadów (2)";78,1;58,5;0,6;
1434072;"Klembów (2)";64,4;36,9;61,1;
1434082;"Poświętne (2)";12,6;0,0;5,8;
1434093;"Radzymin (3)";77,3;53,2;77,4;
1434102;"Strachówka (2)";35,7;0,0;0,4;
1434113;"Tłuszcz (3)";49,0;36,1;28,5;
1434123;"Wołomin (3)";86,6;69,9;73,5;
1435012;"Brańszczyk (2)";94,3;49,9;7,9;
1435022;"Długosiodło (2)";61,4;27,3;0,0;
1435032;"Rząśnik (2)";96,8;43,5;0,2;
1435042;"Somianka (2)";97,8;15,1;0,1;
1435053;"Wyszków (3)";98,0;75,1;70,0;
1435062;"Zabrodzie (2)";84,6;32,8;20,4;
1436012;"Kazanów (2)";58,3;14,8;0,0;
1436022;"Policzna (2)";69,6;31,8;9,6;
1436032;"Przyłęk (2)";73,2;0,0;0,0;
1436042;"Tczów (2)";86,1;49,9;0,0;
1436053;"Zwoleń (3)";67,7;42,1;13,5;
1437013;"Bieżuń (3)";96,3;27,1;0,0;
1437022;"Kuczbork-Osada (2)";99,5;31,9;0,0;
1437032;"Lubowidz (2)";95,7;14,9;0,0;
1437042;"Lutocin (2)";98,6;15,8;0,0;
1437052;"Siemiątkowo (2)";89,2;0,0;0,0;
1437063;"Żuromin (3)";99,9;57,5;0,1;
1438011;"Żyrardów (1)";93,4;84,4;67,0;
1438023;"Mszczonów (3)";88,4;53,1;46,0;
1438032;"Puszcza Mariańska (2)";95,8;29,7;0,9;
1438042;"Radziejowice (2)";89,2;38,2;35,8;
1438052;"Wiskitki (2)";85,3;16,3;0,4;
1461011;"Ostrołęka (1)";94,5;91,5;80,4;
1462011;"Płock (1)";96,4;90,7;62,2;
1463011;"Radom (1)";95,8;91,7;79,7;
1464011;"Siedlce (1)";96,1;94,0;82,7;
1465011;"M.st.Warszawa od 2002 (1)";96,2;94,8;73,5;
1601011;"Brzeg (1)";99,1;94,9;94,4;
1601022;"Skarbimierz (2)";96,4;72,6;42,9;
1601033;"Grodków (3)";97,0;77,8;37,5;
1601043;"Lewin Brzeski (3)";97,0;62,2;45,6;
1601052;"Lubsza (2)";95,1;78,0;0,0;
1601062;"Olszanka (2)";99,9;92,3;0,0;
1602013;"Baborów (3)";98,1;55,5;40,3;
1602022;"Branice (2)";88,0;42,7;25,0;
1602033;"Głubczyce (3)";96,5;77,5;53,1;
1602043;"Kietrz (3)";95,6;37,5;44,0;
1603011;"Kędzierzyn-Koźle (1)";100,0;89,1;82,8;
1603022;"Bierawa (2)";99,4;72,2;0,9;
1603032;"Cisek (2)";94,5;15,8;0,0;
1603042;"Pawłowiczki (2)";99,8;74,5;0,0;
1603052;"Polska Cerekiew (2)";94,8;50,2;0,0;
1603062;"Reńska Wieś (2)";99,9;68,1;0,0;
1604013;"Byczyna (3)";92,7;44,1;8,5;
1604023;"Kluczbork (3)";94,4;72,3;61,9;
1604032;"Lasowice Wielkie (2)";93,2;57,5;0,0;
1604043;"Wołczyn (3)";96,0;56,5;39,8;
1605013;"Gogolin (3)";99,9;78,9;27,2;
1605023;"Krapkowice (3)";98,9;73,0;47,2;
1605032;"Strzeleczki (2)";96,4;30,7;0,0;
1605042;"Walce (2)";97,6;61,9;0,0;
1605053;"Zdzieszowice (3)";99,4;83,6;67,4;
1606012;"Domaszowice (2)";99,5;24,0;0,2;
1606023;"Namysłów (3)";97,4;72,5;56,2;
1606032;"Pokój (2)";84,7;41,7;0,1;
1606042;"Świerczów (2)";98,9;29,7;0,0;
1606052;"Wilków (2)";99,9;69,8;0,0;
1607013;"Głuchołazy (3)";83,6;76,0;52,9;
1607022;"Kamiennik (2)";90,5;16,7;0,0;
1607033;"Korfantów (3)";99,4;18,5;3,3;
1607042;"Łambinowice (2)";97,4;35,1;1,0;
1607053;"Nysa (3)";96,8;96,5;71,2;
1607063;"Otmuchów (3)";98,3;83,3;35,9;
1607073;"Paczków (3)";99,1;45,1;53,7;
1607082;"Pakosławice (2)";94,6;2,8;0,0;
1607092;"Skoroszyce (2)";92,5;36,2;6,2;
1608013;"Dobrodzień (3)";88,8;37,2;0,0;
1608023;"Gorzów Śląski (3)";86,4;45,5;3,0;
1608033;"Olesno (3)";99,9;48,7;42,3;
1608043;"Praszka (3)";98,5;73,3;3,3;
1608052;"Radłów (2)";91,8;11,9;0,2;
1608062;"Rudniki (2)";92,0;51,9;0,0;
1608072;"Zębowice (2)";98,5;0,0;0,2;
1609012;"Chrząstowice (2)";95,8;88,8;2,1;
1609022;"Dąbrowa (2)";100,0;69,9;3,3;
1609032;"Dobrzeń Wielki (2)";97,5;97,0;10,3;
1609042;"Komprachcice (2)";99,5;81,6;8,8;
1609052;"Łubniany (2)";94,8;56,7;11,7;
1609062;"Murów (2)";88,7;36,8;0,0;
1609073;"Niemodlin (3)";99,9;57,5;38,5;
1609083;"Ozimek (3)";100,0;86,6;24,2;
1609092;"Popielów (2)";99,9;74,7;0,0;
1609103;"Prószków (3)";97,4;84,5;0,0;
1609112;"Tarnów Opolski (2)";98,5;66,0;6,4;
1609123;"Tułowice (3)";98,5;99,7;79,4;
1609132;"Turawa (2)";96,0;85,4;4,5;
1610013;"Biała (3)";88,1;19,4;0,1;
1610023;"Głogówek (3)";98,5;50,2;36,6;
1610032;"Lubrza (2)";97,6;0,0;0,0;
1610043;"Prudnik (3)";97,2;77,8;69,3;
1611012;"Izbicko (2)";99,9;57,9;0,0;
1611022;"Jemielnica (2)";99,9;73,2;0,0;
1611033;"Kolonowskie (3)";96,8;86,4;2,2;
1611043;"Leśnica (3)";99,9;56,2;0,0;
1611053;"Strzelce Opolskie (3)";98,8;80,3;48,8;
1611063;"Ujazd (3)";95,0;82,8;0,8;
1611073;"Zawadzkie (3)";100,0;82,0;2,9;
1661011;"Opole (1)";97,2;94,8;73,7;
1801032;"Czarna (2)";51,4;22,5;4,5;
1801052;"Lutowiska (2)";70,3;69,6;0,0;
1801083;"Ustrzyki Dolne (3)";74,3;49,8;0,5;
1802013;"Brzozów (3)";22,8;59,9;90,6;
1802022;"Domaradz (2)";23,7;38,0;63,2;
1802032;"Dydnia (2)";19,1;63,0;70,3;
1802042;"Haczów (2)";2,5;85,0;83,1;
1802052;"Jasienica Rosielna (2)";63,6;70,3;78,0;
1802062;"Nozdrzec (2)";8,0;11,2;54,5;
1803011;"Dębica (1)";92,7;84,5;96,7;
1803023;"Brzostek (3)";41,9;34,8;74,5;
1803032;"Czarna (2)";90,6;56,9;73,7;
1803042;"Dębica (2)";90,7;83,7;77,2;
1803052;"Jodłowa (2)";0,0;9,1;64,4;
1803063;"Pilzno (3)";68,8;30,6;77,6;
1803072;"Żyraków (2)";98,0;71,8;82,2;
1804011;"Jarosław (1)";94,2;82,5;96,4;
1804021;"Radymno (1)";99,9;69,7;84,3;
1804032;"Chłopice (2)";85,5;95,6;64,6;
1804042;"Jarosław (2)";99,9;89,3;73,4;
1804052;"Laszki (2)";89,0;43,9;39,8;
1804062;"Pawłosiów (2)";88,5;82,1;77,6;
1804073;"Pruchnik (3)";84,4;55,1;69,7;
1804082;"Radymno (2)";91,3;37,5;40,9;
1804092;"Rokietnica (2)";88,7;77,0;56,4;
1804102;"Roźwienica (2)";90,5;88,4;69,3;
1804112;"Wiązownica (2)";97,6;64,0;63,2;
1805011;"Jasło (1)";87,5;89,1;98,0;
1805022;"Brzyska (2)";0,0;0,0;81,7;
1805032;"Dębowiec (2)";46,1;32,4;76,2;
1805042;"Jasło (2)";34,5;80,8;88,7;
1805053;"Kołaczyce (3)";28,9;57,0;84,5;
1805062;"Krempna (2)";57,2;40,0;0,0;
1805072;"Nowy Żmigród (2)";23,6;47,0;72,4;
1805082;"Osiek Jasielski (2)";33,8;39,3;84,5;
1805092;"Skołyszyn (2)";34,7;46,6;81,8;
1805112;"Tarnowiec (2)";21,4;18,0;87,3;
1806012;"Cmolas (2)";93,7;63,8;55,0;
1806023;"Kolbuszowa (3)";89,4;44,1;75,3;
1806032;"Majdan Królewski (2)";87,6;81,0;64,7;
1806042;"Niwiska (2)";97,7;76,7;65,8;
1806052;"Raniżów (2)";92,6;58,4;42,2;
1806062;"Dzikowiec (2)";94,4;68,1;38,5;
1807012;"Chorkówka (2)";67,9;71,3;90,8;
1807023;"Dukla (3)";63,1;41,7;72,4;
1807033;"Iwonicz-Zdrój (3)";58,9;97,6;93,5;
1807043;"Jedlicze (3)";31,8;68,9;97,0;
1807052;"Korczyna (2)";44,7;54,9;83,6;
1807062;"Krościenko Wyżne (2)";80,5;98,5;94,3;
1807072;"Miejsce Piastowe (2)";54,3;95,1;95,3;
1807083;"Rymanów (3)";42,0;82,4;92,9;
1807092;"Wojaszówka (2)";28,6;59,7;83,0;
1807102;"Jaśliska (2)";70,1;4,5;0,0;
1808011;"Leżajsk (1)";90,6;88,3;91,5;
1808022;"Grodzisko Dolne (2)";96,9;56,6;40,4;
1808032;"Kuryłówka (2)";88,7;67,8;17,4;
1808042;"Leżajsk (2)";97,7;56,2;57,2;
1808053;"Nowa Sarzyna (3)";96,5;61,6;65,3;
1809011;"Lubaczów (1)";100,0;94,8;83,1;
1809023;"Cieszanów (3)";96,8;77,5;45,9;
1809032;"Horyniec-Zdrój (2)";82,2;64,3;1,2;
1809042;"Lubaczów (2)";99,9;67,1;30,7;
1809053;"Narol (3)";89,2;66,9;22,6;
1809063;"Oleszyce (3)";99,1;98,3;56,2;
1809072;"Stary Dzików (2)";87,0;91,9;0,0;
1809082;"Wielkie Oczy (2)";95,2;0,0;30,7;
1810011;"Łańcut (1)";99,9;92,4;99,6;
1810022;"Białobrzegi (2)";90,5;87,4;72,2;
1810032;"Czarna (2)";99,9;86,6;73,1;
1810042;"Łańcut (2)";92,4;90,6;81,4;
1810052;"Markowa (2)";73,3;49,8;61,2;
1810062;"Rakszawa (2)";95,8;57,9;43,6;
1810072;"Żołynia (2)";99,1;76,1;52,3;
1811011;"Mielec (1)";98,6;94,8;96,1;
1811022;"Borowa (2)";97,5;31,0;1,7;
1811032;"Czermin (2)";94,3;37,0;23,5;
1811042;"Gawłuszowice (2)";92,7;1,5;1,5;
1811052;"Mielec (2)";96,2;63,0;72,0;
1811062;"Padew Narodowa (2)";92,3;87,2;51,5;
1811073;"Przecław (3)";100,0;41,0;53,6;
1811083;"Radomyśl Wielki (3)";89,9;39,4;52,3;
1811092;"Tuszów Narodowy (2)";91,6;31,0;39,5;
1811102;"Wadowice Górne (2)";99,9;24,0;46,4;
1812012;"Harasiuki (2)";99,9;10,0;6,6;
1812022;"Jarocin (2)";88,9;76,0;0,0;
1812032;"Jeżowe (2)";91,6;77,8;42,3;
1812042;"Krzeszów (2)";93,2;30,5;44,2;
1812053;"Nisko (3)";78,7;72,8;74,8;
1812063;"Rudnik nad Sanem (3)";77,8;61,1;64,8;
1812073;"Ulanów (3)";96,0;71,6;43,9;
1813012;"Bircza (2)";14,4;33,6;4,3;
1813022;"Dubiecko (2)";18,4;35,1;38,3;
1813032;"Fredropol (2)";8,7;41,2;5,3;
1813042;"Krasiczyn (2)";73,7;79,9;51,2;
1813052;"Krzywcza (2)";8,1;36,8;0,0;
1813062;"Medyka (2)";96,0;94,5;70,1;
1813072;"Orły (2)";97,1;93,4;77,4;
1813082;"Przemyśl (2)";59,8;48,1;69,2;
1813092;"Stubno (2)";94,7;76,0;53,6;
1813102;"Żurawica (2)";94,0;84,6;86,1;
1814011;"Przeworsk (1)";95,9;92,3;88,8;
1814022;"Adamówka (2)";96,7;73,5;0,3;
1814032;"Gać (2)";95,1;81,8;65,3;
1814042;"Jawornik Polski (2)";20,1;13,2;47,2;
1814053;"Kańczuga (3)";83,2;64,8;61,8;
1814062;"Przeworsk (2)";92,4;87,7;69,6;
1814073;"Sieniawa (3)";96,0;72,9;53,5;
1814082;"Tryńcza (2)";95,4;83,0;58,9;
1814092;"Zarzecze (2)";95,8;85,2;75,8;
1815012;"Iwierzyce (2)";85,6;51,1;56,7;
1815022;"Ostrów (2)";96,9;69,7;45,5;
1815033;"Ropczyce (3)";75,8;51,6;70,9;
1815043;"Sędziszów Małopolski (3)";93,8;55,1;69,2;
1815052;"Wielopole Skrzyńskie (2)";32,1;0,0;43,5;
1816011;"Dynów (1)";43,1;63,5;60,5;
1816023;"Błażowa (3)";44,2;21,8;19,4;
1816033;"Boguchwała (3)";92,9;84,6;85,7;
1816042;"Chmielnik (2)";31,4;66,6;61,6;
1816052;"Dynów (2)";3,3;4,1;54,5;
1816063;"Głogów Małopolski (3)";99,9;83,5;71,8;
1816072;"Hyżne (2)";57,4;35,3;57,7;
1816082;"Kamień (2)";96,2;74,9;49,5;
1816092;"Krasne (2)";91,9;92,0;87,2;
1816102;"Lubenia (2)";55,0;68,8;41,1;
1816113;"Sokołów Małopolski (3)";97,6;73,4;42,2;
1816122;"Świlcza (2)";99,9;85,3;84,6;
1816132;"Trzebownisko (2)";99,9;93,6;84,0;
1816143;"Tyczyn (3)";63,9;67,4;56,3;
1817011;"Sanok (1)";95,1;99,9;96,9;
1817022;"Besko (2)";87,3;91,7;90,4;
1817032;"Bukowsko (2)";76,3;6,3;69,7;
1817042;"Komańcza (2)";44,5;48,3;0,0;
1817052;"Sanok (2)";33,4;60,1;81,4;
1817062;"Tyrawa Wołoska (2)";1,0;11,7;44,6;
1817073;"Zagórz (3)";56,7;63,4;63,0;
1817082;"Zarszyn (2)";44,9;77,5;81,3;
1818011;"Stalowa Wola (1)";96,4;88,6;94,8;
1818022;"Bojanów (2)";99,9;33,7;42,5;
1818032;"Pysznica (2)";95,7;43,7;59,1;
1818042;"Radomyśl nad Sanem (2)";81,8;11,3;43,4;
1818053;"Zaklików (3)";95,1;60,7;30,6;
1818062;"Zaleszany (2)";93,1;45,2;67,3;
1819012;"Czudec (2)";54,9;46,3;62,1;
1819022;"Frysztak (2)";47,8;38,3;76,9;
1819032;"Niebylec (2)";56,9;18,1;59,5;
1819043;"Strzyżów (3)";71,4;34,1;80,5;
1819052;"Wiśniowa (2)";75,8;17,5;78,0;
1820013;"Baranów Sandomierski (3)";87,4;35,7;62,6;
1820022;"Gorzyce (2)";99,4;73,5;84,7;
1820032;"Grębów (2)";99,9;59,3;47,2;
1820043;"Nowa Dęba (3)";100,0;87,2;82,9;
1821012;"Baligród (2)";50,0;31,1;5,2;
1821022;"Cisna (2)";41,0;54,8;0,0;
1821033;"Lesko (3)";70,5;71,7;44,0;
1821042;"Olszanica (2)";23,2;9,6;1,4;
1821052;"Solina (2)";88,4;55,6;11,1;
1861011;"Krosno (1)";94,5;90,5;96,9;
1862011;"Przemyśl (1)";95,3;92,6;72,1;
1863011;"Rzeszów (1)";98,1;95,7;90,6;
1864011;"Tarnobrzeg (1)";98,4;87,9;93,6;
2001011;"Augustów (1)";92,7;90,6;0,2;
2001022;"Augustów (2)";76,8;20,1;0,1;
2001032;"Bargłów Kościelny (2)";88,5;11,2;0,0;
2001043;"Lipsk (3)";73,4;36,8;0,0;
2001052;"Nowinka (2)";77,8;56,2;0,0;
2001062;"Płaska (2)";90,0;0,0;0,1;
2001072;"Sztabin (2)";64,3;21,0;0,0;
2002013;"Choroszcz (3)";83,2;45,6;7,1;
2002023;"Czarna Białostocka (3)";96,2;72,3;0,1;
2002032;"Dobrzyniewo Duże (2)";98,2;48,9;21,8;
2002042;"Gródek (2)";71,4;46,5;0,0;
2002052;"Juchnowiec Kościelny (2)";92,6;65,1;56,4;
2002063;"Łapy (3)";99,0;83,0;5,7;
2002073;"Michałowo (3)";94,0;53,1;0,0;
2002082;"Poświętne (2)";94,6;51,9;25,2;
2002093;"Supraśl (3)";87,1;84,3;45,1;
2002103;"Suraż (3)";96,6;37,0;0,0;
2002112;"Turośń Kościelna (2)";91,0;31,8;24,3;
2002123;"Tykocin (3)";83,6;21,9;0,0;
2002133;"Wasilków (3)";95,3;86,2;45,3;
2002143;"Zabłudów (3)";58,9;24,0;4,4;
2002152;"Zawady (2)";52,0;0,0;0,0;
2003011;"Bielsk Podlaski (1)";96,3;81,3;0,1;
2003021;"Brańsk (1)";99,5;91,8;0,0;
2003032;"Bielsk Podlaski (2)";84,8;15,4;0,0;
2003042;"Boćki (2)";76,7;21,7;0,0;
2003052;"Brańsk (2)";88,6;2,1;0,0;
2003062;"Orla (2)";95,6;22,8;0,0;
2003072;"Rudka (2)";80,1;73,4;0,0;
2003082;"Wyszki (2)";81,4;7,0;2,2;
2004011;"Grajewo (1)";97,5;85,0;0,1;
2004022;"Grajewo (2)";79,6;1,9;0,0;
2004032;"Radziłów (2)";82,3;27,8;0,0;
2004043;"Rajgród (3)";60,9;28,5;0,0;
2004053;"Szczuczyn (3)";89,0;25,6;0,0;
2004062;"Wąsosz (2)";87,8;44,2;0,0;
2005011;"Hajnówka (1)";96,8;87,3;0,0;
2005022;"Białowieża (2)";87,5;68,5;1,0;
2005032;"Czeremcha (2)";93,7;59,3;0,0;
2005042;"Czyże (2)";87,7;17,2;0,0;
2005052;"Dubicze Cerkiewne (2)";94,7;23,4;0,0;
2005062;"Hajnówka (2)";83,7;34,9;0,0;
2005073;"Kleszczele (3)";97,3;35,4;0,0;
2005082;"Narew (2)";72,6;24,4;0,0;
2005092;"Narewka (2)";94,9;49,7;1,0;
2006011;"Kolno (1)";99,9;87,6;0,0;
2006022;"Grabowo (2)";85,5;19,2;0,0;
2006032;"Kolno (2)";75,9;0,0;0,0;
2006042;"Mały Płock (2)";79,6;8,4;0,0;
2006053;"Stawiski (3)";81,8;30,8;0,0;
2006062;"Turośl (2)";45,8;13,6;0,0;
2007013;"Jedwabne (3)";48,7;21,6;0,0;
2007022;"Łomża (2)";97,3;24,7;3,1;
2007032;"Miastkowo (2)";82,1;0,0;0,0;
2007043;"Nowogród (3)";89,4;44,8;0,0;
2007052;"Piątnica (2)";89,9;24,9;4,8;
2007062;"Przytuły (2)";83,9;0,0;0,0;
2007072;"Śniadowo (2)";88,9;19,7;0,0;
2007082;"Wizna (2)";68,2;26,0;0,0;
2007092;"Zbójna (2)";62,4;0,0;0,0;
2008013;"Goniądz (3)";75,5;27,7;0,0;
2008022;"Jasionówka (2)";71,5;21,8;0,0;
2008032;"Jaświły (2)";78,2;30,1;0,0;
2008043;"Knyszyn (3)";91,3;61,3;0,0;
2008052;"Krypno (2)";85,8;49,0;0,1;
2008063;"Mońki (3)";84,1;60,8;0,0;
2008072;"Trzcianne (2)";70,6;29,2;0,0;
2009011;"Sejny (1)";98,7;75,1;0,0;
2009022;"Giby (2)";70,0;0,0;0,0;
2009032;"Krasnopol (2)";41,4;0,0;0,0;
2009042;"Puńsk (2)";94,6;31,5;0,0;
2009052;"Sejny (2)";68,3;0,0;0,0;
2010011;"Siemiatycze (1)";94,2;83,0;42,2;
2010023;"Drohiczyn (3)";83,1;21,6;0,1;
2010032;"Dziadkowice (2)";97,1;21,4;0,0;
2010042;"Grodzisk (2)";89,3;14,9;0,0;
2010052;"Mielnik (2)";93,4;25,2;12,6;
2010062;"Milejczyce (2)";85,2;0,0;0,0;
2010072;"Nurzec-Stacja (2)";74,1;16,0;0,0;
2010082;"Perlejewo (2)";78,2;0,0;0,0;
2010092;"Siemiatycze (2)";80,2;7,1;2,6;
2011013;"Dąbrowa Białostocka (3)";84,9;43,9;0,0;
2011022;"Janów (2)";71,2;18,5;0,1;
2011032;"Korycin (2)";75,4;15,1;0,0;
2011043;"Krynki (3)";86,1;53,5;0,0;
2011052;"Kuźnica (2)";63,2;34,6;0,0;
2011062;"Nowy Dwór (2)";78,3;23,5;0,0;
2011072;"Sidra (2)";65,9;14,0;0,0;
2011083;"Sokółka (3)";84,3;60,6;0,0;
2011093;"Suchowola (3)";87,6;28,3;0,0;
2011102;"Szudziałowo (2)";59,0;21,7;0,0;
2012012;"Bakałarzewo (2)";79,9;51,4;0,0;
2012022;"Filipów (2)";77,4;49,8;0,0;
2012032;"Jeleniewo (2)";94,3;22,0;0,0;
2012042;"Przerośl (2)";70,0;26,4;0,0;
2012052;"Raczki (2)";81,5;39,7;0,0;
2012062;"Rutka-Tartak (2)";94,1;28,3;0,0;
2012072;"Suwałki (2)";86,4;37,0;0,0;
2012082;"Szypliszki (2)";84,3;23,2;0,0;
2012092;"Wiżajny (2)";87,8;26,3;0,0;
2013011;"Wysokie Mazowieckie (1)";97,8;95,8;27,2;
2013023;"Ciechanowiec (3)";89,1;34,7;0,0;
2013033;"Czyżew (3)";94,3;35,6;2,5;
2013042;"Klukowo (2)";97,0;5,7;0,0;
2013052;"Kobylin-Borzymy (2)";92,4;0,0;0,0;
2013062;"Kulesze Kościelne (2)";94,9;0,0;0,0;
2013072;"Nowe Piekuty (2)";89,9;0,0;0,0;
2013082;"Sokoły (2)";93,1;25,4;0,5;
2013093;"Szepietowo (3)";92,1;30,2;0,0;
2013102;"Wysokie Mazowieckie (2)";97,0;0,0;2,4;
2014011;"Zambrów (1)";98,3;93,4;6,2;
2014022;"Kołaki Kościelne (2)";97,5;0,0;0,0;
2014032;"Rutki (2)";81,7;29,2;0,0;
2014042;"Szumowo (2)";95,8;0,0;0,0;
2014052;"Zambrów (2)";94,9;14,4;0,7;
2061011;"Białystok (1)";97,5;96,3;90,1;
2062011;"Łomża (1)";97,3;94,2;21,8;
2063011;"Suwałki (1)";96,3;94,7;21,1;
2201012;"Borzytuchom (2)";95,1;73,4;0,0;
2201023;"Bytów (3)";94,5;88,7;60,6;
2201032;"Czarna Dąbrówka (2)";94,1;64,6;0,1;
2201042;"Kołczygłowy (2)";93,5;63,4;0,0;
2201052;"Lipnica (2)";87,1;61,5;0,0;
2201063;"Miastko (3)";92,5;77,1;2,7;
2201072;"Parchowo (2)";100,0;56,9;0,0;
2201082;"Studzienice (2)";79,3;66,9;0,0;
2201092;"Trzebielino (2)";94,4;80,7;0,0;
2201102;"Tuchomie (2)";94,7;65,7;0,0;
2202011;"Chojnice (1)";100,0;99,4;69,0;
2202023;"Brusy (3)";90,5;75,9;0,0;
2202032;"Chojnice (2)";89,0;65,3;8,4;
2202043;"Czersk (3)";92,2;67,4;21,8;
2202052;"Konarzyny (2)";94,8;80,1;0,0;
2203011;"Człuchów (1)";98,7;96,1;4,8;
2203023;"Czarne (3)";92,3;85,2;1,3;
2203032;"Człuchów (2)";99,9;62,3;3,0;
2203043;"Debrzno (3)";99,9;76,2;0,0;
2203052;"Koczała (2)";73,4;66,2;0,0;
2203062;"Przechlewo (2)";90,0;75,5;0,3;
2203072;"Rzeczenica (2)";94,8;88,2;0,0;
2204011;"Pruszcz Gdański (1)";99,9;99,3;78,4;
2204022;"Cedry Wielkie (2)";98,3;55,4;2,3;
2204032;"Kolbudy (2)";98,6;88,7;52,9;
2204042;"Pruszcz Gdański (2)";99,5;89,6;64,0;
2204052;"Przywidz (2)";95,3;56,0;0,5;
2204062;"Pszczółki (2)";96,7;81,1;38,9;
2204072;"Suchy Dąb (2)";98,7;54,5;1,0;
2204082;"Trąbki Wielkie (2)";87,3;53,2;3,7;
2205012;"Chmielno (2)";99,9;61,8;0,7;
2205023;"Kartuzy (3)";99,7;66,9;12,6;
2205032;"Przodkowo (2)";91,1;61,0;3,0;
2205042;"Sierakowice (2)";89,8;52,7;0,6;
2205052;"Somonino (2)";99,9;76,0;0,3;
2205062;"Stężyca (2)";92,2;46,3;0,2;
2205072;"Sulęczyno (2)";92,9;57,2;0,0;
2205083;"Żukowo (3)";99,2;50,2;60,1;
2206011;"Kościerzyna (1)";99,4;95,3;1,9;
2206022;"Dziemiany (2)";77,3;70,6;0,0;
2206032;"Karsin (2)";78,4;72,8;0,5;
2206042;"Kościerzyna (2)";69,3;53,6;2,2;
2206052;"Liniewo (2)";92,8;50,7;0,0;
2206062;"Lipusz (2)";79,9;77,2;0,0;
2206072;"Nowa Karczma (2)";93,2;54,6;0,4;
2206082;"Stara Kiszewa (2)";69,4;64,9;0,0;
2207011;"Kwidzyn (1)";99,0;94,5;86,0;
2207022;"Gardeja (2)";99,1;56,9;0,0;
2207032;"Kwidzyn (2)";99,8;83,3;25,9;
2207043;"Prabuty (3)";95,7;61,0;49,1;
2207052;"Ryjewo (2)";80,1;38,7;0,2;
2207062;"Sadlinki (2)";81,1;27,5;0,0;
2208011;"Lębork (1)";98,2;94,0;91,5;
2208021;"Łeba (1)";97,6;99,9;6,7;
2208032;"Cewice (2)";88,7;77,3;0,6;
2208042;"Nowa Wieś Lęborska (2)";87,1;40,0;11,6;
2208052;"Wicko (2)";93,0;33,7;1,0;
2209011;"Malbork (1)";99,4;90,6;84,0;
2209032;"Lichnowy (2)";99,9;62,3;0,0;
2209042;"Malbork (2)";95,8;23,1;11,7;
2209062;"Miłoradz (2)";98,0;71,1;0,0;
2209073;"Nowy Staw (3)";100,0;70,5;51,6;
2209082;"Stare Pole (2)";99,8;66,5;36,9;
2210011;"Krynica Morska (1)";99,9;99,9;0,0;
2210023;"Nowy Dwór Gdański (3)";100,0;66,1;31,2;
2210032;"Ostaszewo (2)";100,0;7,2;0,1;
2210042;"Stegna (2)";96,1;86,4;0,0;
2210052;"Sztutowo (2)";96,5;96,0;0,4;
2211011;"Hel (1)";98,4;95,4;0,0;
2211023;"Jastarnia (3)";99,9;98,2;20,9;
2211031;"Puck (1)";98,4;96,9;18,9;
2211043;"Władysławowo (3)";99,1;97,2;27,8;
2211052;"Kosakowo (2)";100,0;95,7;48,8;
2211062;"Krokowa (2)";94,5;88,6;36,7;
2211072;"Puck (2)";97,4;67,3;7,3;
2212011;"Ustka (1)";99,9;97,9;72,7;
2212022;"Damnica (2)";100,0;81,6;0,0;
2212032;"Dębnica Kaszubska (2)";98,8;87,1;0,0;
2212042;"Główczyce (2)";88,0;60,7;0,0;
2212053;"Kępice (3)";88,6;68,8;0,0;
2212062;"Kobylnica (2)";95,6;92,4;19,2;
2212072;"Potęgowo (2)";90,4;67,3;0,0;
2212082;"Słupsk (2)";95,6;87,4;9,7;
2212092;"Smołdzino (2)";97,5;31,8;0,0;
2212102;"Ustka (2)";98,9;74,8;6,5;
2213013;"Czarna Woda (3)";94,7;52,5;0,0;
2213021;"Skórcz (1)";98,3;99,1;0,0;
2213031;"Starogard Gdański (1)";95,7;88,3;77,6;
2213042;"Bobowo (2)";86,7;36,8;0,5;
2213052;"Kaliska (2)";93,9;60,9;0,0;
2213062;"Lubichowo (2)";92,9;32,2;0,0;
2213072;"Osieczna (2)";88,6;0,0;0,0;
2213082;"Osiek (2)";32,0;26,9;0,0;
2213093;"Skarszewy (3)";93,5;54,7;0,0;
2213102;"Skórcz (2)";88,9;36,1;0,0;
2213112;"Smętowo Graniczne (2)";97,3;49,3;0,0;
2213122;"Starogard Gdański (2)";81,6;48,8;14,4;
2213132;"Zblewo (2)";95,9;47,5;0,0;
2214011;"Tczew (1)";99,4;95,2;78,7;
2214023;"Gniew (3)";89,8;64,4;39,7;
2214032;"Morzeszczyn (2)";96,7;56,5;0,0;
2214043;"Pelplin (3)";96,1;77,9;5,4;
2214052;"Subkowy (2)";99,7;64,3;5,3;
2214062;"Tczew (2)";100,0;95,0;45,6;
2215011;"Reda (1)";95,0;77,1;51,5;
2215021;"Rumia (1)";95,9;89,9;80,3;
2215031;"Wejherowo (1)";98,8;98,8;67,4;
2215042;"Choczewo (2)";76,7;40,7;0,0;
2215052;"Gniewino (2)";99,1;77,5;4,4;
2215062;"Linia (2)";92,0;48,2;0,0;
2215072;"Luzino (2)";99,7;43,6;16,9;
2215082;"Łęczyce (2)";88,0;71,4;0,1;
2215092;"Szemud (2)";95,0;46,4;17,7;
2215102;"Wejherowo (2)";84,0;90,8;14,6;
2216013;"Dzierzgoń (3)";89,7;85,8;54,8;
2216022;"Mikołajki Pomorskie (2)";86,5;67,8;0,0;
2216032;"Stary Dzierzgoń (2)";95,3;51,6;0,0;
2216042;"Stary Targ (2)";64,6;21,3;0,0;
2216053;"Sztum (3)";89,7;70,8;54,9;
2261011;"Gdańsk (1)";100,0;96,5;75,4;
2262011;"Gdynia (1)";98,2;94,9;72,3;
2263011;"Słupsk (1)";98,2;94,9;84,8;
2264011;"Sopot (1)";100,0;100,0;84,9;
2401011;"Będzin (1)";99,9;86,7;72,9;
2401021;"Czeladź (1)";99,6;89,9;68,9;
2401031;"Wojkowice (1)";99,9;58,7;36,2;
2401042;"Bobrowniki (2)";99,1;57,9;56,5;
2401052;"Mierzęcice (2)";99,2;66,5;80,9;
2401062;"Psary (2)";99,9;3,2;64,0;
2401073;"Siewierz (3)";99,9;22,7;49,7;
2401081;"Sławków (1)";99,9;50,7;44,8;
2402011;"Szczyrk (1)";48,6;56,1;59,1;
2402022;"Bestwina (2)";95,2;39,1;91,5;
2402032;"Buczkowice (2)";41,1;92,8;66,0;
2402043;"Czechowice-Dziedzice (3)";99,9;73,6;79,4;
2402052;"Jasienica (2)";80,5;15,2;74,7;
2402062;"Jaworze (2)";66,6;71,4;93,3;
2402072;"Kozy (2)";88,8;45,9;94,3;
2402082;"Porąbka (2)";85,9;26,4;81,5;
2402093;"Wilamowice (3)";96,9;55,7;79,3;
2402102;"Wilkowice (2)";86,8;66,7;66,3;
2403011;"Cieszyn (1)";98,1;82,2;92,3;
2403021;"Ustroń (1)";77,8;90,4;82,2;
2403031;"Wisła (1)";45,8;63,6;71,6;
2403042;"Brenna (2)";30,5;61,7;68,1;
2403052;"Chybie (2)";99,1;64,9;73,6;
2403062;"Dębowiec (2)";98,0;44,2;78,9;
2403072;"Goleszów (2)";67,9;19,3;72,0;
2403082;"Hażlach (2)";99,9;47,5;75,6;
2403092;"Istebna (2)";44,2;32,2;0,5;
2403103;"Skoczów (3)";99,5;74,8;92,0;
2403113;"Strumień (3)";95,8;27,7;64,5;
2403122;"Zebrzydowice (2)";83,9;67,3;69,2;
2404013;"Blachownia (3)";95,1;52,4;5,8;
2404022;"Dąbrowa Zielona (2)";85,7;31,0;0,1;
2404032;"Janów (2)";93,5;40,6;0,3;
2404042;"Kamienica Polska (2)";87,1;66,4;46,8;
2404052;"Kłomnice (2)";87,1;36,8;9,1;
2404063;"Koniecpol (3)";72,9;44,3;0,3;
2404072;"Konopiska (2)";88,6;60,9;17,3;
2404082;"Kruszyna (2)";97,6;35,8;0,2;
2404092;"Lelów (2)";89,7;23,9;0,0;
2404102;"Mstów (2)";99,9;36,0;29,8;
2404112;"Mykanów (2)";89,2;32,5;30,6;
2404122;"Olsztyn (2)";99,9;41,5;46,3;
2404132;"Poczesna (2)";97,7;57,9;53,1;
2404142;"Przyrów (2)";82,9;55,1;0,0;
2404152;"Rędziny (2)";97,6;25,6;50,8;
2404162;"Starcza (2)";87,1;78,8;13,1;
2405011;"Knurów (1)";99,9;89,6;75,6;
2405021;"Pyskowice (1)";99,9;94,3;90,9;
2405032;"Gierałtowice (2)";100,0;74,2;12,3;
2405042;"Pilchowice (2)";95,5;26,9;14,9;
2405052;"Rudziniec (2)";100,0;12,0;2,7;
2405063;"Sośnicowice (3)";99,9;44,8;3,6;
2405073;"Toszek (3)";99,9;42,0;28,9;
2405082;"Wielowieś (2)";100,0;48,1;21,2;
2406013;"Kłobuck (3)";94,2;79,9;3,8;
2406023;"Krzepice (3)";99,9;78,5;0,0;
2406032;"Lipie (2)";94,4;23,6;0,0;
2406042;"Miedźno (2)";94,7;53,2;0,0;
2406052;"Opatów (2)";93,9;47,6;0,0;
2406062;"Panki (2)";91,2;39,9;0,0;
2406072;"Popów (2)";95,1;43,9;0,0;
2406082;"Przystajń (2)";96,2;40,5;0,0;
2406092;"Wręczyca Wielka (2)";96,6;35,5;0,1;
2407011;"Lubliniec (1)";92,0;85,9;56,7;
2407022;"Boronów (2)";99,6;95,5;0,0;
2407032;"Ciasna (2)";98,5;67,9;4,6;
2407042;"Herby (2)";99,1;98,1;6,3;
2407052;"Kochanowice (2)";86,3;74,2;0,2;
2407062;"Koszęcin (2)";99,3;79,5;0,9;
2407072;"Pawonków (2)";91,1;26,1;0,2;
2407083;"Woźniki (3)";97,3;49,2;0,2;
2408011;"Łaziska Górne (1)";100,0;90,2;68,1;
2408021;"Mikołów (1)";98,0;81,2;67,3;
2408031;"Orzesze (1)";99,5;42,8;17,3;
2408042;"Ornontowice (2)";99,9;53,3;18,5;
2408052;"Wyry (2)";97,6;73,8;58,6;
2409011;"Myszków (1)";90,5;62,6;64,6;
2409023;"Koziegłowy (3)";88,0;4,3;24,9;
2409032;"Niegowa (2)";99,9;19,3;0,0;
2409042;"Poraj (2)";91,9;39,4;40,3;
2409053;"Żarki (3)";88,9;39,4;28,5;
2410012;"Goczałkowice-Zdrój (2)";98,7;95,3;82,3;
2410022;"Kobiór (2)";98,6;84,9;48,4;
2410032;"Miedźna (2)";99,9;81,6;79,3;
2410042;"Pawłowice (2)";100,0;98,5;67,0;
2410053;"Pszczyna (3)";99,9;55,6;74,7;
2410062;"Suszec (2)";97,4;58,1;58,9;
2411011;"Racibórz (1)";99,1;95,3;85,2;
2411022;"Kornowac (2)";86,7;10,3;4,9;
2411033;"Krzanowice (3)";94,4;43,9;0,2;
2411042;"Krzyżanowice (2)";99,6;0,0;25,8;
2411053;"Kuźnia Raciborska (3)";99,9;46,5;0,4;
2411062;"Nędza (2)";96,7;0,0;0,6;
2411072;"Pietrowice Wielkie (2)";97,1;0,0;4,4;
2411082;"Rudnik (2)";99,8;33,8;3,2;
2412013;"Czerwionka-Leszczyny (3)";98,3;43,3;33,9;
2412022;"Gaszowice (2)";99,9;46,2;0,0;
2412032;"Jejkowice (2)";99,2;49,5;0,2;
2412042;"Lyski (2)";90,6;20,4;0,5;
2412052;"Świerklany (2)";99,9;64,6;47,3;
2413011;"Kalety (1)";95,5;62,3;0,3;
2413021;"Miasteczko Śląskie (1)";98,9;78,7;60,3;
2413031;"Radzionków (1)";98,5;93,2;48,8;
2413041;"Tarnowskie Góry (1)";98,7;86,0;73,9;
2413052;"Krupski Młyn (2)";95,9;94,4;33,4;
2413062;"Ożarowice (2)";99,9;57,2;55,2;
2413072;"Świerklaniec (2)";100,0;44,6;65,4;
2413082;"Tworóg (2)";99,8;43,9;18,2;
2413092;"Zbrosławice (2)";99,2;32,9;24,5;
2414011;"Bieruń (1)";99,3;97,5;55,9;
2414021;"Imielin (1)";99,9;74,9;62,5;
2414031;"Lędziny (1)";99,9;97,6;63,3;
2414042;"Bojszowy (2)";96,7;83,3;0,0;
2414052;"Chełm Śląski (2)";99,9;91,9;53,2;
2415011;"Pszów (1)";99,9;61,7;21,6;
2415021;"Radlin (1)";99,5;81,3;50,4;
2415031;"Rydułtowy (1)";99,9;67,6;20,6;
2415041;"Wodzisław Śląski (1)";97,3;81,2;69,0;
2415052;"Godów (2)";88,3;56,9;23,3;
2415062;"Gorzyce (2)";99,8;48,5;8,2;
2415072;"Lubomia (2)";91,7;4,2;4,8;
2415082;"Marklowice (2)";99,9;56,0;43,4;
2415092;"Mszana (2)";93,6;73,2;30,8;
2416011;"Poręba (1)";99,9;50,7;54,6;
2416021;"Zawiercie (1)";99,0;85,7;76,1;
2416032;"Irządze (2)";93,5;0,0;0,0;
2416042;"Kroczyce (2)";99,9;11,8;0,0;
2416053;"Łazy (3)";99,9;26,8;35,1;
2416063;"Ogrodzieniec (3)";99,9;32,2;47,9;
2416073;"Pilica (3)";93,8;65,1;4,6;
2416083;"Szczekociny (3)";62,8;35,0;0,1;
2416092;"Włodowice (2)";99,9;11,9;11,1;
2416102;"Żarnowiec (2)";88,2;2,8;0,0;
2417011;"Żywiec (1)";89,0;86,5;12,9;
2417022;"Czernichów (2)";44,4;82,1;58,0;
2417032;"Gilowice (2)";61,8;95,1;0,2;
2417042;"Jeleśnia (2)";44,2;41,7;0,0;
2417052;"Koszarawa (2)";0,0;99,8;0,0;
2417062;"Lipowa (2)";75,8;87,1;37,7;
2417072;"Łękawica (2)";60,7;78,5;0,4;
2417082;"Łodygowice (2)";98,9;99,9;45,8;
2417092;"Milówka (2)";31,9;61,6;0,0;
2417102;"Radziechowy-Wieprz (2)";63,3;93,9;0,3;
2417112;"Rajcza (2)";8,6;59,8;0,0;
2417122;"Ślemień (2)";35,7;36,4;0,0;
2417132;"Świnna (2)";41,7;77,6;0,5;
2417142;"Ujsoły (2)";0,0;65,0;0,0;
2417152;"Węgierska Górka (2)";60,7;87,5;0,0;
2461011;"Bielsko-Biała (1)";98,0;85,4;87,8;
2462011;"Bytom (1)";100,0;100,0;81,4;
2463011;"Chorzów (1)";100,0;73,2;79,9;
2464011;"Częstochowa (1)";96,3;88,2;73,2;
2465011;"Dąbrowa Górnicza (1)";99,2;88,6;76,6;
2466011;"Gliwice (1)";97,8;90,4;81,9;
2467011;"Jastrzębie-Zdrój (1)";99,9;86,6;81,7;
2468011;"Jaworzno (1)";98,8;88,1;35,0;
2469011;"Katowice (1)";98,5;95,5;76,7;
2470011;"Mysłowice (1)";99,9;83,6;73,1;
2471011;"Piekary Śląskie (1)";99,9;90,4;56,3;
2472011;"Ruda Śląska (1)";99,1;88,7;70,0;
2473011;"Rybnik (1)";97,2;79,0;57,9;
2474011;"Siemianowice Śląskie (1)";99,9;99,9;90,7;
2475011;"Sosnowiec (1)";100,0;91,1;72,9;
2476011;"Świętochłowice (1)";99,9;99,9;73,7;
2477011;"Tychy (1)";100,0;100,0;84,8;
2478011;"Zabrze (1)";98,3;91,9;76,8;
2479011;"Żory (1)";100,0;97,8;88,0;
2601013;"Busko-Zdrój (3)";92,9;71,0;52,0;
2601022;"Gnojno (2)";78,7;7,9;1,9;
2601032;"Nowy Korczyn (2)";81,6;38,5;40,2;
2601042;"Pacanów (2)";85,5;19,0;16,4;
2601052;"Solec-Zdrój (2)";92,4;56,6;42,0;
2601063;"Stopnica (3)";90,8;60,0;53,6;
2601072;"Tuczępy (2)";99,6;18,0;38,3;
2601083;"Wiślica (3)";97,4;38,8;0,4;
2602012;"Imielno (2)";82,6;0,0;0,0;
2602023;"Jędrzejów (3)";76,5;52,4;2,3;
2602033;"Małogoszcz (3)";94,3;39,7;0,5;
2602042;"Nagłowice (2)";32,2;12,0;0,0;
2602052;"Oksa (2)";89,3;0,0;0,0;
2602063;"Sędziszów (3)";79,4;47,4;0,0;
2602072;"Słupia (2)";21,7;31,2;0,0;
2602082;"Sobków (2)";95,6;47,3;0,1;
2602092;"Wodzisław (2)";79,9;17,9;0,0;
2603012;"Bejsce (2)";75,8;0,0;0,0;
2603022;"Czarnocin (2)";96,1;0,0;0,0;
2603033;"Kazimierza Wielka (3)";70,2;51,9;0,0;
2603042;"Opatowiec (2)";84,0;10,1;0,0;
2603053;"Skalbmierz (3)";94,8;25,8;0,5;
2604012;"Bieliny (2)";99,8;51,4;3,9;
2604023;"Bodzentyn (3)";89,0;58,0;0,0;
2604033;"Chęciny (3)";99,9;32,2;4,5;
2604043;"Chmielnik (3)";99,0;58,6;2,0;
2604053;"Daleszyce (3)";97,9;57,4;1,0;
2604062;"Górno (2)";97,6;42,9;0,3;
2604073;"Łagów (3)";84,5;41,3;0,0;
2604082;"Łopuszno (2)";98,8;8,1;0,0;
2604092;"Masłów (2)";81,5;73,4;6,4;
2604102;"Miedziana Góra (2)";98,4;58,9;15,0;
2604112;"Mniów (2)";95,3;37,5;0,2;
2604123;"Morawica (3)";98,5;77,6;23,8;
2604132;"Nowa Słupia (2)";88,5;39,4;0,6;
2604142;"Piekoszów (2)";99,9;47,8;0,2;
2604152;"Pierzchnica (2)";100,0;28,0;2,8;
2604162;"Raków (2)";92,3;32,7;0,0;
2604172;"Nowiny (2)";99,3;84,8;7,1;
2604182;"Strawczyn (2)";99,9;81,9;0,2;
2604192;"Zagnańsk (2)";94,5;55,6;54,4;
2605012;"Fałków (2)";84,1;57,2;0,3;
2605022;"Gowarczów (2)";98,4;28,6;11,6;
2605033;"Końskie (3)";89,4;75,3;49,3;
2605043;"Radoszyce (3)";85,7;31,3;0,0;
2605052;"Ruda Maleniecka (2)";87,5;8,4;0,0;
2605062;"Słupia Konecka (2)";86,9;0,0;0,0;
2605072;"Smyków (2)";92,5;41,2;0,0;
2605083;"Stąporków (3)";76,3;29,4;3,3;
2606012;"Baćkowice (2)";89,2;37,7;0,0;
2606022;"Iwaniska (2)";74,6;26,7;1,5;
2606032;"Lipnik (2)";88,4;32,9;26,9;
2606043;"Opatów (3)";80,8;49,0;41,5;
2606053;"Ożarów (3)";91,2;48,7;45,2;
2606062;"Sadowie (2)";65,0;0,0;23,1;
2606072;"Tarłów (2)";78,3;22,4;0,0;
2606082;"Wojciechowice (2)";95,2;21,0;28,5;
2607011;"Ostrowiec Świętokrzyski (1)";98,7;89,1;79,2;
2607022;"Bałtów (2)";80,9;36,3;0,0;
2607032;"Bodzechów (2)";89,3;37,9;29,5;
2607043;"Ćmielów (3)";84,1;29,2;42,0;
2607053;"Kunów (3)";98,0;48,0;31,1;
2607062;"Waśniów (2)";84,9;11,0;0,0;
2608013;"Działoszyce (3)";99,9;22,1;0,0;
2608022;"Kije (2)";94,8;57,1;0,1;
2608032;"Michałów (2)";75,8;14,9;0,0;
2608043;"Pińczów (3)";93,4;69,5;3,5;
2608052;"Złota (2)";91,7;33,4;0,0;
2609011;"Sandomierz (1)";92,3;82,4;93,0;
2609022;"Dwikozy (2)";88,4;9,8;38,9;
2609032;"Klimontów (2)";60,5;24,6;9,3;
2609043;"Koprzywnica (3)";89,6;29,3;35,5;
2609052;"Łoniów (2)";95,2;18,0;27,2;
2609062;"Obrazów (2)";96,8;14,6;61,7;
2609072;"Samborzec (2)";88,1;20,9;63,6;
2609082;"Wilczyce (2)";81,7;0,0;27,1;
2609093;"Zawichost (3)";85,0;20,2;23,7;
2610011;"Skarżysko-Kamienna (1)";96,6;89,1;78,6;
2610022;"Bliżyn (2)";98,6;33,5;41,1;
2610032;"Łączna (2)";98,9;39,4;2,6;
2610042;"Skarżysko Kościelne (2)";89,8;63,3;15,2;
2610053;"Suchedniów (3)";96,7;50,1;59,1;
2611011;"Starachowice (1)";96,8;85,9;77,7;
2611022;"Brody (2)";91,0;75,4;48,4;
2611032;"Mirzec (2)";95,3;47,8;24,0;
2611042;"Pawłów (2)";99,7;43,9;23,2;
2611053;"Wąchock (3)";86,0;72,5;38,8;
2612012;"Bogoria (2)";94,1;49,2;11,4;
2612022;"Łubnice (2)";96,3;0,0;0,0;
2612032;"Oleśnica (2)";87,2;41,6;46,2;
2612043;"Osiek (3)";99,9;19,6;0,0;
2612053;"Połaniec (3)";100,0;94,0;1,9;
2612062;"Rytwiany (2)";84,5;33,5;16,8;
2612073;"Staszów (3)";89,6;67,9;54,9;
2612082;"Szydłów (2)";90,2;15,8;11,9;
2613012;"Kluczewsko (2)";84,6;51,1;0,0;
2613022;"Krasocin (2)";92,4;56,9;0,0;
2613032;"Moskorzew (2)";40,2;0,0;0,0;
2613042;"Radków (2)";78,3;47,5;0,0;
2613052;"Secemin (2)";86,2;34,9;0,0;
2613063;"Włoszczowa (3)";84,7;59,5;1,2;
2661011;"Kielce (1)";95,9;90,0;81,9;
2801011;"Bartoszyce (1)";98,3;99,6;91,4;
2801021;"Górowo Iławeckie (1)";100,0;90,3;69,4;
2801032;"Bartoszyce (2)";98,6;42,9;2,6;
2801043;"Bisztynek (3)";90,0;55,2;0,2;
2801052;"Górowo Iławeckie (2)";89,0;33,0;2,3;
2801063;"Sępopol (3)";89,2;38,2;0,0;
2802011;"Braniewo (1)";99,9;98,1;0,0;
2802022;"Braniewo (2)";89,5;47,5;0,0;
2802033;"Frombork (3)";99,6;70,7;0,0;
2802042;"Lelkowo (2)";87,5;36,1;0,0;
2802053;"Pieniężno (3)";74,3;53,8;0,0;
2802062;"Płoskinia (2)";83,0;30,7;0,0;
2802072;"Wilczęta (2)";89,9;44,8;0,0;
2803011;"Działdowo (1)";99,0;96,8;93,8;
2803022;"Działdowo (2)";82,8;39,0;10,5;
2803032;"Iłowo-Osada (2)";100,0;75,9;28,7;
2803043;"Lidzbark (3)";89,9;52,4;52,4;
2803052;"Płośnica (2)";92,1;34,5;11,0;
2803062;"Rybno (2)";91,3;55,2;0,8;
2804012;"Elbląg (2)";92,3;27,9;20,4;
2804022;"Godkowo (2)";93,8;23,9;0,0;
2804032;"Gronowo Elbląskie (2)";99,7;19,4;0,0;
2804042;"Markusy (2)";96,9;3,9;0,0;
2804052;"Milejewo (2)";84,8;18,0;0,0;
2804063;"Młynary (3)";96,8;37,1;0,0;
2804073;"Pasłęk (3)";93,1;74,6;0,0;
2804082;"Rychliki (2)";91,5;26,0;0,0;
2804093;"Tolkmicko (3)";96,3;91,2;0,0;
2805011;"Ełk (1)";98,6;94,4;67,8;
2805022;"Ełk (2)";83,3;58,7;0,0;
2805032;"Kalinowo (2)";86,3;58,9;0,4;
2805042;"Prostki (2)";94,9;31,5;0,0;
2805052;"Stare Juchy (2)";82,8;35,4;0,0;
2806011;"Giżycko (1)";97,7;95,7;85,8;
2806042;"Giżycko (2)";99,9;74,2;49,3;
2806052;"Kruklanki (2)";96,6;65,6;0,0;
2806062;"Miłki (2)";83,9;51,1;0,0;
2806083;"Ryn (3)";98,3;95,0;70,4;
2806102;"Wydminy (2)";78,9;37,8;0,0;
2807011;"Iława (1)";96,8;93,5;75,6;
2807021;"Lubawa (1)";99,5;96,7;0,8;
2807032;"Iława (2)";98,5;80,0;5,3;
2807043;"Kisielice (3)";99,0;42,8;0,0;
2807052;"Lubawa (2)";100,0;32,1;0,0;
2807063;"Susz (3)";96,0;76,1;34,3;
2807073;"Zalewo (3)";80,9;39,2;0,0;
2808011;"Kętrzyn (1)";99,9;98,4;92,5;
2808022;"Barciany (2)";81,7;45,7;0,5;
2808032;"Kętrzyn (2)";83,8;36,3;5,9;
2808043;"Korsze (3)";99,8;53,1;3,1;
2808053;"Reszel (3)";93,7;66,5;57,0;
2808062;"Srokowo (2)";91,7;61,2;31,9;
2809011;"Lidzbark Warmiński (1)";98,5;91,9;62,4;
2809022;"Kiwity (2)";85,3;8,6;0,0;
2809032;"Lidzbark Warmiński (2)";77,4;8,5;0,4;
2809042;"Lubomino (2)";96,8;38,9;3,8;
2809053;"Orneta (3)";98,1;79,2;0,0;
2810011;"Mrągowo (1)";99,9;99,9;83,9;
2810023;"Mikołajki (3)";98,3;89,3;37,2;
2810032;"Mrągowo (2)";100,0;38,8;1,0;
2810042;"Piecki (2)";97,9;52,6;0,0;
2810052;"Sorkwity (2)";97,4;30,1;0,0;
2811012;"Janowiec Kościelny (2)";98,1;19,5;0,0;
2811022;"Janowo (2)";98,1;72,4;0,0;
2811032;"Kozłowo (2)";76,3;30,5;0,0;
2811043;"Nidzica (3)";92,7;77,1;55,4;
2812011;"Nowe Miasto Lubawskie (1)";89,6;81,7;0,0;
2812022;"Biskupiec (2)";96,8;61,8;0,1;
2812032;"Grodziczno (2)";94,4;0,0;0,0;
2812042;"Kurzętnik (2)";97,3;45,5;0,0;
2812052;"Nowe Miasto Lubawskie (2)";81,9;28,0;0,0;
2813032;"Kowale Oleckie (2)";69,9;39,8;0,0;
2813043;"Olecko (3)";94,5;85,8;55,2;
2813052;"Świętajno (2)";73,3;47,1;0,0;
2813062;"Wieliczki (2)";86,9;17,0;0,0;
2814013;"Barczewo (3)";99,9;58,5;16,1;
2814023;"Biskupiec (3)";89,0;64,8;50,1;
2814033;"Dobre Miasto (3)";93,7;75,0;54,8;
2814042;"Dywity (2)";90,1;58,5;48,7;
2814052;"Gietrzwałd (2)";95,5;87,1;18,9;
2814063;"Jeziorany (3)";79,4;61,0;0,0;
2814072;"Jonkowo (2)";90,6;58,6;10,0;
2814082;"Kolno (2)";93,1;36,3;0,0;
2814093;"Olsztynek (3)";95,5;80,3;51,2;
2814102;"Purda (2)";75,6;42,1;9,3;
2814112;"Stawiguda (2)";99,9;95,7;30,2;
2814122;"Świątki (2)";77,5;33,5;0,0;
2815011;"Ostróda (1)";98,6;94,5;86,3;
2815022;"Dąbrówno (2)";95,2;58,3;0,0;
2815032;"Grunwald (2)";89,7;35,1;0,0;
2815042;"Łukta (2)";86,6;80,5;0,0;
2815052;"Małdyty (2)";94,7;33,7;0,0;
2815063;"Miłakowo (3)";89,0;37,7;12,3;
2815073;"Miłomłyn (3)";93,9;67,7;0,0;
2815083;"Morąg (3)";97,0;77,9;38,6;
2815092;"Ostróda (2)";96,3;64,5;16,3;
2816013;"Biała Piska (3)";83,8;52,1;0,0;
2816023;"Orzysz (3)";76,4;62,8;0,0;
2816033;"Pisz (3)";89,3;76,8;46,6;
2816043;"Ruciane-Nida (3)";92,4;85,6;0,3;
2817011;"Szczytno (1)";100,0;92,1;90,5;
2817022;"Dźwierzuty (2)";83,7;58,7;0,0;
2817032;"Jedwabno (2)";77,4;62,7;0,0;
2817043;"Pasym (3)";86,8;44,1;0,0;
2817052;"Rozogi (2)";97,0;27,2;0,0;
2817062;"Szczytno (2)";90,3;44,5;16,0;
2817072;"Świętajno (2)";96,0;68,3;0,0;
2817082;"Wielbark (2)";90,8;24,9;0,0;
2818012;"Banie Mazurskie (2)";95,4;23,8;0,0;
2818022;"Dubeninki (2)";99,3;47,7;0,0;
2818033;"Gołdap (3)";92,0;75,8;0,3;
2819012;"Budry (2)";92,3;22,1;0,0;
2819022;"Pozezdrze (2)";93,2;50,0;9,3;
2819033;"Węgorzewo (3)";99,8;67,6;57,1;
2861011;"Elbląg (1)";98,7;94,6;85,6;
2862011;"Olsztyn (1)";99,9;100,0;79,1;
3001011;"Chodzież (1)";98,9;94,7;96,9;
3001022;"Budzyń (2)";99,9;65,4;47,6;
3001032;"Chodzież (2)";100,0;73,9;17,6;
3001043;"Margonin (3)";98,5;80,1;55,6;
3001053;"Szamocin (3)";99,9;75,6;27,0;
3002011;"Czarnków (1)";98,4;95,1;95,2;
3002022;"Czarnków (2)";87,4;34,6;0,2;
3002032;"Drawsko (2)";93,8;55,8;0,0;
3002043;"Krzyż Wielkopolski (3)";98,4;68,8;0,0;
3002052;"Lubasz (2)";86,2;52,4;1,3;
3002062;"Połajewo (2)";99,1;42,0;0,0;
3002073;"Trzcianka (3)";93,7;76,7;18,8;
3002083;"Wieleń (3)";80,0;42,0;0,6;
3003011;"Gniezno (1)";98,1;88,5;87,0;
3003023;"Czerniejewo (3)";93,4;75,7;8,7;
3003032;"Gniezno (2)";86,5;27,6;45,1;
3003042;"Kiszkowo (2)";99,9;83,4;13,6;
3003053;"Kłecko (3)";98,8;72,0;1,9;
3003062;"Łubowo (2)";99,9;94,6;67,2;
3003072;"Mieleszyn (2)";99,9;57,8;0,5;
3003082;"Niechanowo (2)";100,0;44,6;13,8;
3003093;"Trzemeszno (3)";96,7;69,8;8,2;
3003103;"Witkowo (3)";99,4;78,8;4,5;
3004013;"Borek Wielkopolski (3)";99,8;52,5;50,8;
3004023;"Gostyń (3)";99,9;92,4;75,1;
3004033;"Krobia (3)";94,5;58,0;71,9;
3004042;"Pępowo (2)";95,6;44,9;50,5;
3004052;"Piaski (2)";97,2;55,1;64,4;
3004063;"Pogorzela (3)";96,5;47,4;35,8;
3004073;"Poniec (3)";98,3;55,9;39,5;
3005012;"Granowo (2)";99,5;77,1;71,4;
3005023;"Grodzisk Wielkopolski (3)";93,1;75,0;69,1;
3005032;"Kamieniec (2)";99,7;36,3;59,4;
3005043;"Rakoniewice (3)";100,0;43,9;59,5;
3005053;"Wielichowo (3)";83,8;30,0;40,6;
3006013;"Jaraczewo (3)";100,0;34,6;16,6;
3006023;"Jarocin (3)";98,6;91,7;55,8;
3006032;"Kotlin (2)";94,8;68,5;16,9;
3006043;"Żerków (3)";91,5;64,6;29,3;
3007012;"Blizanów (2)";98,8;39,3;21,1;
3007022;"Brzeziny (2)";99,5;29,3;0,0;
3007032;"Ceków-Kolonia (2)";98,6;50,2;11,8;
3007042;"Godziesze Wielkie (2)";90,1;26,8;3,7;
3007052;"Koźminek (2)";99,9;31,7;1,9;
3007062;"Lisków (2)";92,5;28,1;12,7;
3007072;"Mycielin (2)";97,3;11,3;0,0;
3007083;"Opatówek (3)";90,4;42,5;50,1;
3007093;"Stawiszyn (3)";94,2;48,8;0,0;
3007102;"Szczytniki (2)";85,4;14,9;0,1;
3007112;"Żelazków (2)";100,0;49,3;18,3;
3008012;"Baranów (2)";96,9;69,1;19,4;
3008022;"Bralin (2)";97,5;62,1;0,3;
3008033;"Kępno (3)";97,3;81,7;49,2;
3008042;"Łęka Opatowska (2)";97,9;42,2;0,0;
3008052;"Perzów (2)";94,6;52,6;0,0;
3008062;"Rychtal (2)";94,9;72,6;0,0;
3008072;"Trzcinica (2)";99,2;48,5;1,2;
3009011;"Koło (1)";96,5;88,2;9,0;
3009022;"Babiak (2)";95,1;42,2;7,1;
3009032;"Chodów (2)";94,1;13,6;0,0;
3009043;"Dąbie (3)";84,4;24,8;0,0;
3009052;"Grzegorzew (2)";89,9;30,1;0,0;
3009063;"Kłodawa (3)";90,3;43,8;0,0;
3009072;"Koło (2)";97,3;18,6;2,1;
3009082;"Kościelec (2)";95,5;20,8;3,8;
3009092;"Olszówka (2)";90,4;21,5;0,0;
3009102;"Osiek Mały (2)";99,9;46,5;3,2;
3009113;"Przedecz (3)";87,7;34,5;0,0;
3010013;"Golina (3)";99,1;37,1;7,3;
3010022;"Grodziec (2)";99,0;12,5;0,0;
3010032;"Kazimierz Biskupi (2)";98,4;70,3;8,8;
3010043;"Kleczew (3)";100,0;68,8;5,8;
3010052;"Kramsk (2)";97,1;15,5;1,1;
3010062;"Krzymów (2)";98,0;24,1;0,2;
3010073;"Rychwał (3)";92,8;24,3;0,0;
3010082;"Rzgów (2)";99,4;34,9;0,0;
3010092;"Skulsk (2)";89,9;27,2;0,0;
3010103;"Sompolno (3)";99,9;40,5;0,0;
3010112;"Stare Miasto (2)";92,1;32,8;27,3;
3010123;"Ślesin (3)";97,1;67,1;0,0;
3010132;"Wierzbinek (2)";98,4;4,4;0,0;
3010142;"Wilczyn (2)";97,8;60,5;0,0;
3011011;"Kościan (1)";99,9;95,3;96,0;
3011023;"Czempiń (3)";100,0;74,4;18,9;
3011032;"Kościan (2)";99,9;71,7;59,8;
3011043;"Krzywiń (3)";98,8;36,0;3,2;
3011053;"Śmigiel (3)";92,6;72,7;38,0;
3012011;"Sulmierzyce (1)";82,5;77,8;63,6;
3012023;"Kobylin (3)";92,3;37,8;25,2;
3012033;"Koźmin Wielkopolski (3)";97,3;37,4;42,8;
3012043;"Krotoszyn (3)";99,2;69,3;58,1;
3012052;"Rozdrażew (2)";99,9;68,6;0,0;
3012063;"Zduny (3)";97,2;46,8;69,3;
3013012;"Krzemieniewo (2)";96,3;73,0;54,1;
3013022;"Lipno (2)";96,3;51,9;24,5;
3013033;"Osieczna (3)";92,6;63,7;13,4;
3013043;"Rydzyna (3)";95,3;52,1;51,8;
3013052;"Święciechowa (2)";97,5;63,8;19,3;
3013062;"Wijewo (2)";88,5;47,6;0,0;
3013072;"Włoszakowice (2)";93,9;56,0;6,7;
3014012;"Chrzypsko Wielkie (2)";96,0;27,2;0,0;
3014022;"Kwilcz (2)";89,2;57,3;8,3;
3014033;"Międzychód (3)";92,1;73,5;61,6;
3014043;"Sieraków (3)";96,0;71,5;8,6;
3015012;"Kuślin (2)";99,9;21,6;19,0;
3015023;"Lwówek (3)";95,2;56,0;28,4;
3015032;"Miedzichowo (2)";74,9;44,1;2,3;
3015043;"Nowy Tomyśl (3)";97,4;74,3;67,1;
3015053;"Opalenica (3)";95,9;58,3;61,8;
3015063;"Zbąszyń (3)";79,8;57,9;77,9;
3016013;"Oborniki (3)";93,0;80,6;58,5;
3016023;"Rogoźno (3)";96,5;63,3;61,1;
3016032;"Ryczywół (2)";91,8;44,5;0,0;
3017011;"Ostrów Wielkopolski (1)";98,5;92,0;73,2;
3017023;"Nowe Skalmierzyce (3)";97,1;57,1;22,2;
3017033;"Odolanów (3)";99,9;43,4;63,5;
3017042;"Ostrów Wielkopolski (2)";97,6;54,2;13,6;
3017052;"Przygodzice (2)";95,7;36,7;41,8;
3017063;"Raszków (3)";99,7;41,6;7,6;
3017072;"Sieroszewice (2)";99,1;28,1;0,0;
3017082;"Sośnie (2)";89,2;11,8;11,1;
3018012;"Czajków (2)";90,8;0,0;0,0;
3018022;"Doruchów (2)";97,1;38,8;8,9;
3018033;"Grabów nad Prosną (3)";97,4;43,2;18,3;
3018042;"Kobyla Góra (2)";89,7;51,4;10,4;
3018052;"Kraszewice (2)";98,8;53,7;0,1;
3018063;"Mikstat (3)";94,8;88,5;21,0;
3018073;"Ostrzeszów (3)";99,3;64,0;48,7;
3019011;"Piła (1)";97,6;95,4;85,0;
3019022;"Białośliwie (2)";94,3;57,8;14,6;
3019032;"Kaczory (2)";97,1;89,7;39,4;
3019043;"Łobżenica (3)";92,8;51,4;24,9;
3019052;"Miasteczko Krajeńskie (2)";98,6;71,0;25,5;
3019062;"Szydłowo (2)";89,3;58,3;15,0;
3019073;"Ujście (3)";90,2;76,2;34,7;
3019083;"Wyrzysk (3)";98,4;76,5;5,9;
3019093;"Wysoka (3)";92,2;57,6;34,6;
3020013;"Chocz (3)";99,9;19,3;0,0;
3020022;"Czermin (2)";99,9;11,5;0,0;
3020033;"Dobrzyca (3)";98,9;46,3;9,1;
3020042;"Gizałki (2)";88,2;35,1;0,0;
3020052;"Gołuchów (2)";97,0;54,4;27,3;
3020063;"Pleszew (3)";93,1;67,9;9,8;
3021011;"Luboń (1)";93,6;81,8;88,8;
3021021;"Puszczykowo (1)";87,2;86,7;69,7;
3021033;"Buk (3)";95,9;60,7;53,0;
3021042;"Czerwonak (2)";96,5;76,8;62,9;
3021052;"Dopiewo (2)";99,4;89,4;86,7;
3021062;"Kleszczewo (2)";97,3;60,3;72,7;
3021072;"Komorniki (2)";96,6;80,4;99,5;
3021083;"Kostrzyn (3)";100,0;82,6;54,8;
3021093;"Kórnik (3)";94,8;55,6;86,9;
3021103;"Mosina (3)";90,6;74,2;50,2;
3021113;"Murowana Goślina (3)";98,1;71,6;52,2;
3021123;"Pobiedziska (3)";94,0;49,6;69,8;
3021132;"Rokietnica (2)";98,0;72,1;80,4;
3021143;"Stęszew (3)";98,5;82,0;63,6;
3021152;"Suchy Las (2)";94,9;70,8;75,3;
3021163;"Swarzędz (3)";96,4;89,7;77,1;
3021172;"Tarnowo Podgórne (2)";99,9;99,9;89,9;
3022013;"Bojanowo (3)";94,4;83,1;38,5;
3022023;"Jutrosin (3)";93,8;42,6;35,9;
3022033;"Miejska Górka (3)";100,0;55,2;41,4;
3022042;"Pakosław (2)";96,2;66,0;43,5;
3022053;"Rawicz (3)";97,2;73,6;63,6;
3023011;"Słupca (1)";98,1;90,8;5,7;
3023022;"Lądek (2)";96,5;31,2;0,0;
3023032;"Orchowo (2)";92,5;48,0;0,0;
3023042;"Ostrowite (2)";99,9;44,7;0,1;
3023052;"Powidz (2)";92,8;86,4;0,0;
3023062;"Słupca (2)";99,9;41,5;0,1;
3023072;"Strzałkowo (2)";92,8;52,8;6,3;
3023083;"Zagórów (3)";90,2;34,0;0,0;
3024011;"Obrzycko (1)";100,0;96,2;0,0;
3024022;"Duszniki (2)";92,3;60,9;41,6;
3024032;"Kaźmierz (2)";100,0;47,0;52,6;
3024042;"Obrzycko (2)";90,4;69,7;1,0;
3024053;"Ostroróg (3)";93,6;35,0;0,0;
3024063;"Pniewy (3)";92,6;66,9;46,6;
3024073;"Szamotuły (3)";99,9;88,9;22,7;
3024083;"Wronki (3)";98,6;61,7;16,2;
3025012;"Dominowo (2)";93,5;64,2;0,6;
3025022;"Krzykosy (2)";91,5;16,9;2,5;
3025032;"Nowe Miasto nad Wartą (2)";94,1;54,3;34,4;
3025043;"Środa Wielkopolska (3)";100,0;81,3;72,2;
3025052;"Zaniemyśl (2)";90,8;71,9;57,3;
3026012;"Brodnica (2)";99,9;64,4;7,0;
3026023;"Dolsk (3)";99,3;41,4;7,2;
3026033;"Książ Wielkopolski (3)";98,0;33,1;20,3;
3026043;"Śrem (3)";99,3;91,5;79,2;
3027011;"Turek (1)";99,9;95,8;16,1;
3027022;"Brudzew (2)";99,9;31,4;0,0;
3027033;"Dobra (3)";99,7;20,2;0,0;
3027042;"Kawęczyn (2)";92,6;23,2;0,0;
3027052;"Malanów (2)";98,8;21,5;0,0;
3027062;"Przykona (2)";100,0;75,1;0,0;
3027073;"Tuliszków (3)";92,2;26,7;0,0;
3027082;"Turek (2)";100,0;11,0;0,5;
3027092;"Władysławów (2)";99,9;27,0;0,0;
3028011;"Wągrowiec (1)";99,4;93,8;78,5;
3028022;"Damasławek (2)";99,3;64,9;0,0;
3028033;"Gołańcz (3)";95,2;42,9;3,0;
3028042;"Mieścisko (2)";97,2;49,5;0,9;
3028053;"Skoki (3)";90,6;64,9;10,3;
3028062;"Wapno (2)";97,1;66,8;0,0;
3028072;"Wągrowiec (2)";94,4;31,5;2,0;
3029012;"Przemęt (2)";79,7;61,1;0,3;
3029022;"Siedlec (2)";98,8;51,3;73,1;
3029033;"Wolsztyn (3)";94,6;94,0;74,3;
3030012;"Kołaczkowo (2)";99,9;33,1;0,0;
3030023;"Miłosław (3)";99,9;58,9;3,5;
3030033;"Nekla (3)";97,6;40,3;25,9;
3030043;"Pyzdry (3)";99,9;45,2;0,0;
3030053;"Września (3)";97,5;65,9;36,8;
3031011;"Złotów (1)";99,9;96,1;14,2;
3031023;"Jastrowie (3)";90,3;58,8;18,6;
3031033;"Krajenka (3)";84,2;84,0;35,2;
3031042;"Lipka (2)";90,2;39,6;0,1;
3031053;"Okonek (3)";72,1;61,7;16,0;
3031062;"Tarnówka (2)";88,2;72,0;0,0;
3031072;"Zakrzewo (2)";93,6;66,1;0,1;
3031082;"Złotów (2)";92,3;57,2;0,8;
3061011;"Kalisz (1)";97,5;90,0;70,0;
3062011;"Konin (1)";97,5;93,1;33,0;
3063011;"Leszno (1)";98,5;98,0;86,5;
3064011;"Poznań (1)";98,4;95,0;77,6;
3201011;"Białogard (1)";96,1;88,7;33,5;
3201022;"Białogard (2)";92,9;73,1;2,4;
3201033;"Karlino (3)";97,1;90,7;27,1;
3201043;"Tychowo (3)";93,1;69,9;0,0;
3202012;"Bierzwnik (2)";91,2;62,1;0,0;
3202023;"Choszczno (3)";92,3;82,2;68,2;
3202033;"Drawno (3)";90,0;63,5;22,4;
3202042;"Krzęcin (2)";92,1;55,5;37,8;
3202053;"Pełczyce (3)";95,1;92,7;32,1;
3202063;"Recz (3)";90,0;75,5;45,2;
3203013;"Czaplinek (3)";93,3;57,7;53,5;
3203023;"Drawsko Pomorskie (3)";91,8;77,6;69,2;
3203033;"Kalisz Pomorski (3)";94,8;65,8;24,9;
3203042;"Ostrowice (2)";99,9;76,2;0,0;
3203052;"Wierzchowo (2)";95,0;58,8;6,3;
3203063;"Złocieniec (3)";99,8;93,1;71,0;
3204023;"Goleniów (3)";94,5;85,2;59,8;
3204033;"Maszewo (3)";89,3;51,1;29,0;
3204043;"Nowogard (3)";96,1;68,6;67,3;
3204052;"Osina (2)";95,4;56,6;62,7;
3204062;"Przybiernów (2)";80,5;31,5;19,5;
3204073;"Stepnica (3)";98,1;96,4;56,8;
3205012;"Brojce (2)";96,5;35,7;0,0;
3205023;"Gryfice (3)";92,6;69,9;67,9;
3205032;"Karnice (2)";94,7;60,9;3,1;
3205043;"Płoty (3)";83,9;48,8;39,5;
3205072;"Rewal (2)";96,1;99,7;75,6;
3205083;"Trzebiatów (3)";97,1;72,0;75,3;
3206012;"Banie (2)";91,4;43,6;0,0;
3206023;"Cedynia (3)";99,1;37,8;0,0;
3206033;"Chojna (3)";96,3;58,1;1,5;
3206043;"Gryfino (3)";90,7;82,7;66,0;
3206053;"Mieszkowice (3)";95,0;75,7;31,9;
3206063;"Moryń (3)";98,6;54,3;0,0;
3206072;"Stare Czarnowo (2)";92,7;72,5;37,9;
3206083;"Trzcińsko-Zdrój (3)";96,4;94,0;0,0;
3206092;"Widuchowa (2)";99,9;33,0;0,0;
3207013;"Dziwnów (3)";81,8;94,5;26,0;
3207023;"Golczewo (3)";97,9;52,6;8,9;
3207033;"Kamień Pomorski (3)";95,6;77,2;38,7;
3207043;"Międzyzdroje (3)";95,6;91,8;44,9;
3207052;"Świerzno (2)";95,8;74,9;23,8;
3207063;"Wolin (3)";93,3;50,2;20,7;
3208011;"Kołobrzeg (1)";100,0;99,0;71,4;
3208022;"Dygowo (2)";94,5;77,7;54,8;
3208033;"Gościno (3)";93,0;78,8;25,8;
3208042;"Kołobrzeg (2)";98,6;93,2;65,0;
3208052;"Rymań (2)";72,8;48,6;22,2;
3208062;"Siemyśl (2)";89,8;76,4;28,4;
3208072;"Ustronie Morskie (2)";92,2;87,9;53,7;
3209012;"Będzino (2)";94,3;41,9;30,6;
3209022;"Biesiekierz (2)";93,1;74,5;67,9;
3209033;"Bobolice (3)";99,6;91,9;7,3;
3209042;"Manowo (2)";99,1;57,6;27,3;
3209053;"Mielno (3)";98,7;99,9;46,5;
3209063;"Polanów (3)";93,4;55,9;0,0;
3209073;"Sianów (3)";91,9;55,3;18,1;
3209082;"Świeszyno (2)";98,9;76,0;50,0;
3210013;"Barlinek (3)";99,0;91,2;71,4;
3210022;"Boleszkowice (2)";89,5;49,6;0,0;
3210033;"Dębno (3)";97,8;77,9;65,5;
3210043;"Myślibórz (3)";98,7;67,1;9,8;
3210052;"Nowogródek Pomorski (2)";89,8;32,6;0,0;
3211012;"Dobra (Szczecińska) (2)";98,3;86,7;84,9;
3211022;"Kołbaskowo (2)";100,0;97,6;46,2;
3211033;"Nowe Warpno (3)";99,9;65,5;0,0;
3211043;"Police (3)";100,0;93,8;82,1;
3212012;"Bielice (2)";95,0;42,8;0,0;
3212022;"Kozielice (2)";99,9;52,1;0,4;
3212033;"Lipiany (3)";97,3;81,3;13,2;
3212042;"Przelewice (2)";97,4;74,0;36,4;
3212053;"Pyrzyce (3)";92,6;73,0;74,3;
3212062;"Warnice (2)";99,9;55,2;11,3;
3213011;"Darłowo (1)";98,0;88,6;89,0;
3213021;"Sławno (1)";98,3;94,6;87,1;
3213032;"Darłowo (2)";90,1;29,6;2,1;
3213042;"Malechowo (2)";86,1;39,3;4,0;
3213052;"Postomino (2)";99,9;42,6;0,2;
3213062;"Sławno (2)";96,3;41,2;0,0;
3214011;"Stargard (1)";98,2;96,0;90,4;
3214023;"Chociwel (3)";99,9;49,5;0,0;
3214033;"Dobrzany (3)";93,8;54,5;0,0;
3214042;"Dolice (2)";97,8;97,8;45,3;
3214053;"Ińsko (3)";93,4;62,5;7,0;
3214062;"Kobylanka (2)";100,0;60,6;61,5;
3214082;"Marianowo (2)";92,5;39,6;0,0;
3214092;"Stara Dąbrowa (2)";99,9;42,9;0,1;
3214102;"Stargard (2)";94,1;59,9;16,1;
3214113;"Suchań (3)";90,1;86,9;0,0;
3215011;"Szczecinek (1)";99,0;96,8;89,3;
3215023;"Barwice (3)";98,7;67,2;16,3;
3215033;"Biały Bór (3)";94,8;66,6;4,1;
3215043;"Borne Sulinowo (3)";95,6;85,4;3,7;
3215052;"Grzmiąca (2)";100,0;62,9;0,0;
3215062;"Szczecinek (2)";99,3;64,2;5,4;
3216011;"Świdwin (1)";95,7;85,3;77,5;
3216022;"Brzeżno (2)";81,3;56,9;32,9;
3216033;"Połczyn-Zdrój (3)";96,4;94,8;15,2;
3216042;"Rąbino (2)";99,9;87,2;6,3;
3216052;"Sławoborze (2)";96,7;91,7;20,1;
3216062;"Świdwin (2)";85,4;45,8;13,0;
3217011;"Wałcz (1)";99,2;97,1;87,8;
3217023;"Człopa (3)";98,2;63,3;0,0;
3217033;"Mirosławiec (3)";94,8;72,1;54,1;
3217043;"Tuczno (3)";99,9;61,8;0,0;
3217052;"Wałcz (2)";93,1;45,2;2,7;
3218013;"Dobra (3)";93,3;68,5;0,0;
3218023;"Łobez (3)";98,9;78,3;52,7;
3218032;"Radowo Małe (2)";98,1;65,8;0,0;
3218043;"Resko (3)";95,9;68,6;30,3;
3218053;"Węgorzyno (3)";93,8;35,8;4,8;
3261011;"Koszalin (1)";100,0;94,4;87,5;
3262011;"Szczecin (1)";95,8;86,3;85,0;
3263011;"Świnoujście (1)";100,0;94,4;70,1;
